filename,label
44_face0.jpg,44
44_face1.jpg,44
44_face2.jpg,44
44_face3.jpg,44
44_face4.jpg,44
38_face0.jpg,38
537_face0.jpg,537
537_face1.jpg,537
532_face0.jpg,532
532_face1.jpg,532
523_face0.jpg,523
523_face1.jpg,523
461_face0.jpg,461
461_face1.jpg,461
461_face2.jpg,461
461_face3.jpg,461
458_face0.jpg,458
439_face0.jpg,439
439_face1.jpg,439
439_face2.jpg,439
439_face3.jpg,439
439_face4.jpg,439
439_face5.jpg,439
439_face6.jpg,439
430_face0.jpg,430
430_face1.jpg,430
407_face0.jpg,407
406_face0.jpg,406
406_face1.jpg,406
38_face0.jpg,38
378_face0.jpg,378
374_face0.jpg,374
374_face1.jpg,374
362_face0.jpg,362
358_face0.jpg,358
358_face1.jpg,358
348_face0.jpg,348
348_face1.jpg,348
343_face0.jpg,343
343_face1.jpg,343
335_face0.jpg,335
333_face0.jpg,333
333_face1.jpg,333
320_face0.jpg,320
320_face1.jpg,320
318_face0.jpg,318
296_face0.jpg,296
291_face0.jpg,291
291_face1.jpg,291
29_face0.jpg,29
286_face0.jpg,286
270_face0.jpg,270
270_face1.jpg,270
269_face0.jpg,269
263_face0.jpg,263
255_face0.jpg,255
255_face1.jpg,255
22_face0.jpg,22
219_face0.jpg,219
219_face1.jpg,219
21_face0.jpg,21
192_face0.jpg,192
156_face0.jpg,156
156_face1.jpg,156
119_face0.jpg,119
1017_face0.jpg,1017
1009_face0.jpg,1009
1009_face1.jpg,1009
1008_face0.jpg,1008
10_face0.jpg,10
10_face1.jpg,10
10_face2.jpg,10
10_face3.jpg,10
10_face4.jpg,10
1_face0.jpg,1
979_face0.jpg,979
956_face0.jpg,956
956_face1.jpg,956
956_face2.jpg,956
956_face3.jpg,956
876_face0.jpg,876
871_face0.jpg,871
855_face0.jpg,855
851_face0.jpg,851
851_face1.jpg,851
851_face2.jpg,851
846_face0.jpg,846
846_face1.jpg,846
846_face2.jpg,846
781_face0.jpg,781
778_face0.jpg,778
742_face0.jpg,742
742_face1.jpg,742
741_face0.jpg,741
725_face0.jpg,725
720_face0.jpg,720
716_face0.jpg,716
716_face1.jpg,716
703_face0.jpg,703
67_face0.jpg,67
67_face1.jpg,67
651_face0.jpg,651
640_face0.jpg,640
632_face0.jpg,632
617_face0.jpg,617
617_face1.jpg,617
609_face0.jpg,609
609_face1.jpg,609
572_face0.jpg,572
567_face0.jpg,567
555_face0.jpg,555
554_face0.jpg,554
551_face0.jpg,551
546_face0.jpg,546
528_face0.jpg,528
526_face0.jpg,526
523_face0.jpg,523
523_face1.jpg,523
520_face0.jpg,520
509_face0.jpg,509
509_face1.jpg,509
509_face2.jpg,509
458_face0.jpg,458
456_face0.jpg,456
456_face1.jpg,456
453_face0.jpg,453
407_face0.jpg,407
407_face1.jpg,407
398_face0.jpg,398
383_face0.jpg,383
284_face0.jpg,284
284_face1.jpg,284
284_face2.jpg,284
284_face3.jpg,284
283_face0.jpg,283
283_face1.jpg,283
283_face2.jpg,283
255_face0.jpg,255
255_face1.jpg,255
255_face2.jpg,255
242_face0.jpg,242
242_face1.jpg,242
242_face2.jpg,242
242_face3.jpg,242
242_face4.jpg,242
242_face5.jpg,242
242_face6.jpg,242
242_face7.jpg,242
242_face8.jpg,242
242_face9.jpg,242
224_face0.jpg,224
2_face0.jpg,2
198_face0.jpg,198
187_face0.jpg,187
179_face0.jpg,179
179_face1.jpg,179
172_face0.jpg,172
172_face1.jpg,172
168_face0.jpg,168
168_face1.jpg,168
165_face0.jpg,165
1471_face0.jpg,1471
1470_face0.jpg,1470
1458_face0.jpg,1458
1456_face0.jpg,1456
1450_face0.jpg,1450
1450_face1.jpg,1450
1450_face2.jpg,1450
145_face0.jpg,145
1412_face0.jpg,1412
1412_face1.jpg,1412
1403_face0.jpg,1403
1403_face1.jpg,1403
1403_face2.jpg,1403
140_face0.jpg,140
14_face0.jpg,14
1377_face0.jpg,1377
1377_face1.jpg,1377
1377_face2.jpg,1377
1353_face0.jpg,1353
1348_face0.jpg,1348
1325_face0.jpg,1325
1324_face0.jpg,1324
1324_face1.jpg,1324
1295_face0.jpg,1295
1287_face0.jpg,1287
1287_face1.jpg,1287
1287_face2.jpg,1287
1287_face3.jpg,1287
1287_face4.jpg,1287
1287_face5.jpg,1287
1287_face6.jpg,1287
1279_face0.jpg,1279
1269_face0.jpg,1269
1269_face1.jpg,1269
1258_face0.jpg,1258
1258_face1.jpg,1258
1258_face2.jpg,1258
1258_face3.jpg,1258
1258_face4.jpg,1258
1258_face5.jpg,1258
1258_face6.jpg,1258
1258_face7.jpg,1258
1258_face8.jpg,1258
1258_face9.jpg,1258
1252_face0.jpg,1252
1233_face0.jpg,1233
1231_face0.jpg,1231
1231_face1.jpg,1231
1212_face0.jpg,1212
1192_face0.jpg,1192
1172_face0.jpg,1172
1171_face0.jpg,1171
1170_face0.jpg,1170
1152_face0.jpg,1152
1146_face0.jpg,1146
1126_face0.jpg,1126
1126_face1.jpg,1126
1119_face0.jpg,1119
1116_face0.jpg,1116
1104_face0.jpg,1104
1101_face0.jpg,1101
1093_face0.jpg,1093
1075_face0.jpg,1075
1073_face0.jpg,1073
1073_face1.jpg,1073
1073_face2.jpg,1073
1072_face0.jpg,1072
1059_face0.jpg,1059
1059_face1.jpg,1059
1059_face2.jpg,1059
1059_face3.jpg,1059
1059_face4.jpg,1059
1056_face0.jpg,1056
1053_face0.jpg,1053
1053_face1.jpg,1053
1053_face2.jpg,1053
1053_face3.jpg,1053
1053_face4.jpg,1053
1053_face5.jpg,1053
1053_face6.jpg,1053
1053_face7.jpg,1053
1053_face8.jpg,1053
1053_face9.jpg,1053
1053_face10.jpg,1053
1053_face11.jpg,1053
1044_face0.jpg,1044
1020_face0.jpg,1020
1001_face0.jpg,1001
1_face0.jpg,1
994_face0.jpg,994
994_face1.jpg,994
975_face0.jpg,975
941_face0.jpg,941
923_face0.jpg,923
923_face1.jpg,923
917_face0.jpg,917
917_face1.jpg,917
917_face2.jpg,917
917_face3.jpg,917
911_face0.jpg,911
911_face1.jpg,911
911_face2.jpg,911
911_face3.jpg,911
906_face0.jpg,906
904_face0.jpg,904
904_face1.jpg,904
904_face2.jpg,904
900_face0.jpg,900
897_face0.jpg,897
875_face0.jpg,875
871_face0.jpg,871
856_face0.jpg,856
852_face0.jpg,852
852_face1.jpg,852
840_face0.jpg,840
821_face0.jpg,821
804_face0.jpg,804
785_face0.jpg,785
782_face0.jpg,782
776_face0.jpg,776
771_face0.jpg,771
72_face0.jpg,72
706_face0.jpg,706
683_face0.jpg,683
647_face0.jpg,647
647_face1.jpg,647
647_face2.jpg,647
647_face3.jpg,647
61_face0.jpg,61
61_face1.jpg,61
565_face0.jpg,565
565_face1.jpg,565
565_face2.jpg,565
565_face3.jpg,565
565_face4.jpg,565
534_face0.jpg,534
534_face1.jpg,534
534_face2.jpg,534
534_face3.jpg,534
53_face0.jpg,53
483_face0.jpg,483
451_face0.jpg,451
268_face0.jpg,268
25_face0.jpg,25
25_face1.jpg,25
242_face0.jpg,242
234_face0.jpg,234
234_face1.jpg,234
234_face2.jpg,234
234_face3.jpg,234
1545_face0.jpg,1545
1525_face0.jpg,1525
1525_face1.jpg,1525
1525_face2.jpg,1525
151_face0.jpg,151
1502_face0.jpg,1502
15_face0.jpg,15
1498_face0.jpg,1498
1495_face0.jpg,1495
1495_face1.jpg,1495
1474_face0.jpg,1474
1427_face0.jpg,1427
1399_face0.jpg,1399
1399_face1.jpg,1399
1378_face0.jpg,1378
1374_face0.jpg,1374
1362_face0.jpg,1362
1362_face1.jpg,1362
1319_face0.jpg,1319
13_face0.jpg,13
1274_face0.jpg,1274
1254_face0.jpg,1254
1254_face1.jpg,1254
1254_face2.jpg,1254
1238_face0.jpg,1238
1230_face0.jpg,1230
1221_face0.jpg,1221
1221_face1.jpg,1221
1220_face0.jpg,1220
1213_face0.jpg,1213
1211_face0.jpg,1211
1203_face0.jpg,1203
1183_face0.jpg,1183
1160_face0.jpg,1160
1159_face0.jpg,1159
1158_face0.jpg,1158
115_face0.jpg,115
115_face1.jpg,115
115_face2.jpg,115
115_face3.jpg,115
115_face4.jpg,115
1133_face0.jpg,1133
1129_face0.jpg,1129
1129_face1.jpg,1129
110_face0.jpg,110
110_face1.jpg,110
110_face2.jpg,110
110_face3.jpg,110
1082_face0.jpg,1082
1070_face0.jpg,1070
1065_face0.jpg,1065
1027_face0.jpg,1027
999_face0.jpg,999
980_face0.jpg,980
977_face0.jpg,977
974_face0.jpg,974
974_face1.jpg,974
972_face0.jpg,972
972_face1.jpg,972
972_face2.jpg,972
962_face0.jpg,962
962_face1.jpg,962
962_face2.jpg,962
96_face0.jpg,96
96_face1.jpg,96
96_face2.jpg,96
96_face3.jpg,96
954_face0.jpg,954
948_face0.jpg,948
948_face1.jpg,948
933_face0.jpg,933
923_face0.jpg,923
919_face0.jpg,919
904_face0.jpg,904
901_face0.jpg,901
865_face0.jpg,865
859_face0.jpg,859
854_face0.jpg,854
836_face0.jpg,836
822_face0.jpg,822
799_face0.jpg,799
767_face0.jpg,767
748_face0.jpg,748
748_face1.jpg,748
748_face2.jpg,748
736_face0.jpg,736
736_face1.jpg,736
725_face0.jpg,725
725_face1.jpg,725
725_face2.jpg,725
721_face0.jpg,721
708_face0.jpg,708
708_face1.jpg,708
703_face0.jpg,703
672_face0.jpg,672
665_face0.jpg,665
637_face0.jpg,637
623_face0.jpg,623
623_face1.jpg,623
623_face2.jpg,623
580_face0.jpg,580
551_face0.jpg,551
538_face0.jpg,538
538_face1.jpg,538
531_face0.jpg,531
531_face1.jpg,531
520_face0.jpg,520
515_face0.jpg,515
474_face0.jpg,474
474_face1.jpg,474
470_face0.jpg,470
469_face0.jpg,469
460_face0.jpg,460
460_face1.jpg,460
440_face0.jpg,440
439_face0.jpg,439
405_face0.jpg,405
405_face1.jpg,405
40_face0.jpg,40
386_face0.jpg,386
375_face0.jpg,375
297_face0.jpg,297
297_face1.jpg,297
245_face0.jpg,245
239_face0.jpg,239
215_face0.jpg,215
214_face0.jpg,214
205_face0.jpg,205
187_face0.jpg,187
180_face0.jpg,180
180_face1.jpg,180
157_face0.jpg,157
1466_face0.jpg,1466
1459_face0.jpg,1459
1408_face0.jpg,1408
1404_face0.jpg,1404
1387_face0.jpg,1387
1387_face1.jpg,1387
1387_face2.jpg,1387
1377_face0.jpg,1377
1377_face1.jpg,1377
1377_face2.jpg,1377
1356_face0.jpg,1356
1356_face1.jpg,1356
1356_face2.jpg,1356
1348_face0.jpg,1348
1341_face0.jpg,1341
1341_face1.jpg,1341
1335_face0.jpg,1335
1335_face1.jpg,1335
1322_face0.jpg,1322
1316_face0.jpg,1316
1316_face1.jpg,1316
1315_face0.jpg,1315
1315_face1.jpg,1315
1313_face0.jpg,1313
1313_face1.jpg,1313
1313_face2.jpg,1313
1312_face0.jpg,1312
1312_face1.jpg,1312
1304_face0.jpg,1304
1295_face0.jpg,1295
1286_face0.jpg,1286
1281_face0.jpg,1281
1281_face1.jpg,1281
128_face0.jpg,128
1270_face0.jpg,1270
1256_face0.jpg,1256
1256_face1.jpg,1256
1256_face2.jpg,1256
1253_face0.jpg,1253
1226_face0.jpg,1226
1223_face0.jpg,1223
1223_face1.jpg,1223
1207_face0.jpg,1207
1171_face0.jpg,1171
1135_face0.jpg,1135
1135_face1.jpg,1135
1135_face2.jpg,1135
1120_face0.jpg,1120
1120_face1.jpg,1120
1120_face2.jpg,1120
1120_face3.jpg,1120
1118_face0.jpg,1118
1112_face0.jpg,1112
1089_face0.jpg,1089
1076_face0.jpg,1076
1075_face0.jpg,1075
1068_face0.jpg,1068
1056_face0.jpg,1056
1056_face1.jpg,1056
1054_face0.jpg,1054
1050_face0.jpg,1050
1038_face0.jpg,1038
1035_face0.jpg,1035
1033_face0.jpg,1033
1016_face0.jpg,1016
1013_face0.jpg,1013
1012_face0.jpg,1012
1011_face0.jpg,1011
1010_face0.jpg,1010
1000_face0.jpg,1000
1000_face1.jpg,1000
994_face0.jpg,994
970_face0.jpg,970
957_face0.jpg,957
957_face1.jpg,957
934_face0.jpg,934
904_face0.jpg,904
792_face0.jpg,792
760_face0.jpg,760
719_face0.jpg,719
717_face0.jpg,717
711_face0.jpg,711
701_face0.jpg,701
691_face0.jpg,691
676_face0.jpg,676
672_face0.jpg,672
636_face0.jpg,636
63_face0.jpg,63
63_face1.jpg,63
6_face0.jpg,6
597_face0.jpg,597
58_face0.jpg,58
543_face0.jpg,543
507_face0.jpg,507
506_face0.jpg,506
495_face0.jpg,495
488_face0.jpg,488
488_face1.jpg,488
457_face0.jpg,457
442_face0.jpg,442
44_face0.jpg,44
44_face1.jpg,44
438_face0.jpg,438
438_face1.jpg,438
438_face2.jpg,438
438_face3.jpg,438
436_face0.jpg,436
436_face1.jpg,436
436_face2.jpg,436
410_face0.jpg,410
404_face0.jpg,404
404_face1.jpg,404
404_face2.jpg,404
39_face0.jpg,39
39_face1.jpg,39
387_face0.jpg,387
319_face0.jpg,319
318_face0.jpg,318
314_face0.jpg,314
285_face0.jpg,285
275_face0.jpg,275
224_face0.jpg,224
224_face1.jpg,224
1710_face0.jpg,1710
1708_face0.jpg,1708
1708_face1.jpg,1708
1708_face2.jpg,1708
1708_face3.jpg,1708
1705_face0.jpg,1705
1705_face1.jpg,1705
1704_face0.jpg,1704
1704_face1.jpg,1704
1703_face0.jpg,1703
1703_face1.jpg,1703
1698_face0.jpg,1698
1691_face0.jpg,1691
1689_face0.jpg,1689
1687_face0.jpg,1687
1665_face0.jpg,1665
1665_face1.jpg,1665
1659_face0.jpg,1659
1657_face0.jpg,1657
1652_face0.jpg,1652
1645_face0.jpg,1645
1645_face1.jpg,1645
1630_face0.jpg,1630
1616_face0.jpg,1616
1616_face1.jpg,1616
1616_face2.jpg,1616
1607_face0.jpg,1607
1601_face0.jpg,1601
1601_face1.jpg,1601
1601_face2.jpg,1601
1585_face0.jpg,1585
1579_face0.jpg,1579
1579_face1.jpg,1579
1579_face2.jpg,1579
1579_face3.jpg,1579
157_face0.jpg,157
1569_face0.jpg,1569
1569_face1.jpg,1569
1569_face2.jpg,1569
1563_face0.jpg,1563
1563_face1.jpg,1563
1548_face0.jpg,1548
1530_face0.jpg,1530
1511_face0.jpg,1511
1496_face0.jpg,1496
1490_face0.jpg,1490
1478_face0.jpg,1478
1471_face0.jpg,1471
1471_face1.jpg,1471
1471_face2.jpg,1471
1471_face3.jpg,1471
1471_face4.jpg,1471
1466_face0.jpg,1466
1466_face1.jpg,1466
1426_face0.jpg,1426
1426_face1.jpg,1426
1426_face2.jpg,1426
1426_face3.jpg,1426
1426_face4.jpg,1426
1389_face0.jpg,1389
1389_face1.jpg,1389
1387_face0.jpg,1387
1382_face0.jpg,1382
1368_face0.jpg,1368
1360_face0.jpg,1360
1358_face0.jpg,1358
1341_face0.jpg,1341
1337_face0.jpg,1337
1336_face0.jpg,1336
133_face0.jpg,133
133_face1.jpg,133
133_face2.jpg,133
1329_face0.jpg,1329
1327_face0.jpg,1327
1326_face0.jpg,1326
1326_face1.jpg,1326
1326_face2.jpg,1326
1311_face0.jpg,1311
1311_face1.jpg,1311
1311_face2.jpg,1311
1308_face0.jpg,1308
1292_face0.jpg,1292
1292_face1.jpg,1292
1288_face0.jpg,1288
1285_face0.jpg,1285
1282_face0.jpg,1282
1281_face0.jpg,1281
1281_face1.jpg,1281
1275_face0.jpg,1275
1275_face1.jpg,1275
1275_face2.jpg,1275
1275_face3.jpg,1275
1270_face0.jpg,1270
1270_face1.jpg,1270
1265_face0.jpg,1265
1258_face0.jpg,1258
1255_face0.jpg,1255
1217_face0.jpg,1217
1198_face0.jpg,1198
1198_face1.jpg,1198
1198_face2.jpg,1198
1176_face0.jpg,1176
1170_face0.jpg,1170
1164_face0.jpg,1164
1164_face1.jpg,1164
1164_face2.jpg,1164
1164_face3.jpg,1164
1155_face0.jpg,1155
1130_face0.jpg,1130
1125_face0.jpg,1125
1125_face1.jpg,1125
1105_face0.jpg,1105
1104_face0.jpg,1104
1092_face0.jpg,1092
1090_face0.jpg,1090
1090_face1.jpg,1090
1090_face2.jpg,1090
1058_face0.jpg,1058
1052_face0.jpg,1052
1052_face1.jpg,1052
1041_face0.jpg,1041
1040_face0.jpg,1040
1026_face0.jpg,1026
1025_face0.jpg,1025
992_face0.jpg,992
986_face0.jpg,986
986_face1.jpg,986
979_face0.jpg,979
965_face0.jpg,965
965_face1.jpg,965
957_face0.jpg,957
942_face0.jpg,942
916_face0.jpg,916
916_face1.jpg,916
916_face2.jpg,916
916_face3.jpg,916
916_face4.jpg,916
916_face5.jpg,916
915_face0.jpg,915
902_face0.jpg,902
889_face0.jpg,889
878_face0.jpg,878
866_face0.jpg,866
845_face0.jpg,845
822_face0.jpg,822
786_face0.jpg,786
784_face0.jpg,784
768_face0.jpg,768
768_face1.jpg,768
76_face0.jpg,76
76_face1.jpg,76
739_face0.jpg,739
732_face0.jpg,732
731_face0.jpg,731
723_face0.jpg,723
711_face0.jpg,711
711_face1.jpg,711
711_face2.jpg,711
711_face3.jpg,711
711_face4.jpg,711
707_face0.jpg,707
707_face1.jpg,707
692_face0.jpg,692
655_face0.jpg,655
650_face0.jpg,650
629_face0.jpg,629
627_face0.jpg,627
627_face1.jpg,627
627_face2.jpg,627
627_face3.jpg,627
627_face4.jpg,627
627_face5.jpg,627
622_face0.jpg,622
622_face1.jpg,622
622_face2.jpg,622
61_face0.jpg,61
61_face1.jpg,61
595_face0.jpg,595
595_face1.jpg,595
58_face0.jpg,58
58_face1.jpg,58
576_face0.jpg,576
574_face0.jpg,574
57_face0.jpg,57
569_face0.jpg,569
564_face0.jpg,564
557_face0.jpg,557
554_face0.jpg,554
526_face0.jpg,526
526_face1.jpg,526
524_face0.jpg,524
512_face0.jpg,512
51_face0.jpg,51
51_face1.jpg,51
51_face2.jpg,51
51_face3.jpg,51
504_face0.jpg,504
504_face1.jpg,504
489_face0.jpg,489
474_face0.jpg,474
437_face0.jpg,437
426_face0.jpg,426
42_face0.jpg,42
386_face0.jpg,386
384_face0.jpg,384
382_face0.jpg,382
342_face0.jpg,342
333_face0.jpg,333
333_face1.jpg,333
333_face2.jpg,333
314_face0.jpg,314
314_face1.jpg,314
307_face0.jpg,307
301_face0.jpg,301
286_face0.jpg,286
250_face0.jpg,250
247_face0.jpg,247
230_face0.jpg,230
225_face0.jpg,225
225_face1.jpg,225
21_face0.jpg,21
206_face0.jpg,206
199_face0.jpg,199
1735_face0.jpg,1735
1726_face0.jpg,1726
1726_face1.jpg,1726
1726_face2.jpg,1726
1726_face3.jpg,1726
1726_face4.jpg,1726
1726_face5.jpg,1726
1726_face6.jpg,1726
1719_face0.jpg,1719
1690_face0.jpg,1690
1672_face0.jpg,1672
1660_face0.jpg,1660
1658_face0.jpg,1658
163_face0.jpg,163
1553_face0.jpg,1553
1530_face0.jpg,1530
1530_face1.jpg,1530
1530_face2.jpg,1530
1525_face0.jpg,1525
1512_face0.jpg,1512
1495_face0.jpg,1495
145_face0.jpg,145
1432_face0.jpg,1432
1432_face1.jpg,1432
1432_face2.jpg,1432
1417_face0.jpg,1417
1417_face1.jpg,1417
1406_face0.jpg,1406
1406_face1.jpg,1406
1402_face0.jpg,1402
1396_face0.jpg,1396
1377_face0.jpg,1377
1377_face1.jpg,1377
1364_face0.jpg,1364
1364_face1.jpg,1364
1364_face2.jpg,1364
1360_face0.jpg,1360
1360_face1.jpg,1360
1335_face0.jpg,1335
1335_face1.jpg,1335
1335_face2.jpg,1335
1335_face3.jpg,1335
1335_face4.jpg,1335
1335_face5.jpg,1335
1335_face6.jpg,1335
1316_face0.jpg,1316
1316_face1.jpg,1316
1313_face0.jpg,1313
1300_face0.jpg,1300
13_face0.jpg,13
1297_face0.jpg,1297
1270_face0.jpg,1270
1270_face1.jpg,1270
1262_face0.jpg,1262
1262_face1.jpg,1262
1262_face2.jpg,1262
1262_face3.jpg,1262
1262_face4.jpg,1262
1262_face5.jpg,1262
1251_face0.jpg,1251
1221_face0.jpg,1221
1214_face0.jpg,1214
1196_face0.jpg,1196
1196_face1.jpg,1196
1195_face0.jpg,1195
1193_face0.jpg,1193
1183_face0.jpg,1183
1180_face0.jpg,1180
1180_face1.jpg,1180
1180_face2.jpg,1180
1180_face3.jpg,1180
1164_face0.jpg,1164
1164_face1.jpg,1164
1164_face2.jpg,1164
1159_face0.jpg,1159
1159_face1.jpg,1159
1159_face2.jpg,1159
1158_face0.jpg,1158
1150_face0.jpg,1150
1146_face0.jpg,1146
1124_face0.jpg,1124
1106_face0.jpg,1106
1101_face0.jpg,1101
11_face0.jpg,11
1028_face0.jpg,1028
1025_face0.jpg,1025
1025_face1.jpg,1025
1025_face2.jpg,1025
1023_face0.jpg,1023
1018_face0.jpg,1018
1013_face0.jpg,1013
1003_face0.jpg,1003
991_face0.jpg,991
958_face0.jpg,958
958_face1.jpg,958
958_face2.jpg,958
933_face0.jpg,933
933_face1.jpg,933
933_face2.jpg,933
92_face0.jpg,92
92_face1.jpg,92
901_face0.jpg,901
898_face0.jpg,898
898_face1.jpg,898
889_face0.jpg,889
863_face0.jpg,863
851_face0.jpg,851
840_face0.jpg,840
839_face0.jpg,839
839_face1.jpg,839
815_face0.jpg,815
815_face1.jpg,815
814_face0.jpg,814
806_face0.jpg,806
795_face0.jpg,795
787_face0.jpg,787
778_face0.jpg,778
767_face0.jpg,767
767_face1.jpg,767
767_face2.jpg,767
767_face3.jpg,767
764_face0.jpg,764
764_face1.jpg,764
739_face0.jpg,739
739_face1.jpg,739
70_face0.jpg,70
70_face1.jpg,70
699_face0.jpg,699
688_face0.jpg,688
688_face1.jpg,688
68_face0.jpg,68
667_face0.jpg,667
650_face0.jpg,650
580_face0.jpg,580
580_face1.jpg,580
580_face2.jpg,580
577_face0.jpg,577
574_face0.jpg,574
555_face0.jpg,555
535_face0.jpg,535
491_face0.jpg,491
49_face0.jpg,49
469_face0.jpg,469
384_face0.jpg,384
380_face0.jpg,380
380_face1.jpg,380
380_face2.jpg,380
38_face0.jpg,38
37_face0.jpg,37
365_face0.jpg,365
365_face1.jpg,365
365_face2.jpg,365
365_face3.jpg,365
361_face0.jpg,361
361_face1.jpg,361
361_face2.jpg,361
361_face3.jpg,361
352_face0.jpg,352
350_face0.jpg,350
350_face1.jpg,350
329_face0.jpg,329
328_face0.jpg,328
321_face0.jpg,321
319_face0.jpg,319
30_face0.jpg,30
296_face0.jpg,296
291_face0.jpg,291
276_face0.jpg,276
271_face0.jpg,271
270_face0.jpg,270
258_face0.jpg,258
257_face0.jpg,257
257_face1.jpg,257
250_face0.jpg,250
247_face0.jpg,247
233_face0.jpg,233
204_face0.jpg,204
1540_face0.jpg,1540
1540_face1.jpg,1540
1540_face2.jpg,1540
1540_face3.jpg,1540
1540_face4.jpg,1540
1540_face5.jpg,1540
1540_face6.jpg,1540
154_face0.jpg,154
154_face1.jpg,154
154_face2.jpg,154
1512_face0.jpg,1512
1441_face0.jpg,1441
1441_face1.jpg,1441
1439_face0.jpg,1439
1439_face1.jpg,1439
1439_face2.jpg,1439
1430_face0.jpg,1430
1414_face0.jpg,1414
1414_face1.jpg,1414
1408_face0.jpg,1408
1341_face0.jpg,1341
1325_face0.jpg,1325
1325_face1.jpg,1325
128_face0.jpg,128
128_face1.jpg,128
128_face2.jpg,128
1258_face0.jpg,1258
125_face0.jpg,125
125_face1.jpg,125
125_face2.jpg,125
125_face3.jpg,125
1233_face0.jpg,1233
1229_face0.jpg,1229
1229_face1.jpg,1229
1225_face0.jpg,1225
1225_face1.jpg,1225
1211_face0.jpg,1211
1211_face1.jpg,1211
1211_face2.jpg,1211
1211_face3.jpg,1211
1211_face4.jpg,1211
1211_face5.jpg,1211
1211_face6.jpg,1211
1157_face0.jpg,1157
1132_face0.jpg,1132
1129_face0.jpg,1129
1124_face0.jpg,1124
111_face0.jpg,111
1071_face0.jpg,1071
1067_face0.jpg,1067
1058_face0.jpg,1058
1039_face0.jpg,1039
1039_face1.jpg,1039
103_face0.jpg,103
103_face1.jpg,103
1014_face0.jpg,1014
1013_face0.jpg,1013
983_face0.jpg,983
983_face1.jpg,983
983_face2.jpg,983
983_face3.jpg,983
983_face4.jpg,983
98_face0.jpg,98
98_face1.jpg,98
93_face0.jpg,93
93_face1.jpg,93
882_face0.jpg,882
830_face0.jpg,830
830_face1.jpg,830
826_face0.jpg,826
737_face0.jpg,737
676_face0.jpg,676
657_face0.jpg,657
627_face0.jpg,627
627_face1.jpg,627
627_face2.jpg,627
627_face3.jpg,627
627_face4.jpg,627
614_face0.jpg,614
610_face0.jpg,610
608_face0.jpg,608
54_face0.jpg,54
524_face0.jpg,524
524_face1.jpg,524
509_face0.jpg,509
190_face0.jpg,190
190_face1.jpg,190
19_face0.jpg,19
1508_face0.jpg,1508
1508_face1.jpg,1508
15_face0.jpg,15
146_face0.jpg,146
146_face1.jpg,146
146_face2.jpg,146
146_face3.jpg,146
1410_face0.jpg,1410
1363_face0.jpg,1363
1349_face0.jpg,1349
1349_face1.jpg,1349
1294_face0.jpg,1294
1294_face1.jpg,1294
1294_face2.jpg,1294
1294_face3.jpg,1294
1278_face0.jpg,1278
1276_face0.jpg,1276
1269_face0.jpg,1269
1258_face0.jpg,1258
1252_face0.jpg,1252
1249_face0.jpg,1249
1249_face1.jpg,1249
1230_face0.jpg,1230
1230_face1.jpg,1230
1230_face2.jpg,1230
1230_face3.jpg,1230
1227_face0.jpg,1227
1226_face0.jpg,1226
1220_face0.jpg,1220
1218_face0.jpg,1218
1218_face1.jpg,1218
1213_face0.jpg,1213
1213_face1.jpg,1213
1208_face0.jpg,1208
1192_face0.jpg,1192
1183_face0.jpg,1183
1182_face0.jpg,1182
1157_face0.jpg,1157
1151_face0.jpg,1151
1144_face0.jpg,1144
1144_face1.jpg,1144
1144_face2.jpg,1144
1144_face3.jpg,1144
1142_face0.jpg,1142
1142_face1.jpg,1142
1142_face2.jpg,1142
1137_face0.jpg,1137
1130_face0.jpg,1130
1126_face0.jpg,1126
1126_face1.jpg,1126
1126_face2.jpg,1126
1126_face3.jpg,1126
1123_face0.jpg,1123
1120_face0.jpg,1120
1117_face0.jpg,1117
1117_face1.jpg,1117
1117_face2.jpg,1117
1117_face3.jpg,1117
1099_face0.jpg,1099
1099_face1.jpg,1099
1099_face2.jpg,1099
1099_face3.jpg,1099
1094_face0.jpg,1094
1061_face0.jpg,1061
1057_face0.jpg,1057
1057_face1.jpg,1057
1057_face2.jpg,1057
1057_face3.jpg,1057
1057_face4.jpg,1057
1057_face5.jpg,1057
1048_face0.jpg,1048
1048_face1.jpg,1048
952_face0.jpg,952
902_face0.jpg,902
844_face0.jpg,844
844_face1.jpg,844
827_face0.jpg,827
760_face0.jpg,760
754_face0.jpg,754
724_face0.jpg,724
683_face0.jpg,683
683_face1.jpg,683
665_face0.jpg,665
654_face0.jpg,654
619_face0.jpg,619
598_face0.jpg,598
59_face0.jpg,59
59_face1.jpg,59
554_face0.jpg,554
554_face1.jpg,554
550_face0.jpg,550
512_face0.jpg,512
512_face1.jpg,512
507_face0.jpg,507
507_face1.jpg,507
467_face0.jpg,467
467_face1.jpg,467
307_face0.jpg,307
250_face0.jpg,250
1618_face0.jpg,1618
1618_face1.jpg,1618
1595_face0.jpg,1595
1595_face1.jpg,1595
1595_face2.jpg,1595
1588_face0.jpg,1588
1587_face0.jpg,1587
1585_face0.jpg,1585
1585_face1.jpg,1585
1585_face2.jpg,1585
1585_face3.jpg,1585
1571_face0.jpg,1571
1568_face0.jpg,1568
1488_face0.jpg,1488
1470_face0.jpg,1470
1464_face0.jpg,1464
1462_face0.jpg,1462
1461_face0.jpg,1461
1441_face0.jpg,1441
1441_face1.jpg,1441
142_face0.jpg,142
142_face1.jpg,142
142_face2.jpg,142
1346_face0.jpg,1346
1346_face1.jpg,1346
1337_face0.jpg,1337
1330_face0.jpg,1330
1330_face1.jpg,1330
1330_face2.jpg,1330
1330_face3.jpg,1330
1330_face4.jpg,1330
1330_face5.jpg,1330
1330_face6.jpg,1330
1311_face0.jpg,1311
1311_face1.jpg,1311
1311_face2.jpg,1311
1311_face3.jpg,1311
1302_face0.jpg,1302
1259_face0.jpg,1259
1259_face1.jpg,1259
1254_face0.jpg,1254
1254_face1.jpg,1254
1254_face2.jpg,1254
1237_face0.jpg,1237
1237_face1.jpg,1237
1225_face0.jpg,1225
121_face0.jpg,121
1209_face0.jpg,1209
1193_face0.jpg,1193
1193_face1.jpg,1193
1193_face2.jpg,1193
1193_face3.jpg,1193
1137_face0.jpg,1137
1110_face0.jpg,1110
1110_face1.jpg,1110
1110_face2.jpg,1110
1110_face3.jpg,1110
1110_face4.jpg,1110
1081_face0.jpg,1081
1070_face0.jpg,1070
1025_face0.jpg,1025
998_face0.jpg,998
998_face1.jpg,998
998_face2.jpg,998
998_face3.jpg,998
992_face0.jpg,992
991_face0.jpg,991
984_face0.jpg,984
984_face1.jpg,984
976_face0.jpg,976
976_face1.jpg,976
962_face0.jpg,962
962_face1.jpg,962
962_face2.jpg,962
962_face3.jpg,962
947_face0.jpg,947
918_face0.jpg,918
918_face1.jpg,918
918_face2.jpg,918
918_face3.jpg,918
918_face4.jpg,918
915_face0.jpg,915
915_face1.jpg,915
915_face2.jpg,915
914_face0.jpg,914
911_face0.jpg,911
907_face0.jpg,907
907_face1.jpg,907
880_face0.jpg,880
837_face0.jpg,837
831_face0.jpg,831
8_face0.jpg,8
72_face0.jpg,72
718_face0.jpg,718
713_face0.jpg,713
713_face1.jpg,713
691_face0.jpg,691
680_face0.jpg,680
679_face0.jpg,679
679_face1.jpg,679
67_face0.jpg,67
67_face1.jpg,67
664_face0.jpg,664
643_face0.jpg,643
641_face0.jpg,641
639_face0.jpg,639
573_face0.jpg,573
551_face0.jpg,551
549_face0.jpg,549
539_face0.jpg,539
511_face0.jpg,511
486_face0.jpg,486
486_face1.jpg,486
471_face0.jpg,471
438_face0.jpg,438
408_face0.jpg,408
341_face0.jpg,341
341_face1.jpg,341
337_face0.jpg,337
305_face0.jpg,305
294_face0.jpg,294
266_face0.jpg,266
266_face1.jpg,266
266_face2.jpg,266
266_face3.jpg,266
266_face4.jpg,266
266_face5.jpg,266
266_face6.jpg,266
266_face7.jpg,266
266_face8.jpg,266
266_face9.jpg,266
256_face0.jpg,256
193_face0.jpg,193
193_face1.jpg,193
1393_face0.jpg,1393
1390_face0.jpg,1390
1357_face0.jpg,1357
1350_face0.jpg,1350
1345_face0.jpg,1345
1345_face1.jpg,1345
1345_face2.jpg,1345
1313_face0.jpg,1313
1313_face1.jpg,1313
1313_face2.jpg,1313
1308_face0.jpg,1308
1308_face1.jpg,1308
1306_face0.jpg,1306
1306_face1.jpg,1306
1293_face0.jpg,1293
1293_face1.jpg,1293
1290_face0.jpg,1290
1290_face1.jpg,1290
1286_face0.jpg,1286
1282_face0.jpg,1282
1277_face0.jpg,1277
1214_face0.jpg,1214
1210_face0.jpg,1210
1208_face0.jpg,1208
1208_face1.jpg,1208
1208_face2.jpg,1208
1174_face0.jpg,1174
1172_face0.jpg,1172
1170_face0.jpg,1170
1168_face0.jpg,1168
1163_face0.jpg,1163
1156_face0.jpg,1156
1152_face0.jpg,1152
1146_face0.jpg,1146
1130_face0.jpg,1130
1128_face0.jpg,1128
1127_face0.jpg,1127
1127_face1.jpg,1127
1127_face2.jpg,1127
1122_face0.jpg,1122
1112_face0.jpg,1112
1110_face0.jpg,1110
1034_face0.jpg,1034
1034_face1.jpg,1034
1013_face0.jpg,1013
855_face0.jpg,855
855_face1.jpg,855
853_face0.jpg,853
853_face1.jpg,853
825_face0.jpg,825
819_face0.jpg,819
808_face0.jpg,808
808_face1.jpg,808
807_face0.jpg,807
806_face0.jpg,806
806_face1.jpg,806
804_face0.jpg,804
793_face0.jpg,793
793_face1.jpg,793
791_face0.jpg,791
788_face0.jpg,788
788_face1.jpg,788
776_face0.jpg,776
776_face1.jpg,776
766_face0.jpg,766
719_face0.jpg,719
719_face1.jpg,719
717_face0.jpg,717
717_face1.jpg,717
716_face0.jpg,716
701_face0.jpg,701
701_face1.jpg,701
701_face2.jpg,701
700_face0.jpg,700
696_face0.jpg,696
696_face1.jpg,696
680_face0.jpg,680
680_face1.jpg,680
680_face2.jpg,680
680_face3.jpg,680
661_face0.jpg,661
661_face1.jpg,661
615_face0.jpg,615
611_face0.jpg,611
598_face0.jpg,598
598_face1.jpg,598
585_face0.jpg,585
585_face1.jpg,585
582_face0.jpg,582
582_face1.jpg,582
559_face0.jpg,559
559_face1.jpg,559
559_face2.jpg,559
559_face3.jpg,559
559_face4.jpg,559
549_face0.jpg,549
544_face0.jpg,544
515_face0.jpg,515
515_face1.jpg,515
515_face2.jpg,515
515_face3.jpg,515
5_face0.jpg,5
47_face0.jpg,47
454_face0.jpg,454
444_face0.jpg,444
434_face0.jpg,434
396_face0.jpg,396
394_face0.jpg,394
384_face0.jpg,384
373_face0.jpg,373
370_face0.jpg,370
370_face1.jpg,370
370_face2.jpg,370
370_face3.jpg,370
370_face4.jpg,370
348_face0.jpg,348
347_face0.jpg,347
344_face0.jpg,344
334_face0.jpg,334
263_face0.jpg,263
263_face1.jpg,263
235_face0.jpg,235
235_face1.jpg,235
229_face0.jpg,229
211_face0.jpg,211
188_face0.jpg,188
179_face0.jpg,179
161_face0.jpg,161
161_face1.jpg,161
161_face2.jpg,161
154_face0.jpg,154
154_face1.jpg,154
1343_face0.jpg,1343
1343_face1.jpg,1343
1343_face2.jpg,1343
1343_face3.jpg,1343
1343_face4.jpg,1343
1343_face5.jpg,1343
1342_face0.jpg,1342
1342_face1.jpg,1342
1342_face2.jpg,1342
1331_face0.jpg,1331
1331_face1.jpg,1331
1285_face0.jpg,1285
1284_face0.jpg,1284
1284_face1.jpg,1284
128_face0.jpg,128
1271_face0.jpg,1271
1252_face0.jpg,1252
1252_face1.jpg,1252
1230_face0.jpg,1230
1228_face0.jpg,1228
1223_face0.jpg,1223
1223_face1.jpg,1223
1221_face0.jpg,1221
1220_face0.jpg,1220
1219_face0.jpg,1219
1218_face0.jpg,1218
1207_face0.jpg,1207
1207_face1.jpg,1207
1196_face0.jpg,1196
1196_face1.jpg,1196
1180_face0.jpg,1180
1180_face1.jpg,1180
115_face0.jpg,115
1145_face0.jpg,1145
1145_face1.jpg,1145
1122_face0.jpg,1122
1117_face0.jpg,1117
1115_face0.jpg,1115
1114_face0.jpg,1114
1114_face1.jpg,1114
1113_face0.jpg,1113
1112_face0.jpg,1112
1106_face0.jpg,1106
1106_face1.jpg,1106
1106_face2.jpg,1106
1093_face0.jpg,1093
1093_face1.jpg,1093
1093_face2.jpg,1093
1093_face3.jpg,1093
1093_face4.jpg,1093
1093_face5.jpg,1093
1087_face0.jpg,1087
1084_face0.jpg,1084
1084_face1.jpg,1084
1083_face0.jpg,1083
1079_face0.jpg,1079
107_face0.jpg,107
1042_face0.jpg,1042
1042_face1.jpg,1042
1025_face0.jpg,1025
1024_face0.jpg,1024
1005_face0.jpg,1005
1005_face1.jpg,1005
1001_face0.jpg,1001
1001_face1.jpg,1001
988_face0.jpg,988
984_face0.jpg,984
978_face0.jpg,978
962_face0.jpg,962
950_face0.jpg,950
926_face0.jpg,926
874_face0.jpg,874
874_face1.jpg,874
873_face0.jpg,873
865_face0.jpg,865
865_face1.jpg,865
865_face2.jpg,865
865_face3.jpg,865
853_face0.jpg,853
853_face1.jpg,853
843_face0.jpg,843
842_face0.jpg,842
842_face1.jpg,842
841_face0.jpg,841
841_face1.jpg,841
833_face0.jpg,833
790_face0.jpg,790
789_face0.jpg,789
783_face0.jpg,783
783_face1.jpg,783
781_face0.jpg,781
761_face0.jpg,761
756_face0.jpg,756
708_face0.jpg,708
708_face1.jpg,708
705_face0.jpg,705
704_face0.jpg,704
697_face0.jpg,697
697_face1.jpg,697
696_face0.jpg,696
685_face0.jpg,685
683_face0.jpg,683
682_face0.jpg,682
682_face1.jpg,682
676_face0.jpg,676
676_face1.jpg,676
670_face0.jpg,670
661_face0.jpg,661
659_face0.jpg,659
659_face1.jpg,659
658_face0.jpg,658
658_face1.jpg,658
655_face0.jpg,655
646_face0.jpg,646
643_face0.jpg,643
629_face0.jpg,629
622_face0.jpg,622
619_face0.jpg,619
619_face1.jpg,619
616_face0.jpg,616
608_face0.jpg,608
574_face0.jpg,574
562_face0.jpg,562
525_face0.jpg,525
492_face0.jpg,492
492_face1.jpg,492
492_face2.jpg,492
486_face0.jpg,486
482_face0.jpg,482
480_face0.jpg,480
467_face0.jpg,467
467_face1.jpg,467
444_face0.jpg,444
436_face0.jpg,436
436_face1.jpg,436
436_face2.jpg,436
433_face0.jpg,433
419_face0.jpg,419
419_face1.jpg,419
419_face2.jpg,419
418_face0.jpg,418
399_face0.jpg,399
399_face1.jpg,399
269_face0.jpg,269
269_face1.jpg,269
245_face0.jpg,245
242_face0.jpg,242
242_face1.jpg,242
240_face0.jpg,240
219_face0.jpg,219
187_face0.jpg,187
187_face1.jpg,187
187_face2.jpg,187
187_face3.jpg,187
187_face4.jpg,187
186_face0.jpg,186
186_face1.jpg,186
186_face2.jpg,186
186_face3.jpg,186
186_face4.jpg,186
153_face0.jpg,153
153_face1.jpg,153
145_face0.jpg,145
142_face0.jpg,142
1418_face0.jpg,1418
1410_face0.jpg,1410
1394_face0.jpg,1394
1381_face0.jpg,1381
1359_face0.jpg,1359
1359_face1.jpg,1359
1336_face0.jpg,1336
1336_face1.jpg,1336
1322_face0.jpg,1322
1322_face1.jpg,1322
1322_face2.jpg,1322
1307_face0.jpg,1307
1304_face0.jpg,1304
1300_face0.jpg,1300
1300_face1.jpg,1300
1269_face0.jpg,1269
1269_face1.jpg,1269
1269_face2.jpg,1269
1269_face3.jpg,1269
1268_face0.jpg,1268
1260_face0.jpg,1260
123_face0.jpg,123
1219_face0.jpg,1219
1219_face1.jpg,1219
1219_face2.jpg,1219
1182_face0.jpg,1182
1165_face0.jpg,1165
1153_face0.jpg,1153
1120_face0.jpg,1120
1093_face0.jpg,1093
1093_face1.jpg,1093
1084_face0.jpg,1084
1084_face1.jpg,1084
1070_face0.jpg,1070
1070_face1.jpg,1070
1070_face2.jpg,1070
1070_face3.jpg,1070
1063_face0.jpg,1063
1063_face1.jpg,1063
1063_face2.jpg,1063
1063_face3.jpg,1063
1060_face0.jpg,1060
1055_face0.jpg,1055
1053_face0.jpg,1053
1052_face0.jpg,1052
1045_face0.jpg,1045
1045_face1.jpg,1045
1043_face0.jpg,1043
1043_face1.jpg,1043
1043_face2.jpg,1043
1043_face3.jpg,1043
1043_face4.jpg,1043
1043_face5.jpg,1043
1043_face6.jpg,1043
1025_face0.jpg,1025
1025_face1.jpg,1025
1025_face2.jpg,1025
1006_face0.jpg,1006
991_face0.jpg,991
989_face0.jpg,989
977_face0.jpg,977
967_face0.jpg,967
963_face0.jpg,963
959_face0.jpg,959
947_face0.jpg,947
944_face0.jpg,944
937_face0.jpg,937
930_face0.jpg,930
930_face1.jpg,930
913_face0.jpg,913
913_face1.jpg,913
913_face2.jpg,913
913_face3.jpg,913
913_face4.jpg,913
913_face5.jpg,913
913_face6.jpg,913
913_face7.jpg,913
895_face0.jpg,895
889_face0.jpg,889
877_face0.jpg,877
877_face1.jpg,877
877_face2.jpg,877
877_face3.jpg,877
842_face0.jpg,842
824_face0.jpg,824
821_face0.jpg,821
82_face0.jpg,82
817_face0.jpg,817
812_face0.jpg,812
805_face0.jpg,805
792_face0.jpg,792
791_face0.jpg,791
790_face0.jpg,790
788_face0.jpg,788
783_face0.jpg,783
775_face0.jpg,775
769_face0.jpg,769
769_face1.jpg,769
764_face0.jpg,764
763_face0.jpg,763
763_face1.jpg,763
762_face0.jpg,762
748_face0.jpg,748
748_face1.jpg,748
738_face0.jpg,738
737_face0.jpg,737
727_face0.jpg,727
711_face0.jpg,711
711_face1.jpg,711
711_face2.jpg,711
711_face3.jpg,711
71_face0.jpg,71
703_face0.jpg,703
702_face0.jpg,702
690_face0.jpg,690
675_face0.jpg,675
673_face0.jpg,673
673_face1.jpg,673
668_face0.jpg,668
660_face0.jpg,660
66_face0.jpg,66
66_face1.jpg,66
650_face0.jpg,650
650_face1.jpg,650
644_face0.jpg,644
641_face0.jpg,641
641_face1.jpg,641
631_face0.jpg,631
593_face0.jpg,593
59_face0.jpg,59
589_face0.jpg,589
589_face1.jpg,589
587_face0.jpg,587
586_face0.jpg,586
551_face0.jpg,551
531_face0.jpg,531
525_face0.jpg,525
518_face0.jpg,518
517_face0.jpg,517
517_face1.jpg,517
456_face0.jpg,456
453_face0.jpg,453
447_face0.jpg,447
444_face0.jpg,444
441_face0.jpg,441
441_face1.jpg,441
413_face0.jpg,413
384_face0.jpg,384
382_face0.jpg,382
382_face1.jpg,382
380_face0.jpg,380
339_face0.jpg,339
339_face1.jpg,339
338_face0.jpg,338
320_face0.jpg,320
312_face0.jpg,312
305_face0.jpg,305
305_face1.jpg,305
296_face0.jpg,296
296_face1.jpg,296
295_face0.jpg,295
294_face0.jpg,294
228_face0.jpg,228
223_face0.jpg,223
223_face1.jpg,223
223_face2.jpg,223
223_face3.jpg,223
223_face4.jpg,223
223_face5.jpg,223
207_face0.jpg,207
198_face0.jpg,198
190_face0.jpg,190
190_face1.jpg,190
178_face0.jpg,178
178_face1.jpg,178
178_face2.jpg,178
178_face3.jpg,178
178_face4.jpg,178
166_face0.jpg,166
152_face0.jpg,152
151_face0.jpg,151
151_face1.jpg,151
151_face2.jpg,151
151_face3.jpg,151
151_face4.jpg,151
126_face0.jpg,126
1251_face0.jpg,1251
1216_face0.jpg,1216
1216_face1.jpg,1216
1192_face0.jpg,1192
1177_face0.jpg,1177
1177_face1.jpg,1177
1177_face2.jpg,1177
1177_face3.jpg,1177
1175_face0.jpg,1175
1175_face1.jpg,1175
1167_face0.jpg,1167
1167_face1.jpg,1167
116_face0.jpg,116
1154_face0.jpg,1154
1154_face1.jpg,1154
115_face0.jpg,115
1143_face0.jpg,1143
1136_face0.jpg,1136
1113_face0.jpg,1113
1112_face0.jpg,1112
1111_face0.jpg,1111
1111_face1.jpg,1111
1111_face2.jpg,1111
1105_face0.jpg,1105
1105_face1.jpg,1105
1092_face0.jpg,1092
1092_face1.jpg,1092
1092_face2.jpg,1092
1083_face0.jpg,1083
1064_face0.jpg,1064
1064_face1.jpg,1064
1064_face2.jpg,1064
1064_face3.jpg,1064
1064_face4.jpg,1064
1055_face0.jpg,1055
1029_face0.jpg,1029
1029_face1.jpg,1029
1029_face2.jpg,1029
1025_face0.jpg,1025
1025_face1.jpg,1025
1003_face0.jpg,1003
10_face0.jpg,10
10_face1.jpg,10
10_face2.jpg,10
10_face3.jpg,10
10_face4.jpg,10
10_face5.jpg,10
984_face0.jpg,984
984_face1.jpg,984
938_face0.jpg,938
938_face1.jpg,938
924_face0.jpg,924
914_face0.jpg,914
90_face0.jpg,90
876_face0.jpg,876
876_face1.jpg,876
852_face0.jpg,852
847_face0.jpg,847
838_face0.jpg,838
834_face0.jpg,834
828_face0.jpg,828
820_face0.jpg,820
820_face1.jpg,820
801_face0.jpg,801
793_face0.jpg,793
791_face0.jpg,791
767_face0.jpg,767
751_face0.jpg,751
747_face0.jpg,747
744_face0.jpg,744
703_face0.jpg,703
703_face1.jpg,703
70_face0.jpg,70
70_face1.jpg,70
70_face2.jpg,70
658_face0.jpg,658
658_face1.jpg,658
627_face0.jpg,627
627_face1.jpg,627
627_face2.jpg,627
622_face0.jpg,622
614_face0.jpg,614
614_face1.jpg,614
607_face0.jpg,607
584_face0.jpg,584
579_face0.jpg,579
533_face0.jpg,533
533_face1.jpg,533
533_face2.jpg,533
520_face0.jpg,520
486_face0.jpg,486
486_face1.jpg,486
486_face2.jpg,486
476_face0.jpg,476
455_face0.jpg,455
453_face0.jpg,453
452_face0.jpg,452
450_face0.jpg,450
423_face0.jpg,423
388_face0.jpg,388
388_face1.jpg,388
384_face0.jpg,384
382_face0.jpg,382
364_face0.jpg,364
364_face1.jpg,364
364_face2.jpg,364
322_face0.jpg,322
322_face1.jpg,322
321_face0.jpg,321
314_face0.jpg,314
314_face1.jpg,314
314_face2.jpg,314
301_face0.jpg,301
271_face0.jpg,271
271_face1.jpg,271
271_face2.jpg,271
271_face3.jpg,271
271_face4.jpg,271
271_face5.jpg,271
271_face6.jpg,271
25_face0.jpg,25
199_face0.jpg,199
16_face0.jpg,16
144_face0.jpg,144
13_face0.jpg,13
943_face0.jpg,943
943_face1.jpg,943
943_face2.jpg,943
91_face0.jpg,91
85_face0.jpg,85
85_face1.jpg,85
774_face0.jpg,774
75_face0.jpg,75
75_face1.jpg,75
75_face2.jpg,75
75_face3.jpg,75
745_face0.jpg,745
734_face0.jpg,734
574_face0.jpg,574
569_face0.jpg,569
563_face0.jpg,563
512_face0.jpg,512
512_face1.jpg,512
507_face0.jpg,507
507_face1.jpg,507
507_face2.jpg,507
424_face0.jpg,424
384_face0.jpg,384
384_face1.jpg,384
384_face2.jpg,384
384_face3.jpg,384
382_face0.jpg,382
382_face1.jpg,382
382_face2.jpg,382
382_face3.jpg,382
318_face0.jpg,318
318_face1.jpg,318
318_face2.jpg,318
318_face3.jpg,318
307_face0.jpg,307
283_face0.jpg,283
235_face0.jpg,235
224_face0.jpg,224
193_face0.jpg,193
152_face0.jpg,152
152_face1.jpg,152
130_face0.jpg,130
1228_face0.jpg,1228
1217_face0.jpg,1217
1189_face0.jpg,1189
1140_face0.jpg,1140
1140_face1.jpg,1140
1121_face0.jpg,1121
1113_face0.jpg,1113
1112_face0.jpg,1112
1112_face1.jpg,1112
110_face0.jpg,110
110_face1.jpg,110
1093_face0.jpg,1093
1066_face0.jpg,1066
1066_face1.jpg,1066
1066_face2.jpg,1066
1066_face3.jpg,1066
1066_face4.jpg,1066
106_face0.jpg,106
106_face1.jpg,106
1042_face0.jpg,1042
1041_face0.jpg,1041
1039_face0.jpg,1039
1034_face0.jpg,1034
1034_face1.jpg,1034
1000_face0.jpg,1000
1000_face1.jpg,1000
994_face0.jpg,994
983_face0.jpg,983
983_face1.jpg,983
983_face2.jpg,983
965_face0.jpg,965
963_face0.jpg,963
950_face0.jpg,950
950_face1.jpg,950
939_face0.jpg,939
922_face0.jpg,922
922_face1.jpg,922
922_face2.jpg,922
922_face3.jpg,922
922_face4.jpg,922
896_face0.jpg,896
896_face1.jpg,896
883_face0.jpg,883
831_face0.jpg,831
830_face0.jpg,830
8_face0.jpg,8
796_face0.jpg,796
794_face0.jpg,794
794_face1.jpg,794
791_face0.jpg,791
685_face0.jpg,685
622_face0.jpg,622
585_face0.jpg,585
550_face0.jpg,550
503_face0.jpg,503
503_face1.jpg,503
503_face2.jpg,503
503_face3.jpg,503
480_face0.jpg,480
480_face1.jpg,480
462_face0.jpg,462
399_face0.jpg,399
375_face0.jpg,375
375_face1.jpg,375
331_face0.jpg,331
230_face0.jpg,230
225_face0.jpg,225
202_face0.jpg,202
202_face1.jpg,202
202_face2.jpg,202
160_face0.jpg,160
1284_face0.jpg,1284
1276_face0.jpg,1276
1276_face1.jpg,1276
1276_face2.jpg,1276
1271_face0.jpg,1271
1270_face0.jpg,1270
1226_face0.jpg,1226
1226_face1.jpg,1226
1217_face0.jpg,1217
1217_face1.jpg,1217
1215_face0.jpg,1215
1215_face1.jpg,1215
1215_face2.jpg,1215
121_face0.jpg,121
1204_face0.jpg,1204
1204_face1.jpg,1204
1200_face0.jpg,1200
1114_face0.jpg,1114
1104_face0.jpg,1104
1081_face0.jpg,1081
1081_face1.jpg,1081
1076_face0.jpg,1076
1076_face1.jpg,1076
1076_face2.jpg,1076
997_face0.jpg,997
975_face0.jpg,975
967_face0.jpg,967
945_face0.jpg,945
932_face0.jpg,932
932_face1.jpg,932
930_face0.jpg,930
925_face0.jpg,925
921_face0.jpg,921
909_face0.jpg,909
90_face0.jpg,90
90_face1.jpg,90
90_face2.jpg,90
847_face0.jpg,847
847_face1.jpg,847
833_face0.jpg,833
797_face0.jpg,797
763_face0.jpg,763
763_face1.jpg,763
689_face0.jpg,689
665_face0.jpg,665
662_face0.jpg,662
653_face0.jpg,653
647_face0.jpg,647
646_face0.jpg,646
643_face0.jpg,643
591_face0.jpg,591
539_face0.jpg,539
536_face0.jpg,536
525_face0.jpg,525
524_face0.jpg,524
524_face1.jpg,524
516_face0.jpg,516
505_face0.jpg,505
503_face0.jpg,503
491_face0.jpg,491
468_face0.jpg,468
438_face0.jpg,438
43_face0.jpg,43
43_face1.jpg,43
374_face0.jpg,374
367_face0.jpg,367
341_face0.jpg,341
334_face0.jpg,334
305_face0.jpg,305
299_face0.jpg,299
27_face0.jpg,27
27_face1.jpg,27
27_face2.jpg,27
27_face3.jpg,27
204_face0.jpg,204
204_face1.jpg,204
204_face2.jpg,204
204_face3.jpg,204
185_face0.jpg,185
1704_face0.jpg,1704
1701_face0.jpg,1701
1692_face0.jpg,1692
169_face0.jpg,169
1675_face0.jpg,1675
1672_face0.jpg,1672
1602_face0.jpg,1602
1602_face1.jpg,1602
1601_face0.jpg,1601
1601_face1.jpg,1601
1595_face0.jpg,1595
1592_face0.jpg,1592
1591_face0.jpg,1591
159_face0.jpg,159
159_face1.jpg,159
1572_face0.jpg,1572
1572_face1.jpg,1572
1571_face0.jpg,1571
1571_face1.jpg,1571
152_face0.jpg,152
1514_face0.jpg,1514
1514_face1.jpg,1514
1502_face0.jpg,1502
1484_face0.jpg,1484
1484_face1.jpg,1484
1426_face0.jpg,1426
1357_face0.jpg,1357
1353_face0.jpg,1353
134_face0.jpg,134
134_face1.jpg,134
134_face2.jpg,134
1333_face0.jpg,1333
1298_face0.jpg,1298
1286_face0.jpg,1286
1267_face0.jpg,1267
1246_face0.jpg,1246
1232_face0.jpg,1232
1232_face1.jpg,1232
1232_face2.jpg,1232
1198_face0.jpg,1198
1198_face1.jpg,1198
1198_face2.jpg,1198
1198_face3.jpg,1198
1196_face0.jpg,1196
1196_face1.jpg,1196
1179_face0.jpg,1179
1148_face0.jpg,1148
1147_face0.jpg,1147
1142_face0.jpg,1142
1138_face0.jpg,1138
1130_face0.jpg,1130
1130_face1.jpg,1130
1130_face2.jpg,1130
1130_face3.jpg,1130
1121_face0.jpg,1121
1120_face0.jpg,1120
1120_face1.jpg,1120
1111_face0.jpg,1111
1111_face1.jpg,1111
1084_face0.jpg,1084
1043_face0.jpg,1043
1031_face0.jpg,1031
1031_face1.jpg,1031
1031_face2.jpg,1031
1031_face3.jpg,1031
1019_face0.jpg,1019
1019_face1.jpg,1019
1019_face2.jpg,1019
1019_face3.jpg,1019
1019_face4.jpg,1019
1019_face5.jpg,1019
1010_face0.jpg,1010
1006_face0.jpg,1006
991_face0.jpg,991
990_face0.jpg,990
990_face1.jpg,990
990_face2.jpg,990
972_face0.jpg,972
964_face0.jpg,964
950_face0.jpg,950
950_face1.jpg,950
927_face0.jpg,927
926_face0.jpg,926
875_face0.jpg,875
843_face0.jpg,843
843_face1.jpg,843
827_face0.jpg,827
827_face1.jpg,827
822_face0.jpg,822
822_face1.jpg,822
759_face0.jpg,759
759_face1.jpg,759
748_face0.jpg,748
721_face0.jpg,721
711_face0.jpg,711
711_face1.jpg,711
704_face0.jpg,704
696_face0.jpg,696
696_face1.jpg,696
670_face0.jpg,670
670_face1.jpg,670
670_face2.jpg,670
653_face0.jpg,653
653_face1.jpg,653
638_face0.jpg,638
637_face0.jpg,637
588_face0.jpg,588
588_face1.jpg,588
588_face2.jpg,588
588_face3.jpg,588
588_face4.jpg,588
537_face0.jpg,537
518_face0.jpg,518
486_face0.jpg,486
486_face1.jpg,486
486_face2.jpg,486
486_face3.jpg,486
486_face4.jpg,486
469_face0.jpg,469
469_face1.jpg,469
469_face2.jpg,469
469_face3.jpg,469
469_face4.jpg,469
464_face0.jpg,464
440_face0.jpg,440
440_face1.jpg,440
440_face2.jpg,440
43_face0.jpg,43
42_face0.jpg,42
415_face0.jpg,415
397_face0.jpg,397
397_face1.jpg,397
393_face0.jpg,393
393_face1.jpg,393
393_face2.jpg,393
393_face3.jpg,393
379_face0.jpg,379
379_face1.jpg,379
379_face2.jpg,379
350_face0.jpg,350
346_face0.jpg,346
341_face0.jpg,341
34_face0.jpg,34
34_face1.jpg,34
338_face0.jpg,338
319_face0.jpg,319
315_face0.jpg,315
310_face0.jpg,310
31_face0.jpg,31
31_face1.jpg,31
24_face0.jpg,24
24_face1.jpg,24
1561_face0.jpg,1561
1560_face0.jpg,1560
1560_face1.jpg,1560
1528_face0.jpg,1528
1528_face1.jpg,1528
1521_face0.jpg,1521
1521_face1.jpg,1521
1521_face2.jpg,1521
1521_face3.jpg,1521
1507_face0.jpg,1507
1488_face0.jpg,1488
1471_face0.jpg,1471
1471_face1.jpg,1471
1463_face0.jpg,1463
1451_face0.jpg,1451
1451_face1.jpg,1451
1449_face0.jpg,1449
1448_face0.jpg,1448
1447_face0.jpg,1447
1446_face0.jpg,1446
1445_face0.jpg,1445
1440_face0.jpg,1440
1427_face0.jpg,1427
1372_face0.jpg,1372
1364_face0.jpg,1364
1360_face0.jpg,1360
136_face0.jpg,136
1352_face0.jpg,1352
1352_face1.jpg,1352
1343_face0.jpg,1343
1320_face0.jpg,1320
1291_face0.jpg,1291
1290_face0.jpg,1290
129_face0.jpg,129
129_face1.jpg,129
129_face2.jpg,129
1277_face0.jpg,1277
1275_face0.jpg,1275
1275_face1.jpg,1275
1271_face0.jpg,1271
1259_face0.jpg,1259
1258_face0.jpg,1258
125_face0.jpg,125
1238_face0.jpg,1238
1236_face0.jpg,1236
1224_face0.jpg,1224
1224_face1.jpg,1224
1224_face2.jpg,1224
122_face0.jpg,122
122_face1.jpg,122
120_face0.jpg,120
12_face0.jpg,12
12_face1.jpg,12
1192_face0.jpg,1192
1178_face0.jpg,1178
1132_face0.jpg,1132
1092_face0.jpg,1092
1085_face0.jpg,1085
1071_face0.jpg,1071
1071_face1.jpg,1071
1071_face2.jpg,1071
1066_face0.jpg,1066
1066_face1.jpg,1066
1066_face2.jpg,1066
1066_face3.jpg,1066
1066_face4.jpg,1066
1066_face5.jpg,1066
1066_face6.jpg,1066
1066_face7.jpg,1066
1066_face8.jpg,1066
1066_face9.jpg,1066
1066_face10.jpg,1066
1066_face11.jpg,1066
1039_face0.jpg,1039
1039_face1.jpg,1039
1035_face0.jpg,1035
1020_face0.jpg,1020
1020_face1.jpg,1020
973_face0.jpg,973
97_face0.jpg,97
97_face1.jpg,97
950_face0.jpg,950
950_face1.jpg,950
950_face2.jpg,950
924_face0.jpg,924
92_face0.jpg,92
907_face0.jpg,907
897_face0.jpg,897
89_face0.jpg,89
89_face1.jpg,89
89_face2.jpg,89
89_face3.jpg,89
867_face0.jpg,867
85_face0.jpg,85
85_face1.jpg,85
840_face0.jpg,840
83_face0.jpg,83
800_face0.jpg,800
80_face0.jpg,80
756_face0.jpg,756
750_face0.jpg,750
729_face0.jpg,729
707_face0.jpg,707
706_face0.jpg,706
703_face0.jpg,703
696_face0.jpg,696
690_face0.jpg,690
679_face0.jpg,679
671_face0.jpg,671
664_face0.jpg,664
648_face0.jpg,648
636_face0.jpg,636
623_face0.jpg,623
610_face0.jpg,610
600_face0.jpg,600
590_face0.jpg,590
590_face1.jpg,590
583_face0.jpg,583
557_face0.jpg,557
552_face0.jpg,552
547_face0.jpg,547
547_face1.jpg,547
521_face0.jpg,521
52_face0.jpg,52
513_face0.jpg,513
51_face0.jpg,51
509_face0.jpg,509
499_face0.jpg,499
499_face1.jpg,499
488_face0.jpg,488
466_face0.jpg,466
43_face0.jpg,43
413_face0.jpg,413
408_face0.jpg,408
408_face1.jpg,408
408_face2.jpg,408
37_face0.jpg,37
369_face0.jpg,369
369_face1.jpg,369
363_face0.jpg,363
349_face0.jpg,349
347_face0.jpg,347
347_face1.jpg,347
343_face0.jpg,343
313_face0.jpg,313
297_face0.jpg,297
274_face0.jpg,274
264_face0.jpg,264
256_face0.jpg,256
256_face1.jpg,256
256_face2.jpg,256
256_face3.jpg,256
256_face4.jpg,256
207_face0.jpg,207
18_face0.jpg,18
18_face1.jpg,18
1501_face0.jpg,1501
1501_face1.jpg,1501
1501_face2.jpg,1501
1500_face0.jpg,1500
1500_face1.jpg,1500
1486_face0.jpg,1486
1484_face0.jpg,1484
1484_face1.jpg,1484
1476_face0.jpg,1476
1470_face0.jpg,1470
1456_face0.jpg,1456
1452_face0.jpg,1452
1452_face1.jpg,1452
1452_face2.jpg,1452
1452_face3.jpg,1452
1443_face0.jpg,1443
1443_face1.jpg,1443
140_face0.jpg,140
1398_face0.jpg,1398
1390_face0.jpg,1390
1385_face0.jpg,1385
1372_face0.jpg,1372
1371_face0.jpg,1371
1366_face0.jpg,1366
1361_face0.jpg,1361
1361_face1.jpg,1361
1361_face2.jpg,1361
1361_face3.jpg,1361
1361_face4.jpg,1361
1361_face5.jpg,1361
1361_face6.jpg,1361
135_face0.jpg,135
134_face0.jpg,134
134_face1.jpg,134
1325_face0.jpg,1325
1306_face0.jpg,1306
1306_face1.jpg,1306
1289_face0.jpg,1289
1289_face1.jpg,1289
1288_face0.jpg,1288
1288_face1.jpg,1288
1280_face0.jpg,1280
1197_face0.jpg,1197
1190_face0.jpg,1190
117_face0.jpg,117
117_face1.jpg,117
1077_face0.jpg,1077
1070_face0.jpg,1070
107_face0.jpg,107
1066_face0.jpg,1066
1066_face1.jpg,1066
1052_face0.jpg,1052
1051_face0.jpg,1051
1051_face1.jpg,1051
1051_face2.jpg,1051
103_face0.jpg,103
103_face1.jpg,103
1023_face0.jpg,1023
1023_face1.jpg,1023
1011_face0.jpg,1011
1006_face0.jpg,1006
1005_face0.jpg,1005
1005_face1.jpg,1005
1005_face2.jpg,1005
973_face0.jpg,973
966_face0.jpg,966
965_face0.jpg,965
960_face0.jpg,960
955_face0.jpg,955
955_face1.jpg,955
955_face2.jpg,955
955_face3.jpg,955
94_face0.jpg,94
94_face1.jpg,94
918_face0.jpg,918
917_face0.jpg,917
894_face0.jpg,894
891_face0.jpg,891
891_face1.jpg,891
889_face0.jpg,889
834_face0.jpg,834
829_face0.jpg,829
829_face1.jpg,829
829_face2.jpg,829
815_face0.jpg,815
802_face0.jpg,802
75_face0.jpg,75
75_face1.jpg,75
75_face2.jpg,75
744_face0.jpg,744
744_face1.jpg,744
742_face0.jpg,742
742_face1.jpg,742
722_face0.jpg,722
722_face1.jpg,722
716_face0.jpg,716
715_face0.jpg,715
715_face1.jpg,715
715_face2.jpg,715
712_face0.jpg,712
689_face0.jpg,689
651_face0.jpg,651
651_face1.jpg,651
651_face2.jpg,651
651_face3.jpg,651
651_face4.jpg,651
63_face0.jpg,63
63_face1.jpg,63
61_face0.jpg,61
61_face1.jpg,61
606_face0.jpg,606
566_face0.jpg,566
513_face0.jpg,513
491_face0.jpg,491
491_face1.jpg,491
482_face0.jpg,482
467_face0.jpg,467
453_face0.jpg,453
448_face0.jpg,448
447_face0.jpg,447
443_face0.jpg,443
433_face0.jpg,433
423_face0.jpg,423
417_face0.jpg,417
416_face0.jpg,416
360_face0.jpg,360
360_face1.jpg,360
360_face2.jpg,360
287_face0.jpg,287
259_face0.jpg,259
239_face0.jpg,239
238_face0.jpg,238
196_face0.jpg,196
187_face0.jpg,187
183_face0.jpg,183
172_face0.jpg,172
166_face0.jpg,166
153_face0.jpg,153
153_face1.jpg,153
153_face2.jpg,153
152_face0.jpg,152
152_face1.jpg,152
1370_face0.jpg,1370
1370_face1.jpg,1370
1369_face0.jpg,1369
1369_face1.jpg,1369
1368_face0.jpg,1368
1368_face1.jpg,1368
1367_face0.jpg,1367
1365_face0.jpg,1365
1364_face0.jpg,1364
1364_face1.jpg,1364
1362_face0.jpg,1362
1362_face1.jpg,1362
1359_face0.jpg,1359
1359_face1.jpg,1359
1334_face0.jpg,1334
1334_face1.jpg,1334
1329_face0.jpg,1329
1329_face1.jpg,1329
1328_face0.jpg,1328
1328_face1.jpg,1328
1328_face2.jpg,1328
1328_face3.jpg,1328
1328_face4.jpg,1328
1328_face5.jpg,1328
1319_face0.jpg,1319
1319_face1.jpg,1319
1288_face0.jpg,1288
1284_face0.jpg,1284
1280_face0.jpg,1280
1253_face0.jpg,1253
1253_face1.jpg,1253
1241_face0.jpg,1241
123_face0.jpg,123
1185_face0.jpg,1185
1185_face1.jpg,1185
1185_face2.jpg,1185
1185_face3.jpg,1185
1183_face0.jpg,1183
1183_face1.jpg,1183
1153_face0.jpg,1153
1153_face1.jpg,1153
1153_face2.jpg,1153
1117_face0.jpg,1117
1113_face0.jpg,1113
1112_face0.jpg,1112
111_face0.jpg,111
1071_face0.jpg,1071
105_face0.jpg,105
105_face1.jpg,105
102_face0.jpg,102
102_face1.jpg,102
102_face2.jpg,102
102_face3.jpg,102
994_face0.jpg,994
971_face0.jpg,971
968_face0.jpg,968
966_face0.jpg,966
966_face1.jpg,966
966_face2.jpg,966
963_face0.jpg,963
87_face0.jpg,87
87_face1.jpg,87
87_face2.jpg,87
862_face0.jpg,862
862_face1.jpg,862
862_face2.jpg,862
851_face0.jpg,851
83_face0.jpg,83
83_face1.jpg,83
83_face2.jpg,83
827_face0.jpg,827
825_face0.jpg,825
824_face0.jpg,824
809_face0.jpg,809
780_face0.jpg,780
776_face0.jpg,776
768_face0.jpg,768
764_face0.jpg,764
744_face0.jpg,744
744_face1.jpg,744
744_face2.jpg,744
744_face3.jpg,744
744_face4.jpg,744
744_face5.jpg,744
733_face0.jpg,733
730_face0.jpg,730
730_face1.jpg,730
73_face0.jpg,73
722_face0.jpg,722
721_face0.jpg,721
717_face0.jpg,717
717_face1.jpg,717
717_face2.jpg,717
717_face3.jpg,717
716_face0.jpg,716
699_face0.jpg,699
649_face0.jpg,649
634_face0.jpg,634
625_face0.jpg,625
625_face1.jpg,625
606_face0.jpg,606
575_face0.jpg,575
552_face0.jpg,552
552_face1.jpg,552
552_face2.jpg,552
538_face0.jpg,538
534_face0.jpg,534
531_face0.jpg,531
530_face0.jpg,530
496_face0.jpg,496
492_face0.jpg,492
479_face0.jpg,479
469_face0.jpg,469
469_face1.jpg,469
432_face0.jpg,432
432_face1.jpg,432
425_face0.jpg,425
425_face1.jpg,425
424_face0.jpg,424
424_face1.jpg,424
417_face0.jpg,417
415_face0.jpg,415
412_face0.jpg,412
399_face0.jpg,399
399_face1.jpg,399
398_face0.jpg,398
396_face0.jpg,396
395_face0.jpg,395
394_face0.jpg,394
385_face0.jpg,385
375_face0.jpg,375
366_face0.jpg,366
366_face1.jpg,366
366_face2.jpg,366
331_face0.jpg,331
300_face0.jpg,300
298_face0.jpg,298
290_face0.jpg,290
275_face0.jpg,275
256_face0.jpg,256
256_face1.jpg,256
25_face0.jpg,25
240_face0.jpg,240
237_face0.jpg,237
230_face0.jpg,230
226_face0.jpg,226
211_face0.jpg,211
208_face0.jpg,208
205_face0.jpg,205
205_face1.jpg,205
182_face0.jpg,182
166_face0.jpg,166
166_face1.jpg,166
158_face0.jpg,158
153_face0.jpg,153
133_face0.jpg,133
1252_face0.jpg,1252
1252_face1.jpg,1252
1252_face2.jpg,1252
1252_face3.jpg,1252
1252_face4.jpg,1252
1244_face0.jpg,1244
1221_face0.jpg,1221
1221_face1.jpg,1221
1219_face0.jpg,1219
1219_face1.jpg,1219
1219_face2.jpg,1219
1219_face3.jpg,1219
1217_face0.jpg,1217
1217_face1.jpg,1217
1205_face0.jpg,1205
1203_face0.jpg,1203
1202_face0.jpg,1202
1198_face0.jpg,1198
1178_face0.jpg,1178
1146_face0.jpg,1146
1138_face0.jpg,1138
1133_face0.jpg,1133
1107_face0.jpg,1107
1107_face1.jpg,1107
1106_face0.jpg,1106
1105_face0.jpg,1105
1098_face0.jpg,1098
1098_face1.jpg,1098
1094_face0.jpg,1094
1092_face0.jpg,1092
1088_face0.jpg,1088
1088_face1.jpg,1088
1027_face0.jpg,1027
1002_face0.jpg,1002
1_face0.jpg,1
1_face1.jpg,1
1_face2.jpg,1
1_face3.jpg,1
1_face4.jpg,1
963_face0.jpg,963
938_face0.jpg,938
935_face0.jpg,935
933_face0.jpg,933
928_face0.jpg,928
928_face1.jpg,928
908_face0.jpg,908
881_face0.jpg,881
881_face1.jpg,881
880_face0.jpg,880
867_face0.jpg,867
867_face1.jpg,867
852_face0.jpg,852
852_face1.jpg,852
852_face2.jpg,852
84_face0.jpg,84
84_face1.jpg,84
84_face2.jpg,84
834_face0.jpg,834
834_face1.jpg,834
82_face0.jpg,82
790_face0.jpg,790
786_face0.jpg,786
781_face0.jpg,781
781_face1.jpg,781
781_face2.jpg,781
781_face3.jpg,781
777_face0.jpg,777
773_face0.jpg,773
763_face0.jpg,763
763_face1.jpg,763
757_face0.jpg,757
757_face1.jpg,757
752_face0.jpg,752
751_face0.jpg,751
751_face1.jpg,751
70_face0.jpg,70
70_face1.jpg,70
70_face2.jpg,70
612_face0.jpg,612
57_face0.jpg,57
56_face0.jpg,56
545_face0.jpg,545
545_face1.jpg,545
507_face0.jpg,507
507_face1.jpg,507
476_face0.jpg,476
475_face0.jpg,475
475_face1.jpg,475
475_face2.jpg,475
475_face3.jpg,475
475_face4.jpg,475
473_face0.jpg,473
462_face0.jpg,462
441_face0.jpg,441
441_face1.jpg,441
429_face0.jpg,429
429_face1.jpg,429
421_face0.jpg,421
412_face0.jpg,412
380_face0.jpg,380
354_face0.jpg,354
351_face0.jpg,351
351_face1.jpg,351
336_face0.jpg,336
326_face0.jpg,326
29_face0.jpg,29
24_face0.jpg,24
24_face1.jpg,24
24_face2.jpg,24
24_face3.jpg,24
237_face0.jpg,237
177_face0.jpg,177
16_face0.jpg,16
16_face1.jpg,16
16_face2.jpg,16
16_face3.jpg,16
144_face0.jpg,144
143_face0.jpg,143
143_face1.jpg,143
143_face2.jpg,143
143_face3.jpg,143
143_face4.jpg,143
143_face5.jpg,143
143_face6.jpg,143
140_face0.jpg,140
126_face0.jpg,126
108_face0.jpg,108
106_face0.jpg,106
1052_face0.jpg,1052
104_face0.jpg,104
1039_face0.jpg,1039
1039_face1.jpg,1039
1039_face2.jpg,1039
1026_face0.jpg,1026
1_face0.jpg,1
974_face0.jpg,974
947_face0.jpg,947
941_face0.jpg,941
941_face1.jpg,941
941_face2.jpg,941
930_face0.jpg,930
930_face1.jpg,930
93_face0.jpg,93
93_face1.jpg,93
913_face0.jpg,913
913_face1.jpg,913
893_face0.jpg,893
876_face0.jpg,876
836_face0.jpg,836
836_face1.jpg,836
836_face2.jpg,836
823_face0.jpg,823
823_face1.jpg,823
823_face2.jpg,823
789_face0.jpg,789
77_face0.jpg,77
77_face1.jpg,77
77_face2.jpg,77
751_face0.jpg,751
738_face0.jpg,738
738_face1.jpg,738
738_face2.jpg,738
737_face0.jpg,737
737_face1.jpg,737
721_face0.jpg,721
721_face1.jpg,721
712_face0.jpg,712
708_face0.jpg,708
708_face1.jpg,708
683_face0.jpg,683
683_face1.jpg,683
683_face2.jpg,683
683_face3.jpg,683
679_face0.jpg,679
679_face1.jpg,679
587_face0.jpg,587
567_face0.jpg,567
567_face1.jpg,567
567_face2.jpg,567
561_face0.jpg,561
561_face1.jpg,561
561_face2.jpg,561
561_face3.jpg,561
561_face4.jpg,561
558_face0.jpg,558
558_face1.jpg,558
549_face0.jpg,549
549_face1.jpg,549
529_face0.jpg,529
529_face1.jpg,529
517_face0.jpg,517
517_face1.jpg,517
506_face0.jpg,506
506_face1.jpg,506
506_face2.jpg,506
447_face0.jpg,447
444_face0.jpg,444
437_face0.jpg,437
395_face0.jpg,395
395_face1.jpg,395
359_face0.jpg,359
355_face0.jpg,355
296_face0.jpg,296
277_face0.jpg,277
266_face0.jpg,266
266_face1.jpg,266
266_face2.jpg,266
226_face0.jpg,226
222_face0.jpg,222
218_face0.jpg,218
218_face1.jpg,218
134_face0.jpg,134
134_face1.jpg,134
112_face0.jpg,112
990_face0.jpg,990
982_face0.jpg,982
982_face1.jpg,982
981_face0.jpg,981
97_face0.jpg,97
947_face0.jpg,947
94_face0.jpg,94
908_face0.jpg,908
904_face0.jpg,904
900_face0.jpg,900
898_face0.jpg,898
88_face0.jpg,88
874_face0.jpg,874
870_face0.jpg,870
858_face0.jpg,858
855_face0.jpg,855
840_face0.jpg,840
837_face0.jpg,837
827_face0.jpg,827
820_face0.jpg,820
820_face1.jpg,820
798_face0.jpg,798
795_face0.jpg,795
788_face0.jpg,788
788_face1.jpg,788
788_face2.jpg,788
784_face0.jpg,784
784_face1.jpg,784
767_face0.jpg,767
760_face0.jpg,760
760_face1.jpg,760
732_face0.jpg,732
715_face0.jpg,715
715_face1.jpg,715
715_face2.jpg,715
715_face3.jpg,715
715_face4.jpg,715
715_face5.jpg,715
701_face0.jpg,701
699_face0.jpg,699
699_face1.jpg,699
699_face2.jpg,699
699_face3.jpg,699
699_face4.jpg,699
692_face0.jpg,692
674_face0.jpg,674
674_face1.jpg,674
671_face0.jpg,671
671_face1.jpg,671
671_face2.jpg,671
670_face0.jpg,670
670_face1.jpg,670
670_face2.jpg,670
652_face0.jpg,652
649_face0.jpg,649
648_face0.jpg,648
618_face0.jpg,618
618_face1.jpg,618
613_face0.jpg,613
60_face0.jpg,60
60_face1.jpg,60
60_face2.jpg,60
578_face0.jpg,578
576_face0.jpg,576
571_face0.jpg,571
558_face0.jpg,558
558_face1.jpg,558
553_face0.jpg,553
517_face0.jpg,517
515_face0.jpg,515
509_face0.jpg,509
497_face0.jpg,497
496_face0.jpg,496
491_face0.jpg,491
477_face0.jpg,477
443_face0.jpg,443
42_face0.jpg,42
407_face0.jpg,407
375_face0.jpg,375
37_face0.jpg,37
35_face0.jpg,35
35_face1.jpg,35
346_face0.jpg,346
314_face0.jpg,314
28_face0.jpg,28
267_face0.jpg,267
267_face1.jpg,267
256_face0.jpg,256
209_face0.jpg,209
204_face0.jpg,204
204_face1.jpg,204
192_face0.jpg,192
1349_face0.jpg,1349
1349_face1.jpg,1349
1348_face0.jpg,1348
1325_face0.jpg,1325
1325_face1.jpg,1325
1302_face0.jpg,1302
1302_face1.jpg,1302
1289_face0.jpg,1289
1289_face1.jpg,1289
1288_face0.jpg,1288
1267_face0.jpg,1267
1267_face1.jpg,1267
1200_face0.jpg,1200
1121_face0.jpg,1121
1121_face1.jpg,1121
1120_face0.jpg,1120
1116_face0.jpg,1116
107_face0.jpg,107
1050_face0.jpg,1050
1048_face0.jpg,1048
1048_face1.jpg,1048
1047_face0.jpg,1047
984_face0.jpg,984
984_face1.jpg,984
984_face2.jpg,984
977_face0.jpg,977
977_face1.jpg,977
977_face2.jpg,977
977_face3.jpg,977
977_face4.jpg,977
977_face5.jpg,977
925_face0.jpg,925
924_face0.jpg,924
924_face1.jpg,924
924_face2.jpg,924
916_face0.jpg,916
916_face1.jpg,916
894_face0.jpg,894
888_face0.jpg,888
888_face1.jpg,888
875_face0.jpg,875
873_face0.jpg,873
869_face0.jpg,869
869_face1.jpg,869
865_face0.jpg,865
855_face0.jpg,855
855_face1.jpg,855
854_face0.jpg,854
797_face0.jpg,797
796_face0.jpg,796
785_face0.jpg,785
757_face0.jpg,757
735_face0.jpg,735
72_face0.jpg,72
71_face0.jpg,71
653_face0.jpg,653
653_face1.jpg,653
637_face0.jpg,637
637_face1.jpg,637
633_face0.jpg,633
630_face0.jpg,630
630_face1.jpg,630
613_face0.jpg,613
590_face0.jpg,590
59_face0.jpg,59
59_face1.jpg,59
58_face0.jpg,58
567_face0.jpg,567
567_face1.jpg,567
567_face2.jpg,567
567_face3.jpg,567
567_face4.jpg,567
550_face0.jpg,550
550_face1.jpg,550
550_face2.jpg,550
540_face0.jpg,540
540_face1.jpg,540
540_face2.jpg,540
536_face0.jpg,536
532_face0.jpg,532
532_face1.jpg,532
528_face0.jpg,528
528_face1.jpg,528
527_face0.jpg,527
526_face0.jpg,526
515_face0.jpg,515
511_face0.jpg,511
496_face0.jpg,496
475_face0.jpg,475
475_face1.jpg,475
475_face2.jpg,475
449_face0.jpg,449
449_face1.jpg,449
449_face2.jpg,449
449_face3.jpg,449
449_face4.jpg,449
41_face0.jpg,41
41_face1.jpg,41
40_face0.jpg,40
40_face1.jpg,40
40_face2.jpg,40
382_face0.jpg,382
367_face0.jpg,367
367_face1.jpg,367
367_face2.jpg,367
367_face3.jpg,367
364_face0.jpg,364
35_face0.jpg,35
288_face0.jpg,288
287_face0.jpg,287
199_face0.jpg,199
199_face1.jpg,199
198_face0.jpg,198
172_face0.jpg,172
1573_face0.jpg,1573
1573_face1.jpg,1573
1573_face2.jpg,1573
1573_face3.jpg,1573
1573_face4.jpg,1573
1572_face0.jpg,1572
1572_face1.jpg,1572
1572_face2.jpg,1572
1572_face3.jpg,1572
1572_face4.jpg,1572
1572_face5.jpg,1572
1572_face6.jpg,1572
1572_face7.jpg,1572
1572_face8.jpg,1572
1572_face9.jpg,1572
1572_face10.jpg,1572
1572_face11.jpg,1572
1572_face12.jpg,1572
1572_face13.jpg,1572
1572_face14.jpg,1572
1572_face15.jpg,1572
1572_face16.jpg,1572
1567_face0.jpg,1567
1561_face0.jpg,1561
1522_face0.jpg,1522
1494_face0.jpg,1494
1494_face1.jpg,1494
1494_face2.jpg,1494
1484_face0.jpg,1484
1475_face0.jpg,1475
1468_face0.jpg,1468
1468_face1.jpg,1468
1468_face2.jpg,1468
1468_face3.jpg,1468
1468_face4.jpg,1468
1468_face5.jpg,1468
1468_face6.jpg,1468
1468_face7.jpg,1468
1468_face8.jpg,1468
1468_face9.jpg,1468
1468_face10.jpg,1468
1468_face11.jpg,1468
1468_face12.jpg,1468
1448_face0.jpg,1448
1413_face0.jpg,1413
1400_face0.jpg,1400
1389_face0.jpg,1389
1382_face0.jpg,1382
1382_face1.jpg,1382
1382_face2.jpg,1382
1359_face0.jpg,1359
1359_face1.jpg,1359
1323_face0.jpg,1323
132_face0.jpg,132
1310_face0.jpg,1310
1301_face0.jpg,1301
1291_face0.jpg,1291
1291_face1.jpg,1291
1291_face2.jpg,1291
1281_face0.jpg,1281
126_face0.jpg,126
1255_face0.jpg,1255
1197_face0.jpg,1197
1197_face1.jpg,1197
1197_face2.jpg,1197
1197_face3.jpg,1197
1191_face0.jpg,1191
1191_face1.jpg,1191
1191_face2.jpg,1191
1191_face3.jpg,1191
1186_face0.jpg,1186
1162_face0.jpg,1162
1133_face0.jpg,1133
1121_face0.jpg,1121
1106_face0.jpg,1106
1106_face1.jpg,1106
1104_face0.jpg,1104
1104_face1.jpg,1104
1104_face2.jpg,1104
1104_face3.jpg,1104
1089_face0.jpg,1089
1086_face0.jpg,1086
1079_face0.jpg,1079
1062_face0.jpg,1062
1056_face0.jpg,1056
1046_face0.jpg,1046
1044_face0.jpg,1044
1044_face1.jpg,1044
1030_face0.jpg,1030
1030_face1.jpg,1030
994_face0.jpg,994
956_face0.jpg,956
956_face1.jpg,956
956_face2.jpg,956
948_face0.jpg,948
939_face0.jpg,939
936_face0.jpg,936
915_face0.jpg,915
899_face0.jpg,899
893_face0.jpg,893
874_face0.jpg,874
849_face0.jpg,849
849_face1.jpg,849
845_face0.jpg,845
836_face0.jpg,836
836_face1.jpg,836
831_face0.jpg,831
760_face0.jpg,760
760_face1.jpg,760
760_face2.jpg,760
760_face3.jpg,760
760_face4.jpg,760
760_face5.jpg,760
760_face6.jpg,760
760_face7.jpg,760
752_face0.jpg,752
752_face1.jpg,752
749_face0.jpg,749
742_face0.jpg,742
742_face1.jpg,742
73_face0.jpg,73
717_face0.jpg,717
716_face0.jpg,716
716_face1.jpg,716
686_face0.jpg,686
686_face1.jpg,686
617_face0.jpg,617
612_face0.jpg,612
6_face0.jpg,6
6_face1.jpg,6
6_face2.jpg,6
58_face0.jpg,58
486_face0.jpg,486
466_face0.jpg,466
466_face1.jpg,466
466_face2.jpg,466
46_face0.jpg,46
45_face0.jpg,45
448_face0.jpg,448
44_face0.jpg,44
427_face0.jpg,427
427_face1.jpg,427
427_face2.jpg,427
427_face3.jpg,427
404_face0.jpg,404
404_face1.jpg,404
404_face2.jpg,404
394_face0.jpg,394
386_face0.jpg,386
386_face1.jpg,386
386_face2.jpg,386
386_face3.jpg,386
386_face4.jpg,386
386_face5.jpg,386
357_face0.jpg,357
335_face0.jpg,335
313_face0.jpg,313
291_face0.jpg,291
229_face0.jpg,229
229_face1.jpg,229
187_face0.jpg,187
1579_face0.jpg,1579
1576_face0.jpg,1576
1573_face0.jpg,1573
1573_face1.jpg,1573
1573_face2.jpg,1573
1555_face0.jpg,1555
1551_face0.jpg,1551
1551_face1.jpg,1551
1545_face0.jpg,1545
149_face0.jpg,149
149_face1.jpg,149
149_face2.jpg,149
1456_face0.jpg,1456
1449_face0.jpg,1449
1449_face1.jpg,1449
1449_face2.jpg,1449
1449_face3.jpg,1449
1426_face0.jpg,1426
1426_face1.jpg,1426
1418_face0.jpg,1418
1414_face0.jpg,1414
1414_face1.jpg,1414
1413_face0.jpg,1413
1412_face0.jpg,1412
1411_face0.jpg,1411
1390_face0.jpg,1390
1390_face1.jpg,1390
1390_face2.jpg,1390
1390_face3.jpg,1390
1390_face4.jpg,1390
1375_face0.jpg,1375
1347_face0.jpg,1347
1336_face0.jpg,1336
1336_face1.jpg,1336
1336_face2.jpg,1336
1332_face0.jpg,1332
1332_face1.jpg,1332
1332_face2.jpg,1332
1332_face3.jpg,1332
1331_face0.jpg,1331
1331_face1.jpg,1331
1331_face2.jpg,1331
1330_face0.jpg,1330
1319_face0.jpg,1319
1302_face0.jpg,1302
1250_face0.jpg,1250
1203_face0.jpg,1203
1203_face1.jpg,1203
1195_face0.jpg,1195
1195_face1.jpg,1195
1195_face2.jpg,1195
1195_face3.jpg,1195
1192_face0.jpg,1192
1177_face0.jpg,1177
1173_face0.jpg,1173
1162_face0.jpg,1162
1140_face0.jpg,1140
1136_face0.jpg,1136
1135_face0.jpg,1135
1135_face1.jpg,1135
1135_face2.jpg,1135
1135_face3.jpg,1135
1135_face4.jpg,1135
1132_face0.jpg,1132
1127_face0.jpg,1127
1118_face0.jpg,1118
1117_face0.jpg,1117
1114_face0.jpg,1114
1106_face0.jpg,1106
1105_face0.jpg,1105
1105_face1.jpg,1105
1105_face2.jpg,1105
1088_face0.jpg,1088
1088_face1.jpg,1088
1045_face0.jpg,1045
1045_face1.jpg,1045
1000_face0.jpg,1000
996_face0.jpg,996
975_face0.jpg,975
964_face0.jpg,964
963_face0.jpg,963
963_face1.jpg,963
963_face2.jpg,963
963_face3.jpg,963
938_face0.jpg,938
932_face0.jpg,932
932_face1.jpg,932
932_face2.jpg,932
925_face0.jpg,925
924_face0.jpg,924
920_face0.jpg,920
913_face0.jpg,913
913_face1.jpg,913
913_face2.jpg,913
913_face3.jpg,913
89_face0.jpg,89
89_face1.jpg,89
89_face2.jpg,89
89_face3.jpg,89
885_face0.jpg,885
845_face0.jpg,845
839_face0.jpg,839
83_face0.jpg,83
817_face0.jpg,817
812_face0.jpg,812
812_face1.jpg,812
79_face0.jpg,79
79_face1.jpg,79
74_face0.jpg,74
735_face0.jpg,735
722_face0.jpg,722
721_face0.jpg,721
721_face1.jpg,721
718_face0.jpg,718
687_face0.jpg,687
687_face1.jpg,687
665_face0.jpg,665
65_face0.jpg,65
63_face0.jpg,63
63_face1.jpg,63
63_face2.jpg,63
621_face0.jpg,621
621_face1.jpg,621
608_face0.jpg,608
563_face0.jpg,563
563_face1.jpg,563
563_face2.jpg,563
551_face0.jpg,551
524_face0.jpg,524
483_face0.jpg,483
469_face0.jpg,469
469_face1.jpg,469
453_face0.jpg,453
453_face1.jpg,453
440_face0.jpg,440
440_face1.jpg,440
435_face0.jpg,435
430_face0.jpg,430
407_face0.jpg,407
407_face1.jpg,407
34_face0.jpg,34
34_face1.jpg,34
34_face2.jpg,34
339_face0.jpg,339
339_face1.jpg,339
339_face2.jpg,339
339_face3.jpg,339
317_face0.jpg,317
31_face0.jpg,31
308_face0.jpg,308
308_face1.jpg,308
304_face0.jpg,304
304_face1.jpg,304
265_face0.jpg,265
239_face0.jpg,239
22_face0.jpg,22
22_face1.jpg,22
213_face0.jpg,213
202_face0.jpg,202
197_face0.jpg,197
190_face0.jpg,190
189_face0.jpg,189
18_face0.jpg,18
171_face0.jpg,171
171_face1.jpg,171
166_face0.jpg,166
155_face0.jpg,155
150_face0.jpg,150
138_face0.jpg,138
138_face1.jpg,138
1332_face0.jpg,1332
1332_face1.jpg,1332
1332_face2.jpg,1332
1330_face0.jpg,1330
1328_face0.jpg,1328
1322_face0.jpg,1322
1322_face1.jpg,1322
1289_face0.jpg,1289
1289_face1.jpg,1289
1289_face2.jpg,1289
1273_face0.jpg,1273
1273_face1.jpg,1273
1250_face0.jpg,1250
1249_face0.jpg,1249
1249_face1.jpg,1249
1249_face2.jpg,1249
1249_face3.jpg,1249
1225_face0.jpg,1225
122_face0.jpg,122
122_face1.jpg,122
122_face2.jpg,122
121_face0.jpg,121
121_face1.jpg,121
121_face2.jpg,121
1193_face0.jpg,1193
1193_face1.jpg,1193
1189_face0.jpg,1189
1185_face0.jpg,1185
1185_face1.jpg,1185
1185_face2.jpg,1185
1172_face0.jpg,1172
1172_face1.jpg,1172
1158_face0.jpg,1158
1158_face1.jpg,1158
1158_face2.jpg,1158
1158_face3.jpg,1158
1158_face4.jpg,1158
1158_face5.jpg,1158
1158_face6.jpg,1158
1158_face7.jpg,1158
1144_face0.jpg,1144
1144_face1.jpg,1144
1140_face0.jpg,1140
1097_face0.jpg,1097
1073_face0.jpg,1073
1061_face0.jpg,1061
1060_face0.jpg,1060
1060_face1.jpg,1060
1036_face0.jpg,1036
1036_face1.jpg,1036
1031_face0.jpg,1031
1014_face0.jpg,1014
1013_face0.jpg,1013
1013_face1.jpg,1013
964_face0.jpg,964
958_face0.jpg,958
958_face1.jpg,958
958_face2.jpg,958
957_face0.jpg,957
956_face0.jpg,956
947_face0.jpg,947
941_face0.jpg,941
941_face1.jpg,941
941_face2.jpg,941
941_face3.jpg,941
939_face0.jpg,939
938_face0.jpg,938
934_face0.jpg,934
930_face0.jpg,930
930_face1.jpg,930
921_face0.jpg,921
912_face0.jpg,912
911_face0.jpg,911
908_face0.jpg,908
908_face1.jpg,908
908_face2.jpg,908
902_face0.jpg,902
902_face1.jpg,902
898_face0.jpg,898
898_face1.jpg,898
896_face0.jpg,896
896_face1.jpg,896
876_face0.jpg,876
856_face0.jpg,856
829_face0.jpg,829
818_face0.jpg,818
815_face0.jpg,815
815_face1.jpg,815
807_face0.jpg,807
8_face0.jpg,8
8_face1.jpg,8
770_face0.jpg,770
749_face0.jpg,749
729_face0.jpg,729
718_face0.jpg,718
705_face0.jpg,705
705_face1.jpg,705
683_face0.jpg,683
683_face1.jpg,683
683_face2.jpg,683
676_face0.jpg,676
665_face0.jpg,665
655_face0.jpg,655
655_face1.jpg,655
652_face0.jpg,652
649_face0.jpg,649
63_face0.jpg,63
622_face0.jpg,622
622_face1.jpg,622
609_face0.jpg,609
609_face1.jpg,609
601_face0.jpg,601
597_face0.jpg,597
593_face0.jpg,593
591_face0.jpg,591
570_face0.jpg,570
570_face1.jpg,570
569_face0.jpg,569
569_face1.jpg,569
553_face0.jpg,553
553_face1.jpg,553
552_face0.jpg,552
552_face1.jpg,552
543_face0.jpg,543
543_face1.jpg,543
54_face0.jpg,54
527_face0.jpg,527
524_face0.jpg,524
514_face0.jpg,514
498_face0.jpg,498
491_face0.jpg,491
491_face1.jpg,491
488_face0.jpg,488
488_face1.jpg,488
488_face2.jpg,488
485_face0.jpg,485
485_face1.jpg,485
485_face2.jpg,485
468_face0.jpg,468
457_face0.jpg,457
447_face0.jpg,447
429_face0.jpg,429
42_face0.jpg,42
403_face0.jpg,403
367_face0.jpg,367
362_face0.jpg,362
334_face0.jpg,334
313_face0.jpg,313
247_face0.jpg,247
235_face0.jpg,235
235_face1.jpg,235
231_face0.jpg,231
228_face0.jpg,228
2_face0.jpg,2
1049_face0.jpg,1049
1039_face0.jpg,1039
1025_face0.jpg,1025
1023_face0.jpg,1023
1023_face1.jpg,1023
1007_face0.jpg,1007
1007_face1.jpg,1007
965_face0.jpg,965
964_face0.jpg,964
926_face0.jpg,926
918_face0.jpg,918
917_face0.jpg,917
916_face0.jpg,916
913_face0.jpg,913
912_face0.jpg,912
912_face1.jpg,912
893_face0.jpg,893
887_face0.jpg,887
854_face0.jpg,854
841_face0.jpg,841
841_face1.jpg,841
791_face0.jpg,791
791_face1.jpg,791
736_face0.jpg,736
730_face0.jpg,730
723_face0.jpg,723
721_face0.jpg,721
706_face0.jpg,706
682_face0.jpg,682
677_face0.jpg,677
673_face0.jpg,673
670_face0.jpg,670
652_face0.jpg,652
652_face1.jpg,652
649_face0.jpg,649
649_face1.jpg,649
638_face0.jpg,638
545_face0.jpg,545
520_face0.jpg,520
518_face0.jpg,518
51_face0.jpg,51
51_face1.jpg,51
50_face0.jpg,50
5_face0.jpg,5
474_face0.jpg,474
473_face0.jpg,473
456_face0.jpg,456
456_face1.jpg,456
456_face2.jpg,456
409_face0.jpg,409
409_face1.jpg,409
409_face2.jpg,409
32_face0.jpg,32
32_face1.jpg,32
316_face0.jpg,316
316_face1.jpg,316
315_face0.jpg,315
308_face0.jpg,308
3_face0.jpg,3
297_face0.jpg,297
297_face1.jpg,297
280_face0.jpg,280
280_face1.jpg,280
158_face0.jpg,158
158_face1.jpg,158
151_face0.jpg,151
150_face0.jpg,150
148_face0.jpg,148
148_face1.jpg,148
148_face2.jpg,148
140_face0.jpg,140
135_face0.jpg,135
1290_face0.jpg,1290
1278_face0.jpg,1278
1278_face1.jpg,1278
1241_face0.jpg,1241
1241_face1.jpg,1241
1228_face0.jpg,1228
1210_face0.jpg,1210
1204_face0.jpg,1204
1201_face0.jpg,1201
1196_face0.jpg,1196
1186_face0.jpg,1186
1174_face0.jpg,1174
1174_face1.jpg,1174
1174_face2.jpg,1174
1170_face0.jpg,1170
1169_face0.jpg,1169
1169_face1.jpg,1169
1169_face2.jpg,1169
1169_face3.jpg,1169
1169_face4.jpg,1169
1159_face0.jpg,1159
1129_face0.jpg,1129
1065_face0.jpg,1065
1065_face1.jpg,1065
1049_face0.jpg,1049
1049_face1.jpg,1049
1049_face2.jpg,1049
1047_face0.jpg,1047
1047_face1.jpg,1047
1047_face2.jpg,1047
1047_face3.jpg,1047
1024_face0.jpg,1024
1023_face0.jpg,1023
1017_face0.jpg,1017
1017_face1.jpg,1017
1014_face0.jpg,1014
1014_face1.jpg,1014
1014_face2.jpg,1014
1014_face3.jpg,1014
1014_face4.jpg,1014
998_face0.jpg,998
985_face0.jpg,985
985_face1.jpg,985
936_face0.jpg,936
927_face0.jpg,927
925_face0.jpg,925
924_face0.jpg,924
910_face0.jpg,910
91_face0.jpg,91
90_face0.jpg,90
90_face1.jpg,90
90_face2.jpg,90
90_face3.jpg,90
88_face0.jpg,88
88_face1.jpg,88
850_face0.jpg,850
850_face1.jpg,850
833_face0.jpg,833
79_face0.jpg,79
777_face0.jpg,777
743_face0.jpg,743
727_face0.jpg,727
708_face0.jpg,708
703_face0.jpg,703
703_face1.jpg,703
703_face2.jpg,703
703_face3.jpg,703
703_face4.jpg,703
685_face0.jpg,685
685_face1.jpg,685
670_face0.jpg,670
663_face0.jpg,663
663_face1.jpg,663
659_face0.jpg,659
654_face0.jpg,654
626_face0.jpg,626
624_face0.jpg,624
602_face0.jpg,602
602_face1.jpg,602
581_face0.jpg,581
581_face1.jpg,581
56_face0.jpg,56
530_face0.jpg,530
52_face0.jpg,52
52_face1.jpg,52
52_face2.jpg,52
52_face3.jpg,52
470_face0.jpg,470
405_face0.jpg,405
405_face1.jpg,405
342_face0.jpg,342
331_face0.jpg,331
331_face1.jpg,331
331_face2.jpg,331
331_face3.jpg,331
289_face0.jpg,289
232_face0.jpg,232
215_face0.jpg,215
207_face0.jpg,207
205_face0.jpg,205
193_face0.jpg,193
190_face0.jpg,190
164_face0.jpg,164
164_face1.jpg,164
14_face0.jpg,14
122_face0.jpg,122
119_face0.jpg,119
119_face1.jpg,119
119_face2.jpg,119
119_face3.jpg,119
1120_face0.jpg,1120
1074_face0.jpg,1074
1062_face0.jpg,1062
1054_face0.jpg,1054
1028_face0.jpg,1028
1018_face0.jpg,1018
1012_face0.jpg,1012
1008_face0.jpg,1008
1002_face0.jpg,1002
1001_face0.jpg,1001
999_face0.jpg,999
999_face1.jpg,999
998_face0.jpg,998
982_face0.jpg,982
982_face1.jpg,982
932_face0.jpg,932
932_face1.jpg,932
932_face2.jpg,932
93_face0.jpg,93
923_face0.jpg,923
923_face1.jpg,923
923_face2.jpg,923
923_face3.jpg,923
912_face0.jpg,912
912_face1.jpg,912
9_face0.jpg,9
899_face0.jpg,899
899_face1.jpg,899
899_face2.jpg,899
890_face0.jpg,890
885_face0.jpg,885
878_face0.jpg,878
877_face0.jpg,877
824_face0.jpg,824
792_face0.jpg,792
792_face1.jpg,792
77_face0.jpg,77
77_face1.jpg,77
756_face0.jpg,756
756_face1.jpg,756
755_face0.jpg,755
741_face0.jpg,741
740_face0.jpg,740
738_face0.jpg,738
738_face1.jpg,738
725_face0.jpg,725
723_face0.jpg,723
718_face0.jpg,718
703_face0.jpg,703
700_face0.jpg,700
689_face0.jpg,689
685_face0.jpg,685
685_face1.jpg,685
685_face2.jpg,685
674_face0.jpg,674
674_face1.jpg,674
665_face0.jpg,665
665_face1.jpg,665
665_face2.jpg,665
636_face0.jpg,636
62_face0.jpg,62
614_face0.jpg,614
613_face0.jpg,613
613_face1.jpg,613
592_face0.jpg,592
591_face0.jpg,591
58_face0.jpg,58
574_face0.jpg,574
574_face1.jpg,574
57_face0.jpg,57
560_face0.jpg,560
533_face0.jpg,533
533_face1.jpg,533
533_face2.jpg,533
533_face3.jpg,533
523_face0.jpg,523
521_face0.jpg,521
521_face1.jpg,521
521_face2.jpg,521
521_face3.jpg,521
521_face4.jpg,521
521_face5.jpg,521
517_face0.jpg,517
452_face0.jpg,452
424_face0.jpg,424
42_face0.jpg,42
403_face0.jpg,403
33_face0.jpg,33
318_face0.jpg,318
318_face1.jpg,318
306_face0.jpg,306
306_face1.jpg,306
306_face2.jpg,306
306_face3.jpg,306
282_face0.jpg,282
282_face1.jpg,282
282_face2.jpg,282
282_face3.jpg,282
248_face0.jpg,248
2_face0.jpg,2
2_face1.jpg,2
198_face0.jpg,198
192_face0.jpg,192
165_face0.jpg,165
163_face0.jpg,163
14_face0.jpg,14
133_face0.jpg,133
1259_face0.jpg,1259
1259_face1.jpg,1259
1258_face0.jpg,1258
1258_face1.jpg,1258
1254_face0.jpg,1254
1252_face0.jpg,1252
1252_face1.jpg,1252
1247_face0.jpg,1247
1247_face1.jpg,1247
1247_face2.jpg,1247
1247_face3.jpg,1247
1247_face4.jpg,1247
1247_face5.jpg,1247
1247_face6.jpg,1247
1235_face0.jpg,1235
1235_face1.jpg,1235
1233_face0.jpg,1233
1226_face0.jpg,1226
1226_face1.jpg,1226
1222_face0.jpg,1222
1206_face0.jpg,1206
1202_face0.jpg,1202
1202_face1.jpg,1202
1180_face0.jpg,1180
1180_face1.jpg,1180
1180_face2.jpg,1180
1180_face3.jpg,1180
1180_face4.jpg,1180
1180_face5.jpg,1180
1170_face0.jpg,1170
1158_face0.jpg,1158
1147_face0.jpg,1147
1145_face0.jpg,1145
1143_face0.jpg,1143
1143_face1.jpg,1143
1143_face2.jpg,1143
1136_face0.jpg,1136
1129_face0.jpg,1129
1123_face0.jpg,1123
1105_face0.jpg,1105
1105_face1.jpg,1105
1098_face0.jpg,1098
1066_face0.jpg,1066
1032_face0.jpg,1032
1031_face0.jpg,1031
1018_face0.jpg,1018
1013_face0.jpg,1013
1011_face0.jpg,1011
1005_face0.jpg,1005
1_face0.jpg,1
1_face1.jpg,1
129_face0.jpg,129
129_face1.jpg,129
1232_face0.jpg,1232
1230_face0.jpg,1230
1217_face0.jpg,1217
1217_face1.jpg,1217
12_face0.jpg,12
1180_face0.jpg,1180
1180_face1.jpg,1180
1180_face2.jpg,1180
1180_face3.jpg,1180
1180_face4.jpg,1180
1180_face5.jpg,1180
116_face0.jpg,116
116_face1.jpg,116
1147_face0.jpg,1147
1147_face1.jpg,1147
114_face0.jpg,114
114_face1.jpg,114
114_face2.jpg,114
114_face3.jpg,114
114_face4.jpg,114
1120_face0.jpg,1120
1120_face1.jpg,1120
1078_face0.jpg,1078
1078_face1.jpg,1078
1073_face0.jpg,1073
1073_face1.jpg,1073
1073_face2.jpg,1073
1073_face3.jpg,1073
1071_face0.jpg,1071
1049_face0.jpg,1049
1048_face0.jpg,1048
1048_face1.jpg,1048
1043_face0.jpg,1043
1043_face1.jpg,1043
1043_face2.jpg,1043
1042_face0.jpg,1042
1027_face0.jpg,1027
1027_face1.jpg,1027
1027_face2.jpg,1027
1027_face3.jpg,1027
1014_face0.jpg,1014
1011_face0.jpg,1011
1005_face0.jpg,1005
200_face0.jpg,200
180_face0.jpg,180
148_face0.jpg,148
147_face0.jpg,147
147_face1.jpg,147
144_face0.jpg,144
144_face1.jpg,144
1430_face0.jpg,1430
1426_face0.jpg,1426
1423_face0.jpg,1423
1415_face0.jpg,1415
1415_face1.jpg,1415
1413_face0.jpg,1413
1412_face0.jpg,1412
1411_face0.jpg,1411
1388_face0.jpg,1388
1388_face1.jpg,1388
1384_face0.jpg,1384
1384_face1.jpg,1384
1380_face0.jpg,1380
1380_face1.jpg,1380
1377_face0.jpg,1377
1354_face0.jpg,1354
1331_face0.jpg,1331
132_face0.jpg,132
132_face1.jpg,132
1302_face0.jpg,1302
1302_face1.jpg,1302
1283_face0.jpg,1283
1275_face0.jpg,1275
1264_face0.jpg,1264
1262_face0.jpg,1262
1262_face1.jpg,1262
1262_face2.jpg,1262
1255_face0.jpg,1255
1255_face1.jpg,1255
1244_face0.jpg,1244
1243_face0.jpg,1243
1243_face1.jpg,1243
1242_face0.jpg,1242
1242_face1.jpg,1242
1236_face0.jpg,1236
1234_face0.jpg,1234
1230_face0.jpg,1230
123_face0.jpg,123
1216_face0.jpg,1216
1210_face0.jpg,1210
1210_face1.jpg,1210
1201_face0.jpg,1201
120_face0.jpg,120
119_face0.jpg,119
119_face1.jpg,119
119_face2.jpg,119
1177_face0.jpg,1177
1168_face0.jpg,1168
1164_face0.jpg,1164
1160_face0.jpg,1160
1159_face0.jpg,1159
1147_face0.jpg,1147
1138_face0.jpg,1138
1110_face0.jpg,1110
1107_face0.jpg,1107
1102_face0.jpg,1102
109_face0.jpg,109
109_face1.jpg,109
109_face2.jpg,109
109_face3.jpg,109
1087_face0.jpg,1087
1074_face0.jpg,1074
1070_face0.jpg,1070
1067_face0.jpg,1067
1054_face0.jpg,1054
1054_face1.jpg,1054
1047_face0.jpg,1047
1047_face1.jpg,1047
1047_face2.jpg,1047
1040_face0.jpg,1040
1031_face0.jpg,1031
1026_face0.jpg,1026
1022_face0.jpg,1022
1013_face0.jpg,1013
1012_face0.jpg,1012
1_face0.jpg,1
579_face0.jpg,579
579_face1.jpg,579
579_face2.jpg,579
579_face3.jpg,579
57_face0.jpg,57
555_face0.jpg,555
517_face0.jpg,517
514_face0.jpg,514
514_face1.jpg,514
514_face2.jpg,514
47_face0.jpg,47
47_face1.jpg,47
453_face0.jpg,453
445_face0.jpg,445
445_face1.jpg,445
439_face0.jpg,439
439_face1.jpg,439
439_face2.jpg,439
439_face3.jpg,439
436_face0.jpg,436
433_face0.jpg,433
433_face1.jpg,433
433_face2.jpg,433
433_face3.jpg,433
430_face0.jpg,430
422_face0.jpg,422
422_face1.jpg,422
422_face2.jpg,422
422_face3.jpg,422
42_face0.jpg,42
418_face0.jpg,418
410_face0.jpg,410
409_face0.jpg,409
347_face0.jpg,347
296_face0.jpg,296
286_face0.jpg,286
261_face0.jpg,261
212_face0.jpg,212
209_face0.jpg,209
187_face0.jpg,187
187_face1.jpg,187
187_face2.jpg,187
171_face0.jpg,171
153_face0.jpg,153
151_face0.jpg,151
148_face0.jpg,148
141_face0.jpg,141
138_face0.jpg,138
137_face0.jpg,137
135_face0.jpg,135
120_face0.jpg,120
120_face1.jpg,120
1196_face0.jpg,1196
119_face0.jpg,119
1181_face0.jpg,1181
1181_face1.jpg,1181
1181_face2.jpg,1181
1181_face3.jpg,1181
1181_face4.jpg,1181
1181_face5.jpg,1181
1160_face0.jpg,1160
1157_face0.jpg,1157
1157_face1.jpg,1157
1153_face0.jpg,1153
1153_face1.jpg,1153
11_face0.jpg,11
11_face1.jpg,11
11_face2.jpg,11
107_face0.jpg,107
1033_face0.jpg,1033
1033_face1.jpg,1033
1029_face0.jpg,1029
1029_face1.jpg,1029
1025_face0.jpg,1025
1000_face0.jpg,1000
100_face0.jpg,100
494_face0.jpg,494
478_face0.jpg,478
470_face0.jpg,470
457_face0.jpg,457
457_face1.jpg,457
457_face2.jpg,457
457_face3.jpg,457
457_face4.jpg,457
457_face5.jpg,457
457_face6.jpg,457
454_face0.jpg,454
447_face0.jpg,447
442_face0.jpg,442
432_face0.jpg,432
43_face0.jpg,43
427_face0.jpg,427
416_face0.jpg,416
408_face0.jpg,408
408_face1.jpg,408
383_face0.jpg,383
383_face1.jpg,383
370_face0.jpg,370
370_face1.jpg,370
370_face2.jpg,370
367_face0.jpg,367
367_face1.jpg,367
363_face0.jpg,363
363_face1.jpg,363
361_face0.jpg,361
361_face1.jpg,361
352_face0.jpg,352
352_face1.jpg,352
339_face0.jpg,339
339_face1.jpg,339
334_face0.jpg,334
334_face1.jpg,334
327_face0.jpg,327
324_face0.jpg,324
320_face0.jpg,320
313_face0.jpg,313
303_face0.jpg,303
303_face1.jpg,303
303_face2.jpg,303
282_face0.jpg,282
282_face1.jpg,282
279_face0.jpg,279
277_face0.jpg,277
273_face0.jpg,273
273_face1.jpg,273
254_face0.jpg,254
253_face0.jpg,253
252_face0.jpg,252
252_face1.jpg,252
251_face0.jpg,251
251_face1.jpg,251
247_face0.jpg,247
207_face0.jpg,207
204_face0.jpg,204
184_face0.jpg,184
179_face0.jpg,179
176_face0.jpg,176
144_face0.jpg,144
144_face1.jpg,144
144_face2.jpg,144
141_face0.jpg,141
133_face0.jpg,133
132_face0.jpg,132
1054_face0.jpg,1054
1030_face0.jpg,1030
1018_face0.jpg,1018
1015_face0.jpg,1015
950_face0.jpg,950
93_face0.jpg,93
922_face0.jpg,922
920_face0.jpg,920
918_face0.jpg,918
914_face0.jpg,914
914_face1.jpg,914
911_face0.jpg,911
904_face0.jpg,904
904_face1.jpg,904
902_face0.jpg,902
902_face1.jpg,902
9_face0.jpg,9
894_face0.jpg,894
888_face0.jpg,888
88_face0.jpg,88
869_face0.jpg,869
842_face0.jpg,842
824_face0.jpg,824
800_face0.jpg,800
800_face1.jpg,800
767_face0.jpg,767
767_face1.jpg,767
760_face0.jpg,760
756_face0.jpg,756
755_face0.jpg,755
755_face1.jpg,755
755_face2.jpg,755
716_face0.jpg,716
709_face0.jpg,709
681_face0.jpg,681
659_face0.jpg,659
647_face0.jpg,647
64_face0.jpg,64
64_face1.jpg,64
630_face0.jpg,630
621_face0.jpg,621
603_face0.jpg,603
603_face1.jpg,603
603_face2.jpg,603
593_face0.jpg,593
572_face0.jpg,572
55_face0.jpg,55
53_face0.jpg,53
53_face1.jpg,53
53_face2.jpg,53
505_face0.jpg,505
459_face0.jpg,459
44_face0.jpg,44
419_face0.jpg,419
419_face1.jpg,419
419_face2.jpg,419
419_face3.jpg,419
409_face0.jpg,409
40_face0.jpg,40
40_face1.jpg,40
392_face0.jpg,392
39_face0.jpg,39
380_face0.jpg,380
379_face0.jpg,379
377_face0.jpg,377
377_face1.jpg,377
377_face2.jpg,377
365_face0.jpg,365
365_face1.jpg,365
344_face0.jpg,344
330_face0.jpg,330
316_face0.jpg,316
305_face0.jpg,305
301_face0.jpg,301
272_face0.jpg,272
272_face1.jpg,272
265_face0.jpg,265
250_face0.jpg,250
234_face0.jpg,234
234_face1.jpg,234
176_face0.jpg,176
17_face0.jpg,17
154_face0.jpg,154
128_face0.jpg,128
126_face0.jpg,126
126_face1.jpg,126
126_face2.jpg,126
1247_face0.jpg,1247
1247_face1.jpg,1247
1247_face2.jpg,1247
1247_face3.jpg,1247
1247_face4.jpg,1247
1247_face5.jpg,1247
1247_face6.jpg,1247
123_face0.jpg,123
1226_face0.jpg,1226
1226_face1.jpg,1226
1176_face0.jpg,1176
1176_face1.jpg,1176
1176_face2.jpg,1176
1176_face3.jpg,1176
1176_face4.jpg,1176
1172_face0.jpg,1172
112_face0.jpg,112
1116_face0.jpg,1116
108_face0.jpg,108
1079_face0.jpg,1079
1079_face1.jpg,1079
1065_face0.jpg,1065
1061_face0.jpg,1061
1055_face0.jpg,1055
1055_face1.jpg,1055
1049_face0.jpg,1049
1043_face0.jpg,1043
1032_face0.jpg,1032
1019_face0.jpg,1019
1009_face0.jpg,1009
1009_face1.jpg,1009
1009_face2.jpg,1009
1009_face3.jpg,1009
1009_face4.jpg,1009
1009_face5.jpg,1009
1009_face6.jpg,1009
1009_face7.jpg,1009
10_face0.jpg,10
559_face0.jpg,559
558_face0.jpg,558
543_face0.jpg,543
522_face0.jpg,522
522_face1.jpg,522
516_face0.jpg,516
516_face1.jpg,516
507_face0.jpg,507
507_face1.jpg,507
507_face2.jpg,507
500_face0.jpg,500
500_face1.jpg,500
500_face2.jpg,500
500_face3.jpg,500
499_face0.jpg,499
433_face0.jpg,433
393_face0.jpg,393
392_face0.jpg,392
385_face0.jpg,385
383_face0.jpg,383
383_face1.jpg,383
371_face0.jpg,371
371_face1.jpg,371
371_face2.jpg,371
371_face3.jpg,371
371_face4.jpg,371
371_face5.jpg,371
345_face0.jpg,345
279_face0.jpg,279
254_face0.jpg,254
254_face1.jpg,254
254_face2.jpg,254
24_face0.jpg,24
24_face1.jpg,24
219_face0.jpg,219
204_face0.jpg,204
189_face0.jpg,189
153_face0.jpg,153
153_face1.jpg,153
153_face2.jpg,153
153_face3.jpg,153
138_face0.jpg,138
138_face1.jpg,138
138_face2.jpg,138
138_face3.jpg,138
138_face4.jpg,138
138_face5.jpg,138
132_face0.jpg,132
132_face1.jpg,132
1192_face0.jpg,1192
1192_face1.jpg,1192
1192_face2.jpg,1192
1192_face3.jpg,1192
1191_face0.jpg,1191
1180_face0.jpg,1180
1180_face1.jpg,1180
1168_face0.jpg,1168
1168_face1.jpg,1168
1168_face2.jpg,1168
1168_face3.jpg,1168
1168_face4.jpg,1168
1168_face5.jpg,1168
1168_face6.jpg,1168
1168_face7.jpg,1168
1168_face8.jpg,1168
1115_face0.jpg,1115
496_face0.jpg,496
494_face0.jpg,494
494_face1.jpg,494
477_face0.jpg,477
47_face0.jpg,47
464_face0.jpg,464
458_face0.jpg,458
457_face0.jpg,457
457_face1.jpg,457
457_face2.jpg,457
436_face0.jpg,436
426_face0.jpg,426
423_face0.jpg,423
423_face1.jpg,423
423_face2.jpg,423
403_face0.jpg,403
403_face1.jpg,403
403_face2.jpg,403
403_face3.jpg,403
403_face4.jpg,403
344_face0.jpg,344
34_face0.jpg,34
336_face0.jpg,336
336_face1.jpg,336
321_face0.jpg,321
319_face0.jpg,319
319_face1.jpg,319
312_face0.jpg,312
311_face0.jpg,311
311_face1.jpg,311
288_face0.jpg,288
287_face0.jpg,287
285_face0.jpg,285
285_face1.jpg,285
284_face0.jpg,284
258_face0.jpg,258
244_face0.jpg,244
238_face0.jpg,238
238_face1.jpg,238
194_face0.jpg,194
183_face0.jpg,183
167_face0.jpg,167
167_face1.jpg,167
16_face0.jpg,16
1439_face0.jpg,1439
1413_face0.jpg,1413
1413_face1.jpg,1413
1412_face0.jpg,1412
1412_face1.jpg,1412
1408_face0.jpg,1408
1408_face1.jpg,1408
1405_face0.jpg,1405
1401_face0.jpg,1401
1399_face0.jpg,1399
1385_face0.jpg,1385
1359_face0.jpg,1359
1358_face0.jpg,1358
1357_face0.jpg,1357
1357_face1.jpg,1357
1312_face0.jpg,1312
1276_face0.jpg,1276
1273_face0.jpg,1273
1273_face1.jpg,1273
124_face0.jpg,124
1227_face0.jpg,1227
1208_face0.jpg,1208
1196_face0.jpg,1196
1196_face1.jpg,1196
1191_face0.jpg,1191
119_face0.jpg,119
110_face0.jpg,110
106_face0.jpg,106
106_face1.jpg,106
106_face2.jpg,106
1041_face0.jpg,1041
1035_face0.jpg,1035
1032_face0.jpg,1032
1005_face0.jpg,1005
1003_face0.jpg,1003
576_face0.jpg,576
572_face0.jpg,572
565_face0.jpg,565
565_face1.jpg,565
565_face2.jpg,565
565_face3.jpg,565
564_face0.jpg,564
558_face0.jpg,558
558_face1.jpg,558
557_face0.jpg,557
555_face0.jpg,555
555_face1.jpg,555
544_face0.jpg,544
524_face0.jpg,524
521_face0.jpg,521
509_face0.jpg,509
505_face0.jpg,505
503_face0.jpg,503
494_face0.jpg,494
485_face0.jpg,485
479_face0.jpg,479
465_face0.jpg,465
464_face0.jpg,464
459_face0.jpg,459
459_face1.jpg,459
420_face0.jpg,420
407_face0.jpg,407
406_face0.jpg,406
406_face1.jpg,406
398_face0.jpg,398
383_face0.jpg,383
383_face1.jpg,383
367_face0.jpg,367
359_face0.jpg,359
345_face0.jpg,345
345_face1.jpg,345
345_face2.jpg,345
345_face3.jpg,345
341_face0.jpg,341
341_face1.jpg,341
341_face2.jpg,341
34_face0.jpg,34
330_face0.jpg,330
330_face1.jpg,330
330_face2.jpg,330
291_face0.jpg,291
270_face0.jpg,270
256_face0.jpg,256
256_face1.jpg,256
256_face2.jpg,256
243_face0.jpg,243
24_face0.jpg,24
24_face1.jpg,24
236_face0.jpg,236
218_face0.jpg,218
217_face0.jpg,217
217_face1.jpg,217
217_face2.jpg,217
217_face3.jpg,217
217_face4.jpg,217
217_face5.jpg,217
215_face0.jpg,215
212_face0.jpg,212
210_face0.jpg,210
210_face1.jpg,210
207_face0.jpg,207
207_face1.jpg,207
2_face0.jpg,2
1375_face0.jpg,1375
1375_face1.jpg,1375
1375_face2.jpg,1375
1304_face0.jpg,1304
13_face0.jpg,13
1296_face0.jpg,1296
1278_face0.jpg,1278
1276_face0.jpg,1276
1275_face0.jpg,1275
1271_face0.jpg,1271
1271_face1.jpg,1271
127_face0.jpg,127
1209_face0.jpg,1209
1209_face1.jpg,1209
1190_face0.jpg,1190
1183_face0.jpg,1183
1183_face1.jpg,1183
118_face0.jpg,118
1165_face0.jpg,1165
1160_face0.jpg,1160
1160_face1.jpg,1160
1139_face0.jpg,1139
1121_face0.jpg,1121
1121_face1.jpg,1121
1094_face0.jpg,1094
1094_face1.jpg,1094
107_face0.jpg,107
1067_face0.jpg,1067
1067_face1.jpg,1067
1047_face0.jpg,1047
1007_face0.jpg,1007
1007_face1.jpg,1007
10_face0.jpg,10
10_face1.jpg,10
10_face2.jpg,10
902_face0.jpg,902
902_face1.jpg,902
897_face0.jpg,897
887_face0.jpg,887
882_face0.jpg,882
863_face0.jpg,863
862_face0.jpg,862
853_face0.jpg,853
853_face1.jpg,853
853_face2.jpg,853
85_face0.jpg,85
85_face1.jpg,85
85_face2.jpg,85
785_face0.jpg,785
781_face0.jpg,781
775_face0.jpg,775
775_face1.jpg,775
775_face2.jpg,775
775_face3.jpg,775
768_face0.jpg,768
758_face0.jpg,758
75_face0.jpg,75
75_face1.jpg,75
75_face2.jpg,75
733_face0.jpg,733
733_face1.jpg,733
706_face0.jpg,706
706_face1.jpg,706
706_face2.jpg,706
70_face0.jpg,70
70_face1.jpg,70
690_face0.jpg,690
668_face0.jpg,668
665_face0.jpg,665
665_face1.jpg,665
664_face0.jpg,664
65_face0.jpg,65
642_face0.jpg,642
629_face0.jpg,629
608_face0.jpg,608
587_face0.jpg,587
586_face0.jpg,586
578_face0.jpg,578
559_face0.jpg,559
542_face0.jpg,542
542_face1.jpg,542
534_face0.jpg,534
51_face0.jpg,51
506_face0.jpg,506
491_face0.jpg,491
491_face1.jpg,491
478_face0.jpg,478
478_face1.jpg,478
478_face2.jpg,478
478_face3.jpg,478
478_face4.jpg,478
478_face5.jpg,478
476_face0.jpg,476
463_face0.jpg,463
463_face1.jpg,463
452_face0.jpg,452
452_face1.jpg,452
451_face0.jpg,451
451_face1.jpg,451
448_face0.jpg,448
448_face1.jpg,448
448_face2.jpg,448
448_face3.jpg,448
447_face0.jpg,447
438_face0.jpg,438
438_face1.jpg,438
438_face2.jpg,438
425_face0.jpg,425
425_face1.jpg,425
410_face0.jpg,410
405_face0.jpg,405
39_face0.jpg,39
39_face1.jpg,39
36_face0.jpg,36
283_face0.jpg,283
283_face1.jpg,283
275_face0.jpg,275
237_face0.jpg,237
228_face0.jpg,228
210_face0.jpg,210
197_face0.jpg,197
192_face0.jpg,192
169_face0.jpg,169
167_face0.jpg,167
163_face0.jpg,163
160_face0.jpg,160
1480_face0.jpg,1480
1479_face0.jpg,1479
1473_face0.jpg,1473
1473_face1.jpg,1473
1473_face2.jpg,1473
1473_face3.jpg,1473
1470_face0.jpg,1470
1438_face0.jpg,1438
1436_face0.jpg,1436
1436_face1.jpg,1436
1436_face2.jpg,1436
1436_face3.jpg,1436
1436_face4.jpg,1436
142_face0.jpg,142
1403_face0.jpg,1403
1393_face0.jpg,1393
1393_face1.jpg,1393
1393_face2.jpg,1393
1386_face0.jpg,1386
1364_face0.jpg,1364
1359_face0.jpg,1359
1349_face0.jpg,1349
1325_face0.jpg,1325
1325_face1.jpg,1325
1325_face2.jpg,1325
1299_face0.jpg,1299
1292_face0.jpg,1292
1292_face1.jpg,1292
1292_face2.jpg,1292
1292_face3.jpg,1292
1258_face0.jpg,1258
1257_face0.jpg,1257
1256_face0.jpg,1256
1252_face0.jpg,1252
1248_face0.jpg,1248
1231_face0.jpg,1231
1225_face0.jpg,1225
1221_face0.jpg,1221
1221_face1.jpg,1221
1212_face0.jpg,1212
1212_face1.jpg,1212
1212_face2.jpg,1212
1212_face3.jpg,1212
1201_face0.jpg,1201
1201_face1.jpg,1201
1201_face2.jpg,1201
1201_face3.jpg,1201
1200_face0.jpg,1200
1190_face0.jpg,1190
1186_face0.jpg,1186
1185_face0.jpg,1185
1174_face0.jpg,1174
1174_face1.jpg,1174
1173_face0.jpg,1173
1173_face1.jpg,1173
1173_face2.jpg,1173
1159_face0.jpg,1159
1130_face0.jpg,1130
1121_face0.jpg,1121
1121_face1.jpg,1121
1121_face2.jpg,1121
112_face0.jpg,112
112_face1.jpg,112
1115_face0.jpg,1115
1110_face0.jpg,1110
1110_face1.jpg,1110
1108_face0.jpg,1108
1085_face0.jpg,1085
1080_face0.jpg,1080
1078_face0.jpg,1078
1078_face1.jpg,1078
1078_face2.jpg,1078
1072_face0.jpg,1072
1068_face0.jpg,1068
1061_face0.jpg,1061
1039_face0.jpg,1039
1037_face0.jpg,1037
1037_face1.jpg,1037
1013_face0.jpg,1013
1008_face0.jpg,1008
1008_face1.jpg,1008
989_face0.jpg,989
989_face1.jpg,989
988_face0.jpg,988
984_face0.jpg,984
984_face1.jpg,984
981_face0.jpg,981
981_face1.jpg,981
947_face0.jpg,947
947_face1.jpg,947
947_face2.jpg,947
947_face3.jpg,947
946_face0.jpg,946
946_face1.jpg,946
935_face0.jpg,935
935_face1.jpg,935
935_face2.jpg,935
935_face3.jpg,935
935_face4.jpg,935
935_face5.jpg,935
925_face0.jpg,925
925_face1.jpg,925
919_face0.jpg,919
914_face0.jpg,914
910_face0.jpg,910
910_face1.jpg,910
898_face0.jpg,898
898_face1.jpg,898
890_face0.jpg,890
884_face0.jpg,884
884_face1.jpg,884
883_face0.jpg,883
883_face1.jpg,883
883_face2.jpg,883
87_face0.jpg,87
852_face0.jpg,852
841_face0.jpg,841
830_face0.jpg,830
814_face0.jpg,814
805_face0.jpg,805
774_face0.jpg,774
774_face1.jpg,774
772_face0.jpg,772
751_face0.jpg,751
747_face0.jpg,747
743_face0.jpg,743
738_face0.jpg,738
738_face1.jpg,738
737_face0.jpg,737
718_face0.jpg,718
716_face0.jpg,716
699_face0.jpg,699
653_face0.jpg,653
653_face1.jpg,653
637_face0.jpg,637
637_face1.jpg,637
637_face2.jpg,637
636_face0.jpg,636
63_face0.jpg,63
63_face1.jpg,63
617_face0.jpg,617
617_face1.jpg,617
617_face2.jpg,617
613_face0.jpg,613
587_face0.jpg,587
583_face0.jpg,583
583_face1.jpg,583
583_face2.jpg,583
560_face0.jpg,560
536_face0.jpg,536
527_face0.jpg,527
518_face0.jpg,518
458_face0.jpg,458
458_face1.jpg,458
455_face0.jpg,455
455_face1.jpg,455
430_face0.jpg,430
404_face0.jpg,404
404_face1.jpg,404
368_face0.jpg,368
368_face1.jpg,368
368_face2.jpg,368
368_face3.jpg,368
364_face0.jpg,364
363_face0.jpg,363
358_face0.jpg,358
331_face0.jpg,331
331_face1.jpg,331
331_face2.jpg,331
331_face3.jpg,331
331_face4.jpg,331
293_face0.jpg,293
291_face0.jpg,291
286_face0.jpg,286
286_face1.jpg,286
284_face0.jpg,284
278_face0.jpg,278
278_face1.jpg,278
276_face0.jpg,276
273_face0.jpg,273
266_face0.jpg,266
244_face0.jpg,244
234_face0.jpg,234
234_face1.jpg,234
21_face0.jpg,21
187_face0.jpg,187
187_face1.jpg,187
187_face2.jpg,187
153_face0.jpg,153
153_face1.jpg,153
153_face2.jpg,153
1479_face0.jpg,1479
1479_face1.jpg,1479
1473_face0.jpg,1473
1456_face0.jpg,1456
1456_face1.jpg,1456
1431_face0.jpg,1431
1431_face1.jpg,1431
1431_face2.jpg,1431
1431_face3.jpg,1431
1431_face4.jpg,1431
1431_face5.jpg,1431
1431_face6.jpg,1431
1422_face0.jpg,1422
14_face0.jpg,14
1397_face0.jpg,1397
1363_face0.jpg,1363
1360_face0.jpg,1360
1350_face0.jpg,1350
1337_face0.jpg,1337
1337_face1.jpg,1337
133_face0.jpg,133
133_face1.jpg,133
133_face2.jpg,133
1314_face0.jpg,1314
1312_face0.jpg,1312
1312_face1.jpg,1312
1302_face0.jpg,1302
1290_face0.jpg,1290
1286_face0.jpg,1286
1286_face1.jpg,1286
1276_face0.jpg,1276
1269_face0.jpg,1269
1269_face1.jpg,1269
126_face0.jpg,126
1257_face0.jpg,1257
1257_face1.jpg,1257
1254_face0.jpg,1254
1224_face0.jpg,1224
1211_face0.jpg,1211
1170_face0.jpg,1170
1148_face0.jpg,1148
1148_face1.jpg,1148
1148_face2.jpg,1148
1145_face0.jpg,1145
1142_face0.jpg,1142
1125_face0.jpg,1125
1125_face1.jpg,1125
1121_face0.jpg,1121
1121_face1.jpg,1121
1121_face2.jpg,1121
1121_face3.jpg,1121
1121_face4.jpg,1121
112_face0.jpg,112
1113_face0.jpg,1113
1113_face1.jpg,1113
1111_face0.jpg,1111
1106_face0.jpg,1106
1106_face1.jpg,1106
1099_face0.jpg,1099
1099_face1.jpg,1099
108_face0.jpg,108
108_face1.jpg,108
108_face2.jpg,108
108_face3.jpg,108
1076_face0.jpg,1076
1070_face0.jpg,1070
107_face0.jpg,107
1055_face0.jpg,1055
1039_face0.jpg,1039
1035_face0.jpg,1035
1035_face1.jpg,1035
1035_face2.jpg,1035
1026_face0.jpg,1026
1026_face1.jpg,1026
1026_face2.jpg,1026
1026_face3.jpg,1026
1002_face0.jpg,1002
1000_face0.jpg,1000
1_face0.jpg,1
1_face1.jpg,1
998_face0.jpg,998
998_face1.jpg,998
975_face0.jpg,975
975_face1.jpg,975
975_face2.jpg,975
975_face3.jpg,975
975_face4.jpg,975
972_face0.jpg,972
972_face1.jpg,972
970_face0.jpg,970
939_face0.jpg,939
923_face0.jpg,923
923_face1.jpg,923
923_face2.jpg,923
914_face0.jpg,914
914_face1.jpg,914
912_face0.jpg,912
912_face1.jpg,912
912_face2.jpg,912
912_face3.jpg,912
912_face4.jpg,912
912_face5.jpg,912
912_face6.jpg,912
912_face7.jpg,912
912_face8.jpg,912
912_face9.jpg,912
912_face10.jpg,912
905_face0.jpg,905
893_face0.jpg,893
893_face1.jpg,893
887_face0.jpg,887
886_face0.jpg,886
879_face0.jpg,879
870_face0.jpg,870
866_face0.jpg,866
863_face0.jpg,863
863_face1.jpg,863
859_face0.jpg,859
858_face0.jpg,858
850_face0.jpg,850
846_face0.jpg,846
83_face0.jpg,83
827_face0.jpg,827
827_face1.jpg,827
827_face2.jpg,827
817_face0.jpg,817
802_face0.jpg,802
802_face1.jpg,802
763_face0.jpg,763
754_face0.jpg,754
754_face1.jpg,754
754_face2.jpg,754
729_face0.jpg,729
729_face1.jpg,729
720_face0.jpg,720
716_face0.jpg,716
706_face0.jpg,706
688_face0.jpg,688
684_face0.jpg,684
679_face0.jpg,679
679_face1.jpg,679
660_face0.jpg,660
658_face0.jpg,658
658_face1.jpg,658
652_face0.jpg,652
652_face1.jpg,652
652_face2.jpg,652
652_face3.jpg,652
652_face4.jpg,652
647_face0.jpg,647
647_face1.jpg,647
644_face0.jpg,644
643_face0.jpg,643
643_face1.jpg,643
637_face0.jpg,637
637_face1.jpg,637
630_face0.jpg,630
624_face0.jpg,624
624_face1.jpg,624
623_face0.jpg,623
623_face1.jpg,623
612_face0.jpg,612
594_face0.jpg,594
593_face0.jpg,593
592_face0.jpg,592
592_face1.jpg,592
592_face2.jpg,592
587_face0.jpg,587
575_face0.jpg,575
569_face0.jpg,569
569_face1.jpg,569
569_face2.jpg,569
554_face0.jpg,554
546_face0.jpg,546
510_face0.jpg,510
500_face0.jpg,500
489_face0.jpg,489
480_face0.jpg,480
480_face1.jpg,480
472_face0.jpg,472
468_face0.jpg,468
468_face1.jpg,468
468_face2.jpg,468
468_face3.jpg,468
457_face0.jpg,457
440_face0.jpg,440
440_face1.jpg,440
418_face0.jpg,418
406_face0.jpg,406
406_face1.jpg,406
401_face0.jpg,401
372_face0.jpg,372
362_face0.jpg,362
362_face1.jpg,362
359_face0.jpg,359
359_face1.jpg,359
356_face0.jpg,356
356_face1.jpg,356
356_face2.jpg,356
350_face0.jpg,350
317_face0.jpg,317
313_face0.jpg,313
313_face1.jpg,313
313_face2.jpg,313
296_face0.jpg,296
296_face1.jpg,296
293_face0.jpg,293
293_face1.jpg,293
293_face2.jpg,293
210_face0.jpg,210
200_face0.jpg,200
184_face0.jpg,184
173_face0.jpg,173
167_face0.jpg,167
163_face0.jpg,163
121_face0.jpg,121
12_face0.jpg,12
1132_face0.jpg,1132
1128_face0.jpg,1128
110_face0.jpg,110
1089_face0.jpg,1089
1089_face1.jpg,1089
1079_face0.jpg,1079
1079_face1.jpg,1079
1076_face0.jpg,1076
1076_face1.jpg,1076
1074_face0.jpg,1074
1074_face1.jpg,1074
1073_face0.jpg,1073
106_face0.jpg,106
106_face1.jpg,106
106_face2.jpg,106
1045_face0.jpg,1045
1040_face0.jpg,1040
1027_face0.jpg,1027
1016_face0.jpg,1016
1013_face0.jpg,1013
1013_face1.jpg,1013
1013_face2.jpg,1013
1009_face0.jpg,1009
996_face0.jpg,996
996_face1.jpg,996
995_face0.jpg,995
972_face0.jpg,972
972_face1.jpg,972
961_face0.jpg,961
953_face0.jpg,953
951_face0.jpg,951
951_face1.jpg,951
896_face0.jpg,896
884_face0.jpg,884
881_face0.jpg,881
879_face0.jpg,879
843_face0.jpg,843
843_face1.jpg,843
843_face2.jpg,843
838_face0.jpg,838
835_face0.jpg,835
835_face1.jpg,835
835_face2.jpg,835
835_face3.jpg,835
835_face4.jpg,835
800_face0.jpg,800
757_face0.jpg,757
756_face0.jpg,756
756_face1.jpg,756
740_face0.jpg,740
725_face0.jpg,725
725_face1.jpg,725
725_face2.jpg,725
725_face3.jpg,725
725_face4.jpg,725
723_face0.jpg,723
69_face0.jpg,69
69_face1.jpg,69
679_face0.jpg,679
674_face0.jpg,674
67_face0.jpg,67
668_face0.jpg,668
668_face1.jpg,668
668_face2.jpg,668
661_face0.jpg,661
661_face1.jpg,661
660_face0.jpg,660
646_face0.jpg,646
644_face0.jpg,644
643_face0.jpg,643
63_face0.jpg,63
626_face0.jpg,626
621_face0.jpg,621
605_face0.jpg,605
597_face0.jpg,597
58_face0.jpg,58
525_face0.jpg,525
524_face0.jpg,524
48_face0.jpg,48
47_face0.jpg,47
428_face0.jpg,428
428_face1.jpg,428
428_face2.jpg,428
418_face0.jpg,418
415_face0.jpg,415
400_face0.jpg,400
391_face0.jpg,391
345_face0.jpg,345
345_face1.jpg,345
285_face0.jpg,285
278_face0.jpg,278
278_face1.jpg,278
265_face0.jpg,265
256_face0.jpg,256
234_face0.jpg,234
23_face0.jpg,23
23_face1.jpg,23
23_face2.jpg,23
23_face3.jpg,23
23_face4.jpg,23
225_face0.jpg,225
218_face0.jpg,218
213_face0.jpg,213
213_face1.jpg,213
206_face0.jpg,206
20_face0.jpg,20
20_face1.jpg,20
20_face2.jpg,20
20_face3.jpg,20
20_face4.jpg,20
20_face5.jpg,20
20_face6.jpg,20
20_face7.jpg,20
159_face0.jpg,159
159_face1.jpg,159
159_face2.jpg,159
159_face3.jpg,159
145_face0.jpg,145
144_face0.jpg,144
142_face0.jpg,142
136_face0.jpg,136
136_face1.jpg,136
13_face0.jpg,13
13_face1.jpg,13
116_face0.jpg,116
116_face1.jpg,116
116_face2.jpg,116
116_face3.jpg,116
1146_face0.jpg,1146
1145_face0.jpg,1145
1127_face0.jpg,1127
1126_face0.jpg,1126
1126_face1.jpg,1126
1126_face2.jpg,1126
1096_face0.jpg,1096
1094_face0.jpg,1094
1094_face1.jpg,1094
1079_face0.jpg,1079
1079_face1.jpg,1079
1077_face0.jpg,1077
1066_face0.jpg,1066
1066_face1.jpg,1066
1038_face0.jpg,1038
1038_face1.jpg,1038
1038_face2.jpg,1038
1037_face0.jpg,1037
1027_face0.jpg,1027
1027_face1.jpg,1027
1027_face2.jpg,1027
1025_face0.jpg,1025
1008_face0.jpg,1008
1008_face1.jpg,1008
999_face0.jpg,999
999_face1.jpg,999
997_face0.jpg,997
995_face0.jpg,995
988_face0.jpg,988
988_face1.jpg,988
970_face0.jpg,970
970_face1.jpg,970
970_face2.jpg,970
970_face3.jpg,970
960_face0.jpg,960
960_face1.jpg,960
960_face2.jpg,960
960_face3.jpg,960
958_face0.jpg,958
958_face1.jpg,958
958_face2.jpg,958
948_face0.jpg,948
948_face1.jpg,948
948_face2.jpg,948
9_face0.jpg,9
9_face1.jpg,9
884_face0.jpg,884
880_face0.jpg,880
88_face0.jpg,88
839_face0.jpg,839
808_face0.jpg,808
755_face0.jpg,755
727_face0.jpg,727
703_face0.jpg,703
687_face0.jpg,687
67_face0.jpg,67
66_face0.jpg,66
66_face1.jpg,66
625_face0.jpg,625
624_face0.jpg,624
61_face0.jpg,61
55_face0.jpg,55
55_face1.jpg,55
546_face0.jpg,546
54_face0.jpg,54
538_face0.jpg,538
45_face0.jpg,45
443_face0.jpg,443
443_face1.jpg,443
443_face2.jpg,443
443_face3.jpg,443
441_face0.jpg,441
439_face0.jpg,439
439_face1.jpg,439
434_face0.jpg,434
434_face1.jpg,434
376_face0.jpg,376
342_face0.jpg,342
342_face1.jpg,342
342_face2.jpg,342
32_face0.jpg,32
32_face1.jpg,32
30_face0.jpg,30
205_face0.jpg,205
184_face0.jpg,184
170_face0.jpg,170
144_face0.jpg,144
144_face1.jpg,144
1334_face0.jpg,1334
1334_face1.jpg,1334
1333_face0.jpg,1333
1333_face1.jpg,1333
1300_face0.jpg,1300
130_face0.jpg,130
130_face1.jpg,130
130_face2.jpg,130
1299_face0.jpg,1299
1299_face1.jpg,1299
1297_face0.jpg,1297
1291_face0.jpg,1291
1291_face1.jpg,1291
1290_face0.jpg,1290
1283_face0.jpg,1283
1283_face1.jpg,1283
1269_face0.jpg,1269
1269_face1.jpg,1269
1269_face2.jpg,1269
1269_face3.jpg,1269
1235_face0.jpg,1235
1235_face1.jpg,1235
1234_face0.jpg,1234
1231_face0.jpg,1231
1231_face1.jpg,1231
1230_face0.jpg,1230
1230_face1.jpg,1230
1223_face0.jpg,1223
1223_face1.jpg,1223
1221_face0.jpg,1221
1210_face0.jpg,1210
121_face0.jpg,121
1209_face0.jpg,1209
1209_face1.jpg,1209
1199_face0.jpg,1199
1194_face0.jpg,1194
1173_face0.jpg,1173
1144_face0.jpg,1144
1130_face0.jpg,1130
110_face0.jpg,110
110_face1.jpg,110
110_face2.jpg,110
11_face0.jpg,11
11_face1.jpg,11
1079_face0.jpg,1079
1078_face0.jpg,1078
1078_face1.jpg,1078
1075_face0.jpg,1075
1075_face1.jpg,1075
1073_face0.jpg,1073
1070_face0.jpg,1070
1069_face0.jpg,1069
1068_face0.jpg,1068
1063_face0.jpg,1063
1063_face1.jpg,1063
1059_face0.jpg,1059
1058_face0.jpg,1058
1058_face1.jpg,1058
1044_face0.jpg,1044
104_face0.jpg,104
1021_face0.jpg,1021
1012_face0.jpg,1012
561_face0.jpg,561
559_face0.jpg,559
558_face0.jpg,558
558_face1.jpg,558
558_face2.jpg,558
558_face3.jpg,558
558_face4.jpg,558
552_face0.jpg,552
550_face0.jpg,550
549_face0.jpg,549
522_face0.jpg,522
508_face0.jpg,508
50_face0.jpg,50
497_face0.jpg,497
494_face0.jpg,494
494_face1.jpg,494
489_face0.jpg,489
487_face0.jpg,487
479_face0.jpg,479
478_face0.jpg,478
455_face0.jpg,455
455_face1.jpg,455
454_face0.jpg,454
454_face1.jpg,454
450_face0.jpg,450
449_face0.jpg,449
449_face1.jpg,449
438_face0.jpg,438
418_face0.jpg,418
417_face0.jpg,417
412_face0.jpg,412
412_face1.jpg,412
402_face0.jpg,402
400_face0.jpg,400
393_face0.jpg,393
356_face0.jpg,356
353_face0.jpg,353
343_face0.jpg,343
343_face1.jpg,343
335_face0.jpg,335
325_face0.jpg,325
30_face0.jpg,30
297_face0.jpg,297
297_face1.jpg,297
292_face0.jpg,292
29_face0.jpg,29
29_face1.jpg,29
274_face0.jpg,274
272_face0.jpg,272
272_face1.jpg,272
270_face0.jpg,270
268_face0.jpg,268
257_face0.jpg,257
257_face1.jpg,257
256_face0.jpg,256
256_face1.jpg,256
256_face2.jpg,256
256_face3.jpg,256
232_face0.jpg,232
219_face0.jpg,219
219_face1.jpg,219
216_face0.jpg,216
214_face0.jpg,214
211_face0.jpg,211
201_face0.jpg,201
199_face0.jpg,199
199_face1.jpg,199
197_face0.jpg,197
194_face0.jpg,194
188_face0.jpg,188
188_face1.jpg,188
163_face0.jpg,163
163_face1.jpg,163
163_face2.jpg,163
1292_face0.jpg,1292
1287_face0.jpg,1287
1282_face0.jpg,1282
1268_face0.jpg,1268
1268_face1.jpg,1268
1268_face2.jpg,1268
1252_face0.jpg,1252
1235_face0.jpg,1235
1235_face1.jpg,1235
1235_face2.jpg,1235
1225_face0.jpg,1225
1225_face1.jpg,1225
1207_face0.jpg,1207
1203_face0.jpg,1203
1183_face0.jpg,1183
1158_face0.jpg,1158
1146_face0.jpg,1146
1125_face0.jpg,1125
1122_face0.jpg,1122
1109_face0.jpg,1109
1098_face0.jpg,1098
1094_face0.jpg,1094
1086_face0.jpg,1086
1082_face0.jpg,1082
1053_face0.jpg,1053
1053_face1.jpg,1053
1048_face0.jpg,1048
1043_face0.jpg,1043
1043_face1.jpg,1043
838_face0.jpg,838
838_face1.jpg,838
823_face0.jpg,823
823_face1.jpg,823
82_face0.jpg,82
804_face0.jpg,804
804_face1.jpg,804
762_face0.jpg,762
759_face0.jpg,759
759_face1.jpg,759
747_face0.jpg,747
713_face0.jpg,713
713_face1.jpg,713
70_face0.jpg,70
70_face1.jpg,70
671_face0.jpg,671
671_face1.jpg,671
671_face2.jpg,671
639_face0.jpg,639
639_face1.jpg,639
639_face2.jpg,639
639_face3.jpg,639
639_face4.jpg,639
639_face5.jpg,639
627_face0.jpg,627
627_face1.jpg,627
627_face2.jpg,627
624_face0.jpg,624
62_face0.jpg,62
616_face0.jpg,616
609_face0.jpg,609
607_face0.jpg,607
607_face1.jpg,607
588_face0.jpg,588
588_face1.jpg,588
578_face0.jpg,578
576_face0.jpg,576
576_face1.jpg,576
576_face2.jpg,576
563_face0.jpg,563
542_face0.jpg,542
529_face0.jpg,529
529_face1.jpg,529
522_face0.jpg,522
515_face0.jpg,515
515_face1.jpg,515
511_face0.jpg,511
506_face0.jpg,506
505_face0.jpg,505
503_face0.jpg,503
491_face0.jpg,491
488_face0.jpg,488
488_face1.jpg,488
486_face0.jpg,486
486_face1.jpg,486
483_face0.jpg,483
474_face0.jpg,474
465_face0.jpg,465
462_face0.jpg,462
461_face0.jpg,461
456_face0.jpg,456
456_face1.jpg,456
450_face0.jpg,450
442_face0.jpg,442
438_face0.jpg,438
429_face0.jpg,429
429_face1.jpg,429
410_face0.jpg,410
410_face1.jpg,410
407_face0.jpg,407
407_face1.jpg,407
400_face0.jpg,400
40_face0.jpg,40
40_face1.jpg,40
40_face2.jpg,40
40_face3.jpg,40
40_face4.jpg,40
395_face0.jpg,395
395_face1.jpg,395
380_face0.jpg,380
380_face1.jpg,380
377_face0.jpg,377
373_face0.jpg,373
368_face0.jpg,368
368_face1.jpg,368
368_face2.jpg,368
341_face0.jpg,341
340_face0.jpg,340
322_face0.jpg,322
250_face0.jpg,250
247_face0.jpg,247
247_face1.jpg,247
212_face0.jpg,212
209_face0.jpg,209
202_face0.jpg,202
201_face0.jpg,201
198_face0.jpg,198
177_face0.jpg,177
1375_face0.jpg,1375
1366_face0.jpg,1366
1354_face0.jpg,1354
133_face0.jpg,133
133_face1.jpg,133
133_face2.jpg,133
1243_face0.jpg,1243
1242_face0.jpg,1242
1234_face0.jpg,1234
1234_face1.jpg,1234
1234_face2.jpg,1234
1234_face3.jpg,1234
1230_face0.jpg,1230
1230_face1.jpg,1230
1223_face0.jpg,1223
1223_face1.jpg,1223
1203_face0.jpg,1203
1203_face1.jpg,1203
1203_face2.jpg,1203
1203_face3.jpg,1203
1203_face4.jpg,1203
1203_face5.jpg,1203
1203_face6.jpg,1203
1203_face7.jpg,1203
12_face0.jpg,12
12_face1.jpg,12
1199_face0.jpg,1199
1184_face0.jpg,1184
1184_face1.jpg,1184
1177_face0.jpg,1177
1094_face0.jpg,1094
1094_face1.jpg,1094
1090_face0.jpg,1090
1090_face1.jpg,1090
1088_face0.jpg,1088
1082_face0.jpg,1082
1080_face0.jpg,1080
1079_face0.jpg,1079
1079_face1.jpg,1079
1078_face0.jpg,1078
1028_face0.jpg,1028
1025_face0.jpg,1025
1025_face1.jpg,1025
1019_face0.jpg,1019
1019_face1.jpg,1019
1016_face0.jpg,1016
1000_face0.jpg,1000
645_face0.jpg,645
644_face0.jpg,644
642_face0.jpg,642
625_face0.jpg,625
623_face0.jpg,623
621_face0.jpg,621
621_face1.jpg,621
61_face0.jpg,61
606_face0.jpg,606
599_face0.jpg,599
599_face1.jpg,599
598_face0.jpg,598
598_face1.jpg,598
598_face2.jpg,598
598_face3.jpg,598
589_face0.jpg,589
584_face0.jpg,584
577_face0.jpg,577
547_face0.jpg,547
531_face0.jpg,531
53_face0.jpg,53
53_face1.jpg,53
53_face2.jpg,53
508_face0.jpg,508
508_face1.jpg,508
502_face0.jpg,502
502_face1.jpg,502
502_face2.jpg,502
470_face0.jpg,470
47_face0.jpg,47
47_face1.jpg,47
463_face0.jpg,463
455_face0.jpg,455
450_face0.jpg,450
445_face0.jpg,445
445_face1.jpg,445
432_face0.jpg,432
432_face1.jpg,432
43_face0.jpg,43
43_face1.jpg,43
425_face0.jpg,425
42_face0.jpg,42
42_face1.jpg,42
418_face0.jpg,418
415_face0.jpg,415
40_face0.jpg,40
40_face1.jpg,40
388_face0.jpg,388
378_face0.jpg,378
377_face0.jpg,377
373_face0.jpg,373
373_face1.jpg,373
373_face2.jpg,373
371_face0.jpg,371
371_face1.jpg,371
371_face2.jpg,371
369_face0.jpg,369
363_face0.jpg,363
363_face1.jpg,363
347_face0.jpg,347
347_face1.jpg,347
341_face0.jpg,341
339_face0.jpg,339
322_face0.jpg,322
318_face0.jpg,318
318_face1.jpg,318
258_face0.jpg,258
246_face0.jpg,246
24_face0.jpg,24
225_face0.jpg,225
223_face0.jpg,223
214_face0.jpg,214
214_face1.jpg,214
203_face0.jpg,203
19_face0.jpg,19
19_face1.jpg,19
19_face2.jpg,19
19_face3.jpg,19
185_face0.jpg,185
185_face1.jpg,185
180_face0.jpg,180
157_face0.jpg,157
154_face0.jpg,154
142_face0.jpg,142
1352_face0.jpg,1352
1338_face0.jpg,1338
1290_face0.jpg,1290
1287_face0.jpg,1287
1279_face0.jpg,1279
127_face0.jpg,127
127_face1.jpg,127
1269_face0.jpg,1269
1257_face0.jpg,1257
1257_face1.jpg,1257
1250_face0.jpg,1250
1243_face0.jpg,1243
1241_face0.jpg,1241
1236_face0.jpg,1236
1234_face0.jpg,1234
1233_face0.jpg,1233
1219_face0.jpg,1219
1199_face0.jpg,1199
119_face0.jpg,119
119_face1.jpg,119
119_face2.jpg,119
119_face3.jpg,119
119_face4.jpg,119
1182_face0.jpg,1182
1171_face0.jpg,1171
1165_face0.jpg,1165
113_face0.jpg,113
113_face1.jpg,113
113_face2.jpg,113
1125_face0.jpg,1125
1077_face0.jpg,1077
1006_face0.jpg,1006
1006_face1.jpg,1006
995_face0.jpg,995
995_face1.jpg,995
993_face0.jpg,993
964_face0.jpg,964
964_face1.jpg,964
892_face0.jpg,892
877_face0.jpg,877
877_face1.jpg,877
863_face0.jpg,863
859_face0.jpg,859
859_face1.jpg,859
813_face0.jpg,813
804_face0.jpg,804
797_face0.jpg,797
792_face0.jpg,792
777_face0.jpg,777
761_face0.jpg,761
761_face1.jpg,761
722_face0.jpg,722
716_face0.jpg,716
715_face0.jpg,715
712_face0.jpg,712
712_face1.jpg,712
712_face2.jpg,712
708_face0.jpg,708
690_face0.jpg,690
685_face0.jpg,685
685_face1.jpg,685
677_face0.jpg,677
672_face0.jpg,672
660_face0.jpg,660
660_face1.jpg,660
660_face2.jpg,660
655_face0.jpg,655
653_face0.jpg,653
636_face0.jpg,636
636_face1.jpg,636
635_face0.jpg,635
633_face0.jpg,633
633_face1.jpg,633
629_face0.jpg,629
612_face0.jpg,612
596_face0.jpg,596
596_face1.jpg,596
593_face0.jpg,593
593_face1.jpg,593
563_face0.jpg,563
552_face0.jpg,552
538_face0.jpg,538
533_face0.jpg,533
498_face0.jpg,498
490_face0.jpg,490
490_face1.jpg,490
489_face0.jpg,489
488_face0.jpg,488
483_face0.jpg,483
483_face1.jpg,483
483_face2.jpg,483
483_face3.jpg,483
48_face0.jpg,48
48_face1.jpg,48
48_face2.jpg,48
479_face0.jpg,479
47_face0.jpg,47
47_face1.jpg,47
47_face2.jpg,47
47_face3.jpg,47
440_face0.jpg,440
408_face0.jpg,408
408_face1.jpg,408
387_face0.jpg,387
387_face1.jpg,387
384_face0.jpg,384
377_face0.jpg,377
377_face1.jpg,377
366_face0.jpg,366
362_face0.jpg,362
356_face0.jpg,356
355_face0.jpg,355
355_face1.jpg,355
352_face0.jpg,352
35_face0.jpg,35
324_face0.jpg,324
315_face0.jpg,315
304_face0.jpg,304
304_face1.jpg,304
284_face0.jpg,284
25_face0.jpg,25
249_face0.jpg,249
249_face1.jpg,249
244_face0.jpg,244
244_face1.jpg,244
230_face0.jpg,230
216_face0.jpg,216
215_face0.jpg,215
205_face0.jpg,205
205_face1.jpg,205
19_face0.jpg,19
19_face1.jpg,19
165_face0.jpg,165
148_face0.jpg,148
144_face0.jpg,144
1125_face0.jpg,1125
1103_face0.jpg,1103
1103_face1.jpg,1103
1101_face0.jpg,1101
1101_face1.jpg,1101
1101_face2.jpg,1101
1101_face3.jpg,1101
11_face0.jpg,11
1098_face0.jpg,1098
1098_face1.jpg,1098
1098_face2.jpg,1098
1098_face3.jpg,1098
1097_face0.jpg,1097
1097_face1.jpg,1097
1084_face0.jpg,1084
1068_face0.jpg,1068
1048_face0.jpg,1048
1029_face0.jpg,1029
1021_face0.jpg,1021
1011_face0.jpg,1011
1011_face1.jpg,1011
1011_face2.jpg,1011
1010_face0.jpg,1010
985_face0.jpg,985
982_face0.jpg,982
977_face0.jpg,977
977_face1.jpg,977
977_face2.jpg,977
969_face0.jpg,969
960_face0.jpg,960
951_face0.jpg,951
947_face0.jpg,947
929_face0.jpg,929
927_face0.jpg,927
927_face1.jpg,927
927_face2.jpg,927
927_face3.jpg,927
92_face0.jpg,92
917_face0.jpg,917
90_face0.jpg,90
870_face0.jpg,870
862_face0.jpg,862
859_face0.jpg,859
853_face0.jpg,853
850_face0.jpg,850
844_face0.jpg,844
835_face0.jpg,835
824_face0.jpg,824
815_face0.jpg,815
811_face0.jpg,811
79_face0.jpg,79
779_face0.jpg,779
779_face1.jpg,779
779_face2.jpg,779
73_face0.jpg,73
73_face1.jpg,73
695_face0.jpg,695
677_face0.jpg,677
622_face0.jpg,622
59_face0.jpg,59
557_face0.jpg,557
557_face1.jpg,557
557_face2.jpg,557
556_face0.jpg,556
554_face0.jpg,554
554_face1.jpg,554
534_face0.jpg,534
534_face1.jpg,534
514_face0.jpg,514
514_face1.jpg,514
514_face2.jpg,514
514_face3.jpg,514
49_face0.jpg,49
49_face1.jpg,49
483_face0.jpg,483
483_face1.jpg,483
462_face0.jpg,462
437_face0.jpg,437
437_face1.jpg,437
435_face0.jpg,435
412_face0.jpg,412
412_face1.jpg,412
406_face0.jpg,406
402_face0.jpg,402
36_face0.jpg,36
36_face1.jpg,36
356_face0.jpg,356
346_face0.jpg,346
335_face0.jpg,335
324_face0.jpg,324
305_face0.jpg,305
304_face0.jpg,304
292_face0.jpg,292
276_face0.jpg,276
275_face0.jpg,275
255_face0.jpg,255
238_face0.jpg,238
167_face0.jpg,167
159_face0.jpg,159
140_face0.jpg,140
140_face1.jpg,140
140_face2.jpg,140
14_face0.jpg,14
124_face0.jpg,124
124_face1.jpg,124
1134_face0.jpg,1134
1134_face1.jpg,1134
1134_face2.jpg,1134
1133_face0.jpg,1133
1103_face0.jpg,1103
1098_face0.jpg,1098
1089_face0.jpg,1089
1080_face0.jpg,1080
1075_face0.jpg,1075
1065_face0.jpg,1065
1065_face1.jpg,1065
1050_face0.jpg,1050
1050_face1.jpg,1050
1038_face0.jpg,1038
1029_face0.jpg,1029
1020_face0.jpg,1020
1020_face1.jpg,1020
1020_face2.jpg,1020
1020_face3.jpg,1020
1020_face4.jpg,1020
1020_face5.jpg,1020
1020_face6.jpg,1020
1020_face7.jpg,1020
1020_face8.jpg,1020
1016_face0.jpg,1016
1016_face1.jpg,1016
943_face0.jpg,943
930_face0.jpg,930
887_face0.jpg,887
879_face0.jpg,879
846_face0.jpg,846
846_face1.jpg,846
838_face0.jpg,838
836_face0.jpg,836
836_face1.jpg,836
832_face0.jpg,832
810_face0.jpg,810
809_face0.jpg,809
807_face0.jpg,807
803_face0.jpg,803
797_face0.jpg,797
792_face0.jpg,792
783_face0.jpg,783
718_face0.jpg,718
711_face0.jpg,711
711_face1.jpg,711
687_face0.jpg,687
666_face0.jpg,666
650_face0.jpg,650
650_face1.jpg,650
650_face2.jpg,650
648_face0.jpg,648
644_face0.jpg,644
639_face0.jpg,639
638_face0.jpg,638
632_face0.jpg,632
621_face0.jpg,621
619_face0.jpg,619
619_face1.jpg,619
605_face0.jpg,605
595_face0.jpg,595
59_face0.jpg,59
59_face1.jpg,59
568_face0.jpg,568
535_face0.jpg,535
535_face1.jpg,535
535_face2.jpg,535
535_face3.jpg,535
530_face0.jpg,530
530_face1.jpg,530
521_face0.jpg,521
497_face0.jpg,497
491_face0.jpg,491
463_face0.jpg,463
463_face1.jpg,463
463_face2.jpg,463
43_face0.jpg,43
40_face0.jpg,40
40_face1.jpg,40
391_face0.jpg,391
385_face0.jpg,385
352_face0.jpg,352
352_face1.jpg,352
337_face0.jpg,337
337_face1.jpg,337
334_face0.jpg,334
334_face1.jpg,334
325_face0.jpg,325
320_face0.jpg,320
320_face1.jpg,320
309_face0.jpg,309
309_face1.jpg,309
302_face0.jpg,302
299_face0.jpg,299
295_face0.jpg,295
295_face1.jpg,295
274_face0.jpg,274
271_face0.jpg,271
270_face0.jpg,270
191_face0.jpg,191
191_face1.jpg,191
18_face0.jpg,18
18_face1.jpg,18
18_face2.jpg,18
18_face3.jpg,18
18_face4.jpg,18
18_face5.jpg,18
18_face6.jpg,18
18_face7.jpg,18
18_face8.jpg,18
18_face9.jpg,18
154_face0.jpg,154
154_face1.jpg,154
150_face0.jpg,150
113_face0.jpg,113
11_face0.jpg,11
106_face0.jpg,106
925_face0.jpg,925
896_face0.jpg,896
886_face0.jpg,886
886_face1.jpg,886
871_face0.jpg,871
869_face0.jpg,869
859_face0.jpg,859
859_face1.jpg,859
857_face0.jpg,857
749_face0.jpg,749
715_face0.jpg,715
687_face0.jpg,687
654_face0.jpg,654
630_face0.jpg,630
625_face0.jpg,625
625_face1.jpg,625
589_face0.jpg,589
581_face0.jpg,581
581_face1.jpg,581
580_face0.jpg,580
578_face0.jpg,578
515_face0.jpg,515
515_face1.jpg,515
508_face0.jpg,508
498_face0.jpg,498
486_face0.jpg,486
486_face1.jpg,486
477_face0.jpg,477
477_face1.jpg,477
477_face2.jpg,477
477_face3.jpg,477
477_face4.jpg,477
477_face5.jpg,477
477_face6.jpg,477
477_face7.jpg,477
477_face8.jpg,477
470_face0.jpg,470
463_face0.jpg,463
463_face1.jpg,463
452_face0.jpg,452
45_face0.jpg,45
45_face1.jpg,45
45_face2.jpg,45
45_face3.jpg,45
45_face4.jpg,45
43_face0.jpg,43
43_face1.jpg,43
43_face2.jpg,43
43_face3.jpg,43
43_face4.jpg,43
395_face0.jpg,395
306_face0.jpg,306
306_face1.jpg,306
247_face0.jpg,247
247_face1.jpg,247
247_face2.jpg,247
138_face0.jpg,138
1_face0.jpg,1
1_face1.jpg,1
842_face0.jpg,842
804_face0.jpg,804
801_face0.jpg,801
801_face1.jpg,801
785_face0.jpg,785
778_face0.jpg,778
768_face0.jpg,768
743_face0.jpg,743
743_face1.jpg,743
742_face0.jpg,742
740_face0.jpg,740
740_face1.jpg,740
689_face0.jpg,689
689_face1.jpg,689
680_face0.jpg,680
680_face1.jpg,680
655_face0.jpg,655
655_face1.jpg,655
655_face2.jpg,655
655_face3.jpg,655
655_face4.jpg,655
655_face5.jpg,655
655_face6.jpg,655
655_face7.jpg,655
655_face8.jpg,655
613_face0.jpg,613
613_face1.jpg,613
613_face2.jpg,613
609_face0.jpg,609
608_face0.jpg,608
608_face1.jpg,608
608_face2.jpg,608
605_face0.jpg,605
605_face1.jpg,605
605_face2.jpg,605
605_face3.jpg,605
605_face4.jpg,605
605_face5.jpg,605
605_face6.jpg,605
605_face7.jpg,605
605_face8.jpg,605
597_face0.jpg,597
597_face1.jpg,597
597_face2.jpg,597
597_face3.jpg,597
596_face0.jpg,596
585_face0.jpg,585
552_face0.jpg,552
542_face0.jpg,542
542_face1.jpg,542
517_face0.jpg,517
517_face1.jpg,517
517_face2.jpg,517
517_face3.jpg,517
517_face4.jpg,517
517_face5.jpg,517
517_face6.jpg,517
517_face7.jpg,517
517_face8.jpg,517
517_face9.jpg,517
517_face10.jpg,517
517_face11.jpg,517
472_face0.jpg,472
463_face0.jpg,463
458_face0.jpg,458
454_face0.jpg,454
436_face0.jpg,436
436_face1.jpg,436
421_face0.jpg,421
385_face0.jpg,385
375_face0.jpg,375
366_face0.jpg,366
366_face1.jpg,366
317_face0.jpg,317
31_face0.jpg,31
29_face0.jpg,29
29_face1.jpg,29
29_face2.jpg,29
29_face3.jpg,29
29_face4.jpg,29
260_face0.jpg,260
260_face1.jpg,260
248_face0.jpg,248
248_face1.jpg,248
248_face2.jpg,248
235_face0.jpg,235
235_face1.jpg,235
232_face0.jpg,232
232_face1.jpg,232
227_face0.jpg,227
224_face0.jpg,224
208_face0.jpg,208
205_face0.jpg,205
202_face0.jpg,202
202_face1.jpg,202
202_face2.jpg,202
202_face3.jpg,202
200_face0.jpg,200
200_face1.jpg,200
200_face2.jpg,200
196_face0.jpg,196
196_face1.jpg,196
176_face0.jpg,176
176_face1.jpg,176
176_face2.jpg,176
176_face3.jpg,176
167_face0.jpg,167
162_face0.jpg,162
162_face1.jpg,162
160_face0.jpg,160
160_face1.jpg,160
148_face0.jpg,148
148_face1.jpg,148
137_face0.jpg,137
129_face0.jpg,129
129_face1.jpg,129
1260_face0.jpg,1260
1253_face0.jpg,1253
1253_face1.jpg,1253
1253_face2.jpg,1253
1253_face3.jpg,1253
1247_face0.jpg,1247
1239_face0.jpg,1239
1239_face1.jpg,1239
1239_face2.jpg,1239
1226_face0.jpg,1226
1226_face1.jpg,1226
1221_face0.jpg,1221
1187_face0.jpg,1187
1180_face0.jpg,1180
1180_face1.jpg,1180
1161_face0.jpg,1161
1161_face1.jpg,1161
1161_face2.jpg,1161
116_face0.jpg,116
114_face0.jpg,114
114_face1.jpg,114
114_face2.jpg,114
1137_face0.jpg,1137
1123_face0.jpg,1123
11_face0.jpg,11
1054_face0.jpg,1054
1054_face1.jpg,1054
102_face0.jpg,102
100_face0.jpg,100
100_face1.jpg,100
100_face2.jpg,100
100_face3.jpg,100
100_face4.jpg,100
712_face0.jpg,712
696_face0.jpg,696
638_face0.jpg,638
638_face1.jpg,638
638_face2.jpg,638
632_face0.jpg,632
630_face0.jpg,630
621_face0.jpg,621
609_face0.jpg,609
59_face0.jpg,59
59_face1.jpg,59
587_face0.jpg,587
587_face1.jpg,587
582_face0.jpg,582
581_face0.jpg,581
578_face0.jpg,578
546_face0.jpg,546
546_face1.jpg,546
527_face0.jpg,527
524_face0.jpg,524
524_face1.jpg,524
513_face0.jpg,513
498_face0.jpg,498
498_face1.jpg,498
498_face2.jpg,498
497_face0.jpg,497
490_face0.jpg,490
474_face0.jpg,474
473_face0.jpg,473
473_face1.jpg,473
473_face2.jpg,473
463_face0.jpg,463
458_face0.jpg,458
451_face0.jpg,451
45_face0.jpg,45
45_face1.jpg,45
402_face0.jpg,402
401_face0.jpg,401
401_face1.jpg,401
399_face0.jpg,399
39_face0.jpg,39
39_face1.jpg,39
366_face0.jpg,366
360_face0.jpg,360
359_face0.jpg,359
330_face0.jpg,330
330_face1.jpg,330
293_face0.jpg,293
293_face1.jpg,293
293_face2.jpg,293
280_face0.jpg,280
252_face0.jpg,252
252_face1.jpg,252
252_face2.jpg,252
245_face0.jpg,245
245_face1.jpg,245
236_face0.jpg,236
236_face1.jpg,236
236_face2.jpg,236
222_face0.jpg,222
217_face0.jpg,217
213_face0.jpg,213
193_face0.jpg,193
193_face1.jpg,193
191_face0.jpg,191
191_face1.jpg,191
19_face0.jpg,19
189_face0.jpg,189
164_face0.jpg,164
157_face0.jpg,157
157_face1.jpg,157
151_face0.jpg,151
151_face1.jpg,151
15_face0.jpg,15
1382_face0.jpg,1382
1382_face1.jpg,1382
1378_face0.jpg,1378
1358_face0.jpg,1358
1356_face0.jpg,1356
1352_face0.jpg,1352
1352_face1.jpg,1352
1351_face0.jpg,1351
1253_face0.jpg,1253
1248_face0.jpg,1248
1175_face0.jpg,1175
1174_face0.jpg,1174
1174_face1.jpg,1174
1174_face2.jpg,1174
1174_face3.jpg,1174
1174_face4.jpg,1174
1136_face0.jpg,1136
1116_face0.jpg,1116
1055_face0.jpg,1055
1055_face1.jpg,1055
1045_face0.jpg,1045
1035_face0.jpg,1035
1034_face0.jpg,1034
1015_face0.jpg,1015
1015_face1.jpg,1015
1000_face0.jpg,1000
1000_face1.jpg,1000
1000_face2.jpg,1000
995_face0.jpg,995
992_face0.jpg,992
983_face0.jpg,983
979_face0.jpg,979
968_face0.jpg,968
96_face0.jpg,96
955_face0.jpg,955
934_face0.jpg,934
903_face0.jpg,903
902_face0.jpg,902
902_face1.jpg,902
902_face2.jpg,902
888_face0.jpg,888
884_face0.jpg,884
884_face1.jpg,884
876_face0.jpg,876
871_face0.jpg,871
865_face0.jpg,865
848_face0.jpg,848
848_face1.jpg,848
847_face0.jpg,847
847_face1.jpg,847
803_face0.jpg,803
803_face1.jpg,803
772_face0.jpg,772
763_face0.jpg,763
75_face0.jpg,75
746_face0.jpg,746
746_face1.jpg,746
725_face0.jpg,725
725_face1.jpg,725
681_face0.jpg,681
681_face1.jpg,681
678_face0.jpg,678
678_face1.jpg,678
672_face0.jpg,672
660_face0.jpg,660
660_face1.jpg,660
660_face2.jpg,660
621_face0.jpg,621
617_face0.jpg,617
615_face0.jpg,615
614_face0.jpg,614
611_face0.jpg,611
611_face1.jpg,611
587_face0.jpg,587
587_face1.jpg,587
587_face2.jpg,587
587_face3.jpg,587
583_face0.jpg,583
583_face1.jpg,583
583_face2.jpg,583
563_face0.jpg,563
558_face0.jpg,558
558_face1.jpg,558
545_face0.jpg,545
541_face0.jpg,541
539_face0.jpg,539
539_face1.jpg,539
539_face2.jpg,539
539_face3.jpg,539
539_face4.jpg,539
539_face5.jpg,539
539_face6.jpg,539
538_face0.jpg,538
538_face1.jpg,538
538_face2.jpg,538
537_face0.jpg,537
537_face1.jpg,537
537_face2.jpg,537
527_face0.jpg,527
527_face1.jpg,527
527_face2.jpg,527
508_face0.jpg,508
483_face0.jpg,483
483_face1.jpg,483
483_face2.jpg,483
483_face3.jpg,483
467_face0.jpg,467
467_face1.jpg,467
443_face0.jpg,443
443_face1.jpg,443
443_face2.jpg,443
443_face3.jpg,443
440_face0.jpg,440
440_face1.jpg,440
436_face0.jpg,436
436_face1.jpg,436
436_face2.jpg,436
436_face3.jpg,436
436_face4.jpg,436
436_face5.jpg,436
412_face0.jpg,412
405_face0.jpg,405
405_face1.jpg,405
395_face0.jpg,395
387_face0.jpg,387
387_face1.jpg,387
367_face0.jpg,367
350_face0.jpg,350
350_face1.jpg,350
350_face2.jpg,350
347_face0.jpg,347
347_face1.jpg,347
347_face2.jpg,347
335_face0.jpg,335
335_face1.jpg,335
320_face0.jpg,320
319_face0.jpg,319
315_face0.jpg,315
315_face1.jpg,315
297_face0.jpg,297
297_face1.jpg,297
287_face0.jpg,287
262_face0.jpg,262
251_face0.jpg,251
251_face1.jpg,251
236_face0.jpg,236
23_face0.jpg,23
22_face0.jpg,22
22_face1.jpg,22
219_face0.jpg,219
219_face1.jpg,219
189_face0.jpg,189
189_face1.jpg,189
189_face2.jpg,189
186_face0.jpg,186
165_face0.jpg,165
160_face0.jpg,160
160_face1.jpg,160
160_face2.jpg,160
160_face3.jpg,160
16_face0.jpg,16
157_face0.jpg,157
157_face1.jpg,157
156_face0.jpg,156
142_face0.jpg,142
133_face0.jpg,133
133_face1.jpg,133
133_face2.jpg,133
129_face0.jpg,129
128_face0.jpg,128
1254_face0.jpg,1254
125_face0.jpg,125
125_face1.jpg,125
1186_face0.jpg,1186
1186_face1.jpg,1186
117_face0.jpg,117
117_face1.jpg,117
1165_face0.jpg,1165
1151_face0.jpg,1151
1151_face1.jpg,1151
1100_face0.jpg,1100
1100_face1.jpg,1100
1100_face2.jpg,1100
1100_face3.jpg,1100
11_face0.jpg,11
11_face1.jpg,11
11_face2.jpg,11
1074_face0.jpg,1074
1074_face1.jpg,1074
1074_face2.jpg,1074
1074_face3.jpg,1074
1058_face0.jpg,1058
1058_face1.jpg,1058
1049_face0.jpg,1049
1036_face0.jpg,1036
1036_face1.jpg,1036
1035_face0.jpg,1035
1033_face0.jpg,1033
1030_face0.jpg,1030
1030_face1.jpg,1030
1006_face0.jpg,1006
1006_face1.jpg,1006
100_face0.jpg,100
906_face0.jpg,906
906_face1.jpg,906
906_face2.jpg,906
903_face0.jpg,903
886_face0.jpg,886
886_face1.jpg,886
885_face0.jpg,885
883_face0.jpg,883
883_face1.jpg,883
88_face0.jpg,88
878_face0.jpg,878
847_face0.jpg,847
847_face1.jpg,847
847_face2.jpg,847
845_face0.jpg,845
825_face0.jpg,825
812_face0.jpg,812
812_face1.jpg,812
812_face2.jpg,812
812_face3.jpg,812
779_face0.jpg,779
771_face0.jpg,771
766_face0.jpg,766
766_face1.jpg,766
696_face0.jpg,696
660_face0.jpg,660
659_face0.jpg,659
659_face1.jpg,659
659_face2.jpg,659
659_face3.jpg,659
651_face0.jpg,651
640_face0.jpg,640
593_face0.jpg,593
584_face0.jpg,584
584_face1.jpg,584
572_face0.jpg,572
571_face0.jpg,571
562_face0.jpg,562
561_face0.jpg,561
547_face0.jpg,547
545_face0.jpg,545
527_face0.jpg,527
508_face0.jpg,508
499_face0.jpg,499
485_face0.jpg,485
485_face1.jpg,485
485_face2.jpg,485
484_face0.jpg,484
484_face1.jpg,484
465_face0.jpg,465
459_face0.jpg,459
459_face1.jpg,459
458_face0.jpg,458
455_face0.jpg,455
439_face0.jpg,439
422_face0.jpg,422
369_face0.jpg,369
369_face1.jpg,369
363_face0.jpg,363
363_face1.jpg,363
358_face0.jpg,358
333_face0.jpg,333
280_face0.jpg,280
279_face0.jpg,279
278_face0.jpg,278
274_face0.jpg,274
266_face0.jpg,266
257_face0.jpg,257
233_face0.jpg,233
228_face0.jpg,228
222_face0.jpg,222
222_face1.jpg,222
199_face0.jpg,199
190_face0.jpg,190
190_face1.jpg,190
187_face0.jpg,187
157_face0.jpg,157
154_face0.jpg,154
154_face1.jpg,154
154_face2.jpg,154
144_face0.jpg,144
144_face1.jpg,144
144_face2.jpg,144
131_face0.jpg,131
1184_face0.jpg,1184
1136_face0.jpg,1136
1134_face0.jpg,1134
1119_face0.jpg,1119
1119_face1.jpg,1119
1105_face0.jpg,1105
1097_face0.jpg,1097
1096_face0.jpg,1096
1074_face0.jpg,1074
1074_face1.jpg,1074
105_face0.jpg,105
1040_face0.jpg,1040
1029_face0.jpg,1029
1029_face1.jpg,1029
1022_face0.jpg,1022
1014_face0.jpg,1014
1013_face0.jpg,1013
989_face0.jpg,989
949_face0.jpg,949
908_face0.jpg,908
905_face0.jpg,905
849_face0.jpg,849
828_face0.jpg,828
823_face0.jpg,823
821_face0.jpg,821
821_face1.jpg,821
821_face2.jpg,821
819_face0.jpg,819
816_face0.jpg,816
785_face0.jpg,785
780_face0.jpg,780
777_face0.jpg,777
777_face1.jpg,777
753_face0.jpg,753
691_face0.jpg,691
680_face0.jpg,680
680_face1.jpg,680
674_face0.jpg,674
640_face0.jpg,640
631_face0.jpg,631
631_face1.jpg,631
631_face2.jpg,631
631_face3.jpg,631
631_face4.jpg,631
610_face0.jpg,610
6_face0.jpg,6
595_face0.jpg,595
539_face0.jpg,539
52_face0.jpg,52
481_face0.jpg,481
474_face0.jpg,474
469_face0.jpg,469
464_face0.jpg,464
432_face0.jpg,432
431_face0.jpg,431
431_face1.jpg,431
431_face2.jpg,431
425_face0.jpg,425
416_face0.jpg,416
416_face1.jpg,416
379_face0.jpg,379
373_face0.jpg,373
357_face0.jpg,357
352_face0.jpg,352
335_face0.jpg,335
319_face0.jpg,319
3_face0.jpg,3
3_face1.jpg,3
261_face0.jpg,261
261_face1.jpg,261
252_face0.jpg,252
250_face0.jpg,250
245_face0.jpg,245
243_face0.jpg,243
213_face0.jpg,213
213_face1.jpg,213
196_face0.jpg,196
196_face1.jpg,196
190_face0.jpg,190
188_face0.jpg,188
164_face0.jpg,164
152_face0.jpg,152
150_face0.jpg,150
130_face0.jpg,130
1034_face0.jpg,1034
861_face0.jpg,861
861_face1.jpg,861
856_face0.jpg,856
856_face1.jpg,856
809_face0.jpg,809
809_face1.jpg,809
800_face0.jpg,800
800_face1.jpg,800
800_face2.jpg,800
758_face0.jpg,758
758_face1.jpg,758
758_face2.jpg,758
739_face0.jpg,739
739_face1.jpg,739
721_face0.jpg,721
647_face0.jpg,647
644_face0.jpg,644
644_face1.jpg,644
644_face2.jpg,644
644_face3.jpg,644
644_face4.jpg,644
644_face5.jpg,644
644_face6.jpg,644
644_face7.jpg,644
644_face8.jpg,644
644_face9.jpg,644
644_face10.jpg,644
644_face11.jpg,644
644_face12.jpg,644
644_face13.jpg,644
644_face14.jpg,644
644_face15.jpg,644
638_face0.jpg,638
632_face0.jpg,632
631_face0.jpg,631
616_face0.jpg,616
610_face0.jpg,610
599_face0.jpg,599
599_face1.jpg,599
598_face0.jpg,598
596_face0.jpg,596
538_face0.jpg,538
528_face0.jpg,528
525_face0.jpg,525
522_face0.jpg,522
522_face1.jpg,522
495_face0.jpg,495
464_face0.jpg,464
444_face0.jpg,444
444_face1.jpg,444
444_face2.jpg,444
436_face0.jpg,436
436_face1.jpg,436
434_face0.jpg,434
434_face1.jpg,434
424_face0.jpg,424
424_face1.jpg,424
417_face0.jpg,417
417_face1.jpg,417
417_face2.jpg,417
412_face0.jpg,412
409_face0.jpg,409
409_face1.jpg,409
409_face2.jpg,409
403_face0.jpg,403
398_face0.jpg,398
356_face0.jpg,356
354_face0.jpg,354
354_face1.jpg,354
354_face2.jpg,354
27_face0.jpg,27
27_face1.jpg,27
27_face2.jpg,27
23_face0.jpg,23
22_face0.jpg,22
196_face0.jpg,196
181_face0.jpg,181
181_face1.jpg,181
146_face0.jpg,146
146_face1.jpg,146
14_face0.jpg,14
14_face1.jpg,14
14_face2.jpg,14
14_face3.jpg,14
123_face0.jpg,123
1_face0.jpg,1
1_face1.jpg,1
1_face2.jpg,1
899_face0.jpg,899
899_face1.jpg,899
896_face0.jpg,896
896_face1.jpg,896
866_face0.jpg,866
866_face1.jpg,866
861_face0.jpg,861
861_face1.jpg,861
857_face0.jpg,857
823_face0.jpg,823
774_face0.jpg,774
773_face0.jpg,773
752_face0.jpg,752
752_face1.jpg,752
752_face2.jpg,752
747_face0.jpg,747
746_face0.jpg,746
74_face0.jpg,74
718_face0.jpg,718
708_face0.jpg,708
708_face1.jpg,708
703_face0.jpg,703
693_face0.jpg,693
663_face0.jpg,663
637_face0.jpg,637
637_face1.jpg,637
637_face2.jpg,637
637_face3.jpg,637
617_face0.jpg,617
617_face1.jpg,617
597_face0.jpg,597
597_face1.jpg,597
591_face0.jpg,591
591_face1.jpg,591
591_face2.jpg,591
574_face0.jpg,574
574_face1.jpg,574
571_face0.jpg,571
571_face1.jpg,571
541_face0.jpg,541
536_face0.jpg,536
520_face0.jpg,520
495_face0.jpg,495
458_face0.jpg,458
458_face1.jpg,458
384_face0.jpg,384
353_face0.jpg,353
353_face1.jpg,353
278_face0.jpg,278
203_face0.jpg,203
997_face0.jpg,997
993_face0.jpg,993
929_face0.jpg,929
929_face1.jpg,929
929_face2.jpg,929
929_face3.jpg,929
911_face0.jpg,911
892_face0.jpg,892
887_face0.jpg,887
885_face0.jpg,885
857_face0.jpg,857
857_face1.jpg,857
852_face0.jpg,852
842_face0.jpg,842
835_face0.jpg,835
835_face1.jpg,835
835_face2.jpg,835
835_face3.jpg,835
835_face4.jpg,835
835_face5.jpg,835
835_face6.jpg,835
835_face7.jpg,835
835_face8.jpg,835
835_face9.jpg,835
835_face10.jpg,835
829_face0.jpg,829
829_face1.jpg,829
824_face0.jpg,824
824_face1.jpg,824
817_face0.jpg,817
817_face1.jpg,817
804_face0.jpg,804
804_face1.jpg,804
795_face0.jpg,795
795_face1.jpg,795
785_face0.jpg,785
785_face1.jpg,785
784_face0.jpg,784
782_face0.jpg,782
761_face0.jpg,761
761_face1.jpg,761
761_face2.jpg,761
761_face3.jpg,761
761_face4.jpg,761
749_face0.jpg,749
749_face1.jpg,749
746_face0.jpg,746
74_face0.jpg,74
74_face1.jpg,74
713_face0.jpg,713
713_face1.jpg,713
713_face2.jpg,713
713_face3.jpg,713
711_face0.jpg,711
710_face0.jpg,710
705_face0.jpg,705
703_face0.jpg,703
703_face1.jpg,703
702_face0.jpg,702
691_face0.jpg,691
691_face1.jpg,691
691_face2.jpg,691
678_face0.jpg,678
676_face0.jpg,676
670_face0.jpg,670
658_face0.jpg,658
655_face0.jpg,655
59_face0.jpg,59
578_face0.jpg,578
578_face1.jpg,578
578_face2.jpg,578
527_face0.jpg,527
502_face0.jpg,502
502_face1.jpg,502
496_face0.jpg,496
496_face1.jpg,496
496_face2.jpg,496
496_face3.jpg,496
484_face0.jpg,484
415_face0.jpg,415
411_face0.jpg,411
400_face0.jpg,400
391_face0.jpg,391
33_face0.jpg,33
287_face0.jpg,287
287_face1.jpg,287
287_face2.jpg,287
287_face3.jpg,287
25_face0.jpg,25
209_face0.jpg,209
209_face1.jpg,209
209_face2.jpg,209
209_face3.jpg,209
148_face0.jpg,148
148_face1.jpg,148
148_face2.jpg,148
148_face3.jpg,148
148_face4.jpg,148
148_face5.jpg,148
1071_face0.jpg,1071
1070_face0.jpg,1070
106_face0.jpg,106
1058_face0.jpg,1058
1058_face1.jpg,1058
1050_face0.jpg,1050
103_face0.jpg,103
1029_face0.jpg,1029
1029_face1.jpg,1029
1029_face2.jpg,1029
1029_face3.jpg,1029
1014_face0.jpg,1014
1011_face0.jpg,1011
995_face0.jpg,995
944_face0.jpg,944
944_face1.jpg,944
934_face0.jpg,934
917_face0.jpg,917
916_face0.jpg,916
864_face0.jpg,864
864_face1.jpg,864
853_face0.jpg,853
842_face0.jpg,842
839_face0.jpg,839
838_face0.jpg,838
836_face0.jpg,836
836_face1.jpg,836
827_face0.jpg,827
817_face0.jpg,817
815_face0.jpg,815
815_face1.jpg,815
813_face0.jpg,813
813_face1.jpg,813
813_face2.jpg,813
802_face0.jpg,802
797_face0.jpg,797
784_face0.jpg,784
778_face0.jpg,778
778_face1.jpg,778
776_face0.jpg,776
771_face0.jpg,771
771_face1.jpg,771
764_face0.jpg,764
763_face0.jpg,763
763_face1.jpg,763
762_face0.jpg,762
758_face0.jpg,758
758_face1.jpg,758
716_face0.jpg,716
716_face1.jpg,716
713_face0.jpg,713
713_face1.jpg,713
692_face0.jpg,692
691_face0.jpg,691
691_face1.jpg,691
691_face2.jpg,691
691_face3.jpg,691
627_face0.jpg,627
625_face0.jpg,625
625_face1.jpg,625
625_face2.jpg,625
625_face3.jpg,625
625_face4.jpg,625
625_face5.jpg,625
619_face0.jpg,619
616_face0.jpg,616
614_face0.jpg,614
602_face0.jpg,602
58_face0.jpg,58
56_face0.jpg,56
52_face0.jpg,52
5_face0.jpg,5
485_face0.jpg,485
456_face0.jpg,456
456_face1.jpg,456
456_face2.jpg,456
45_face0.jpg,45
444_face0.jpg,444
432_face0.jpg,432
429_face0.jpg,429
419_face0.jpg,419
419_face1.jpg,419
414_face0.jpg,414
398_face0.jpg,398
398_face1.jpg,398
398_face2.jpg,398
391_face0.jpg,391
391_face1.jpg,391
391_face2.jpg,391
357_face0.jpg,357
357_face1.jpg,357
337_face0.jpg,337
328_face0.jpg,328
306_face0.jpg,306
306_face1.jpg,306
3_face0.jpg,3
292_face0.jpg,292
292_face1.jpg,292
282_face0.jpg,282
282_face1.jpg,282
281_face0.jpg,281
279_face0.jpg,279
276_face0.jpg,276
270_face0.jpg,270
27_face0.jpg,27
268_face0.jpg,268
258_face0.jpg,258
251_face0.jpg,251
219_face0.jpg,219
192_face0.jpg,192
152_face0.jpg,152
152_face1.jpg,152
129_face0.jpg,129
129_face1.jpg,129
1282_face0.jpg,1282
1200_face0.jpg,1200
1198_face0.jpg,1198
1184_face0.jpg,1184
1163_face0.jpg,1163
1158_face0.jpg,1158
1120_face0.jpg,1120
1097_face0.jpg,1097
1078_face0.jpg,1078
1036_face0.jpg,1036
1036_face1.jpg,1036
1036_face2.jpg,1036
1036_face3.jpg,1036
1036_face4.jpg,1036
1030_face0.jpg,1030
1030_face1.jpg,1030
1030_face2.jpg,1030
1030_face3.jpg,1030
1027_face0.jpg,1027
1027_face1.jpg,1027
965_face0.jpg,965
955_face0.jpg,955
955_face1.jpg,955
925_face0.jpg,925
925_face1.jpg,925
925_face2.jpg,925
921_face0.jpg,921
918_face0.jpg,918
913_face0.jpg,913
913_face1.jpg,913
912_face0.jpg,912
912_face1.jpg,912
912_face2.jpg,912
907_face0.jpg,907
882_face0.jpg,882
875_face0.jpg,875
875_face1.jpg,875
875_face2.jpg,875
875_face3.jpg,875
875_face4.jpg,875
843_face0.jpg,843
843_face1.jpg,843
812_face0.jpg,812
812_face1.jpg,812
812_face2.jpg,812
811_face0.jpg,811
806_face0.jpg,806
805_face0.jpg,805
805_face1.jpg,805
804_face0.jpg,804
803_face0.jpg,803
798_face0.jpg,798
792_face0.jpg,792
788_face0.jpg,788
781_face0.jpg,781
778_face0.jpg,778
776_face0.jpg,776
772_face0.jpg,772
771_face0.jpg,771
771_face1.jpg,771
761_face0.jpg,761
755_face0.jpg,755
746_face0.jpg,746
727_face0.jpg,727
727_face1.jpg,727
716_face0.jpg,716
716_face1.jpg,716
716_face2.jpg,716
716_face3.jpg,716
709_face0.jpg,709
709_face1.jpg,709
706_face0.jpg,706
706_face1.jpg,706
705_face0.jpg,705
705_face1.jpg,705
681_face0.jpg,681
675_face0.jpg,675
675_face1.jpg,675
675_face2.jpg,675
674_face0.jpg,674
674_face1.jpg,674
66_face0.jpg,66
626_face0.jpg,626
625_face0.jpg,625
602_face0.jpg,602
6_face0.jpg,6
6_face1.jpg,6
598_face0.jpg,598
598_face1.jpg,598
585_face0.jpg,585
579_face0.jpg,579
576_face0.jpg,576
576_face1.jpg,576
576_face2.jpg,576
567_face0.jpg,567
559_face0.jpg,559
559_face1.jpg,559
559_face2.jpg,559
559_face3.jpg,559
559_face4.jpg,559
559_face5.jpg,559
549_face0.jpg,549
538_face0.jpg,538
538_face1.jpg,538
536_face0.jpg,536
533_face0.jpg,533
516_face0.jpg,516
516_face1.jpg,516
510_face0.jpg,510
504_face0.jpg,504
494_face0.jpg,494
489_face0.jpg,489
480_face0.jpg,480
480_face1.jpg,480
479_face0.jpg,479
470_face0.jpg,470
440_face0.jpg,440
435_face0.jpg,435
433_face0.jpg,433
430_face0.jpg,430
430_face1.jpg,430
426_face0.jpg,426
426_face1.jpg,426
422_face0.jpg,422
421_face0.jpg,421
421_face1.jpg,421
415_face0.jpg,415
367_face0.jpg,367
367_face1.jpg,367
367_face2.jpg,367
367_face3.jpg,367
363_face0.jpg,363
360_face0.jpg,360
318_face0.jpg,318
318_face1.jpg,318
318_face2.jpg,318
318_face3.jpg,318
308_face0.jpg,308
303_face0.jpg,303
300_face0.jpg,300
289_face0.jpg,289
289_face1.jpg,289
268_face0.jpg,268
268_face1.jpg,268
265_face0.jpg,265
265_face1.jpg,265
26_face0.jpg,26
26_face1.jpg,26
249_face0.jpg,249
206_face0.jpg,206
204_face0.jpg,204
199_face0.jpg,199
199_face1.jpg,199
199_face2.jpg,199
186_face0.jpg,186
186_face1.jpg,186
183_face0.jpg,183
183_face1.jpg,183
175_face0.jpg,175
175_face1.jpg,175
175_face2.jpg,175
1247_face0.jpg,1247
1224_face0.jpg,1224
1224_face1.jpg,1224
1220_face0.jpg,1220
1213_face0.jpg,1213
1208_face0.jpg,1208
1207_face0.jpg,1207
1206_face0.jpg,1206
1194_face0.jpg,1194
1192_face0.jpg,1192
1192_face1.jpg,1192
1192_face2.jpg,1192
1192_face3.jpg,1192
1192_face4.jpg,1192
1191_face0.jpg,1191
1191_face1.jpg,1191
1153_face0.jpg,1153
1132_face0.jpg,1132
113_face0.jpg,113
1117_face0.jpg,1117
1117_face1.jpg,1117
1115_face0.jpg,1115
111_face0.jpg,111
111_face1.jpg,111
111_face2.jpg,111
1100_face0.jpg,1100
1089_face0.jpg,1089
1036_face0.jpg,1036
1031_face0.jpg,1031
1031_face1.jpg,1031
1030_face0.jpg,1030
1030_face1.jpg,1030
1011_face0.jpg,1011
1011_face1.jpg,1011
1011_face2.jpg,1011
1004_face0.jpg,1004
1004_face1.jpg,1004
1001_face0.jpg,1001
991_face0.jpg,991
974_face0.jpg,974
974_face1.jpg,974
971_face0.jpg,971
971_face1.jpg,971
952_face0.jpg,952
952_face1.jpg,952
940_face0.jpg,940
940_face1.jpg,940
934_face0.jpg,934
934_face1.jpg,934
902_face0.jpg,902
899_face0.jpg,899
899_face1.jpg,899
892_face0.jpg,892
881_face0.jpg,881
879_face0.jpg,879
868_face0.jpg,868
853_face0.jpg,853
841_face0.jpg,841
841_face1.jpg,841
834_face0.jpg,834
833_face0.jpg,833
830_face0.jpg,830
830_face1.jpg,830
828_face0.jpg,828
825_face0.jpg,825
813_face0.jpg,813
805_face0.jpg,805
800_face0.jpg,800
799_face0.jpg,799
798_face0.jpg,798
797_face0.jpg,797
781_face0.jpg,781
780_face0.jpg,780
753_face0.jpg,753
738_face0.jpg,738
737_face0.jpg,737
735_face0.jpg,735
724_face0.jpg,724
686_face0.jpg,686
661_face0.jpg,661
646_face0.jpg,646
635_face0.jpg,635
59_face0.jpg,59
588_face0.jpg,588
588_face1.jpg,588
585_face0.jpg,585
543_face0.jpg,543
536_face0.jpg,536
520_face0.jpg,520
518_face0.jpg,518
518_face1.jpg,518
505_face0.jpg,505
505_face1.jpg,505
468_face0.jpg,468
468_face1.jpg,468
464_face0.jpg,464
459_face0.jpg,459
451_face0.jpg,451
428_face0.jpg,428
428_face1.jpg,428
428_face2.jpg,428
428_face3.jpg,428
428_face4.jpg,428
428_face5.jpg,428
414_face0.jpg,414
407_face0.jpg,407
407_face1.jpg,407
403_face0.jpg,403
379_face0.jpg,379
369_face0.jpg,369
351_face0.jpg,351
341_face0.jpg,341
341_face1.jpg,341
341_face2.jpg,341
336_face0.jpg,336
336_face1.jpg,336
330_face0.jpg,330
30_face0.jpg,30
293_face0.jpg,293
293_face1.jpg,293
269_face0.jpg,269
268_face0.jpg,268
267_face0.jpg,267
264_face0.jpg,264
263_face0.jpg,263
263_face1.jpg,263
250_face0.jpg,250
249_face0.jpg,249
247_face0.jpg,247
238_face0.jpg,238
208_face0.jpg,208
202_face0.jpg,202
202_face1.jpg,202
202_face2.jpg,202
202_face3.jpg,202
202_face4.jpg,202
202_face5.jpg,202
202_face6.jpg,202
202_face7.jpg,202
202_face8.jpg,202
202_face9.jpg,202
202_face10.jpg,202
202_face11.jpg,202
202_face12.jpg,202
200_face0.jpg,200
200_face1.jpg,200
200_face2.jpg,200
200_face3.jpg,200
200_face4.jpg,200
200_face5.jpg,200
200_face6.jpg,200
200_face7.jpg,200
200_face8.jpg,200
200_face9.jpg,200
200_face10.jpg,200
200_face11.jpg,200
186_face0.jpg,186
186_face1.jpg,186
186_face2.jpg,186
154_face0.jpg,154
149_face0.jpg,149
149_face1.jpg,149
1275_face0.jpg,1275
1270_face0.jpg,1270
1270_face1.jpg,1270
1268_face0.jpg,1268
1268_face1.jpg,1268
1268_face2.jpg,1268
1155_face0.jpg,1155
1127_face0.jpg,1127
1124_face0.jpg,1124
1123_face0.jpg,1123
1123_face1.jpg,1123
1123_face2.jpg,1123
1082_face0.jpg,1082
1082_face1.jpg,1082
1078_face0.jpg,1078
1078_face1.jpg,1078
1051_face0.jpg,1051
1042_face0.jpg,1042
1025_face0.jpg,1025
1024_face0.jpg,1024
1024_face1.jpg,1024
1024_face2.jpg,1024
1024_face3.jpg,1024
1021_face0.jpg,1021
1015_face0.jpg,1015
1005_face0.jpg,1005
1005_face1.jpg,1005
993_face0.jpg,993
993_face1.jpg,993
979_face0.jpg,979
979_face1.jpg,979
957_face0.jpg,957
954_face0.jpg,954
951_face0.jpg,951
946_face0.jpg,946
946_face1.jpg,946
946_face2.jpg,946
931_face0.jpg,931
929_face0.jpg,929
873_face0.jpg,873
837_face0.jpg,837
836_face0.jpg,836
830_face0.jpg,830
826_face0.jpg,826
823_face0.jpg,823
818_face0.jpg,818
807_face0.jpg,807
778_face0.jpg,778
778_face1.jpg,778
778_face2.jpg,778
764_face0.jpg,764
764_face1.jpg,764
743_face0.jpg,743
727_face0.jpg,727
69_face0.jpg,69
69_face1.jpg,69
69_face2.jpg,69
69_face3.jpg,69
643_face0.jpg,643
643_face1.jpg,643
643_face2.jpg,643
625_face0.jpg,625
619_face0.jpg,619
619_face1.jpg,619
615_face0.jpg,615
608_face0.jpg,608
600_face0.jpg,600
578_face0.jpg,578
575_face0.jpg,575
575_face1.jpg,575
575_face2.jpg,575
567_face0.jpg,567
564_face0.jpg,564
532_face0.jpg,532
532_face1.jpg,532
531_face0.jpg,531
531_face1.jpg,531
503_face0.jpg,503
496_face0.jpg,496
484_face0.jpg,484
468_face0.jpg,468
468_face1.jpg,468
455_face0.jpg,455
444_face0.jpg,444
434_face0.jpg,434
433_face0.jpg,433
413_face0.jpg,413
410_face0.jpg,410
395_face0.jpg,395
395_face1.jpg,395
395_face2.jpg,395
392_face0.jpg,392
392_face1.jpg,392
378_face0.jpg,378
378_face1.jpg,378
374_face0.jpg,374
371_face0.jpg,371
360_face0.jpg,360
35_face0.jpg,35
340_face0.jpg,340
313_face0.jpg,313
312_face0.jpg,312
299_face0.jpg,299
296_face0.jpg,296
295_face0.jpg,295
289_face0.jpg,289
286_face0.jpg,286
286_face1.jpg,286
285_face0.jpg,285
275_face0.jpg,275
274_face0.jpg,274
274_face1.jpg,274
274_face2.jpg,274
274_face3.jpg,274
268_face0.jpg,268
268_face1.jpg,268
235_face0.jpg,235
231_face0.jpg,231
220_face0.jpg,220
216_face0.jpg,216
216_face1.jpg,216
216_face2.jpg,216
212_face0.jpg,212
211_face0.jpg,211
21_face0.jpg,21
208_face0.jpg,208
186_face0.jpg,186
174_face0.jpg,174
165_face0.jpg,165
162_face0.jpg,162
152_face0.jpg,152
152_face1.jpg,152
152_face2.jpg,152
152_face3.jpg,152
15_face0.jpg,15
140_face0.jpg,140
1154_face0.jpg,1154
115_face0.jpg,115
115_face1.jpg,115
1139_face0.jpg,1139
1139_face1.jpg,1139
1139_face2.jpg,1139
1139_face3.jpg,1139
1130_face0.jpg,1130
1130_face1.jpg,1130
1122_face0.jpg,1122
1122_face1.jpg,1122
1113_face0.jpg,1113
1111_face0.jpg,1111
1111_face1.jpg,1111
1107_face0.jpg,1107
1107_face1.jpg,1107
1093_face0.jpg,1093
1093_face1.jpg,1093
1073_face0.jpg,1073
1073_face1.jpg,1073
1073_face2.jpg,1073
1073_face3.jpg,1073
1073_face4.jpg,1073
1073_face5.jpg,1073
1073_face6.jpg,1073
1073_face7.jpg,1073
1073_face8.jpg,1073
1073_face9.jpg,1073
1073_face10.jpg,1073
1073_face11.jpg,1073
1035_face0.jpg,1035
1033_face0.jpg,1033
1033_face1.jpg,1033
1033_face2.jpg,1033
1033_face3.jpg,1033
1033_face4.jpg,1033
1033_face5.jpg,1033
1033_face6.jpg,1033
1033_face7.jpg,1033
1024_face0.jpg,1024
1024_face1.jpg,1024
1024_face2.jpg,1024
1019_face0.jpg,1019
1019_face1.jpg,1019
1019_face2.jpg,1019
1019_face3.jpg,1019
942_face0.jpg,942
932_face0.jpg,932
932_face1.jpg,932
914_face0.jpg,914
883_face0.jpg,883
881_face0.jpg,881
821_face0.jpg,821
820_face0.jpg,820
803_face0.jpg,803
803_face1.jpg,803
803_face2.jpg,803
803_face3.jpg,803
766_face0.jpg,766
738_face0.jpg,738
738_face1.jpg,738
738_face2.jpg,738
733_face0.jpg,733
725_face0.jpg,725
696_face0.jpg,696
682_face0.jpg,682
668_face0.jpg,668
625_face0.jpg,625
625_face1.jpg,625
625_face2.jpg,625
625_face3.jpg,625
620_face0.jpg,620
592_face0.jpg,592
585_face0.jpg,585
554_face0.jpg,554
554_face1.jpg,554
554_face2.jpg,554
504_face0.jpg,504
504_face1.jpg,504
491_face0.jpg,491
491_face1.jpg,491
491_face2.jpg,491
490_face0.jpg,490
456_face0.jpg,456
405_face0.jpg,405
405_face1.jpg,405
405_face2.jpg,405
403_face0.jpg,403
368_face0.jpg,368
368_face1.jpg,368
302_face0.jpg,302
302_face1.jpg,302
301_face0.jpg,301
301_face1.jpg,301
299_face0.jpg,299
299_face1.jpg,299
299_face2.jpg,299
299_face3.jpg,299
299_face4.jpg,299
292_face0.jpg,292
292_face1.jpg,292
292_face2.jpg,292
292_face3.jpg,292
292_face4.jpg,292
292_face5.jpg,292
292_face6.jpg,292
292_face7.jpg,292
292_face8.jpg,292
292_face9.jpg,292
292_face10.jpg,292
29_face0.jpg,29
288_face0.jpg,288
288_face1.jpg,288
288_face2.jpg,288
236_face0.jpg,236
236_face1.jpg,236
18_face0.jpg,18
160_face0.jpg,160
160_face1.jpg,160
124_face0.jpg,124
124_face1.jpg,124
124_face2.jpg,124
119_face0.jpg,119
118_face0.jpg,118
118_face1.jpg,118
118_face2.jpg,118
118_face3.jpg,118
106_face0.jpg,106
106_face1.jpg,106
106_face2.jpg,106
106_face3.jpg,106
1020_face0.jpg,1020
1020_face1.jpg,1020
980_face0.jpg,980
980_face1.jpg,980
968_face0.jpg,968
968_face1.jpg,968
967_face0.jpg,967
966_face0.jpg,966
936_face0.jpg,936
936_face1.jpg,936
922_face0.jpg,922
922_face1.jpg,922
922_face2.jpg,922
922_face3.jpg,922
914_face0.jpg,914
914_face1.jpg,914
910_face0.jpg,910
885_face0.jpg,885
781_face0.jpg,781
753_face0.jpg,753
739_face0.jpg,739
724_face0.jpg,724
718_face0.jpg,718
713_face0.jpg,713
683_face0.jpg,683
681_face0.jpg,681
678_face0.jpg,678
640_face0.jpg,640
640_face1.jpg,640
640_face2.jpg,640
640_face3.jpg,640
640_face4.jpg,640
617_face0.jpg,617
595_face0.jpg,595
578_face0.jpg,578
578_face1.jpg,578
578_face2.jpg,578
540_face0.jpg,540
487_face0.jpg,487
486_face0.jpg,486
484_face0.jpg,484
484_face1.jpg,484
408_face0.jpg,408
408_face1.jpg,408
388_face0.jpg,388
388_face1.jpg,388
388_face2.jpg,388
381_face0.jpg,381
377_face0.jpg,377
377_face1.jpg,377
377_face2.jpg,377
377_face3.jpg,377
369_face0.jpg,369
337_face0.jpg,337
336_face0.jpg,336
333_face0.jpg,333
323_face0.jpg,323
322_face0.jpg,322
308_face0.jpg,308
229_face0.jpg,229
224_face0.jpg,224
224_face1.jpg,224
224_face2.jpg,224
212_face0.jpg,212
140_face0.jpg,140
124_face0.jpg,124
106_face0.jpg,106
106_face1.jpg,106
820_face0.jpg,820
806_face0.jpg,806
806_face1.jpg,806
796_face0.jpg,796
769_face0.jpg,769
769_face1.jpg,769
769_face2.jpg,769
731_face0.jpg,731
724_face0.jpg,724
705_face0.jpg,705
674_face0.jpg,674
646_face0.jpg,646
646_face1.jpg,646
621_face0.jpg,621
621_face1.jpg,621
615_face0.jpg,615
615_face1.jpg,615
599_face0.jpg,599
599_face1.jpg,599
586_face0.jpg,586
584_face0.jpg,584
580_face0.jpg,580
559_face0.jpg,559
545_face0.jpg,545
535_face0.jpg,535
535_face1.jpg,535
511_face0.jpg,511
500_face0.jpg,500
500_face1.jpg,500
500_face2.jpg,500
497_face0.jpg,497
496_face0.jpg,496
493_face0.jpg,493
493_face1.jpg,493
493_face2.jpg,493
486_face0.jpg,486
486_face1.jpg,486
451_face0.jpg,451
448_face0.jpg,448
447_face0.jpg,447
447_face1.jpg,447
447_face2.jpg,447
417_face0.jpg,417
411_face0.jpg,411
405_face0.jpg,405
4_face0.jpg,4
4_face1.jpg,4
399_face0.jpg,399
397_face0.jpg,397
383_face0.jpg,383
34_face0.jpg,34
34_face1.jpg,34
339_face0.jpg,339
339_face1.jpg,339
339_face2.jpg,339
329_face0.jpg,329
328_face0.jpg,328
326_face0.jpg,326
322_face0.jpg,322
309_face0.jpg,309
291_face0.jpg,291
288_face0.jpg,288
287_face0.jpg,287
265_face0.jpg,265
265_face1.jpg,265
252_face0.jpg,252
227_face0.jpg,227
226_face0.jpg,226
13_face0.jpg,13
1183_face0.jpg,1183
1180_face0.jpg,1180
11_face0.jpg,11
1068_face0.jpg,1068
1061_face0.jpg,1061
1051_face0.jpg,1051
1045_face0.jpg,1045
1037_face0.jpg,1037
1037_face1.jpg,1037
1011_face0.jpg,1011
1009_face0.jpg,1009
970_face0.jpg,970
961_face0.jpg,961
961_face1.jpg,961
961_face2.jpg,961
953_face0.jpg,953
953_face1.jpg,953
953_face2.jpg,953
953_face3.jpg,953
953_face4.jpg,953
953_face5.jpg,953
937_face0.jpg,937
935_face0.jpg,935
935_face1.jpg,935
915_face0.jpg,915
894_face0.jpg,894
894_face1.jpg,894
888_face0.jpg,888
888_face1.jpg,888
835_face0.jpg,835
804_face0.jpg,804
802_face0.jpg,802
802_face1.jpg,802
801_face0.jpg,801
795_face0.jpg,795
781_face0.jpg,781
765_face0.jpg,765
765_face1.jpg,765
764_face0.jpg,764
76_face0.jpg,76
76_face1.jpg,76
759_face0.jpg,759
744_face0.jpg,744
744_face1.jpg,744
744_face2.jpg,744
721_face0.jpg,721
686_face0.jpg,686
682_face0.jpg,682
682_face1.jpg,682
682_face2.jpg,682
682_face3.jpg,682
673_face0.jpg,673
673_face1.jpg,673
670_face0.jpg,670
670_face1.jpg,670
666_face0.jpg,666
65_face0.jpg,65
642_face0.jpg,642
642_face1.jpg,642
642_face2.jpg,642
628_face0.jpg,628
628_face1.jpg,628
627_face0.jpg,627
627_face1.jpg,627
626_face0.jpg,626
626_face1.jpg,626
622_face0.jpg,622
622_face1.jpg,622
62_face0.jpg,62
602_face0.jpg,602
602_face1.jpg,602
587_face0.jpg,587
576_face0.jpg,576
567_face0.jpg,567
559_face0.jpg,559
535_face0.jpg,535
520_face0.jpg,520
520_face1.jpg,520
513_face0.jpg,513
507_face0.jpg,507
50_face0.jpg,50
498_face0.jpg,498
498_face1.jpg,498
498_face2.jpg,498
498_face3.jpg,498
479_face0.jpg,479
479_face1.jpg,479
479_face2.jpg,479
45_face0.jpg,45
439_face0.jpg,439
427_face0.jpg,427
427_face1.jpg,427
424_face0.jpg,424
424_face1.jpg,424
42_face0.jpg,42
419_face0.jpg,419
419_face1.jpg,419
406_face0.jpg,406
406_face1.jpg,406
406_face2.jpg,406
406_face3.jpg,406
40_face0.jpg,40
39_face0.jpg,39
381_face0.jpg,381
365_face0.jpg,365
36_face0.jpg,36
35_face0.jpg,35
348_face0.jpg,348
348_face1.jpg,348
341_face0.jpg,341
341_face1.jpg,341
34_face0.jpg,34
34_face1.jpg,34
339_face0.jpg,339
33_face0.jpg,33
33_face1.jpg,33
320_face0.jpg,320
314_face0.jpg,314
314_face1.jpg,314
310_face0.jpg,310
304_face0.jpg,304
252_face0.jpg,252
198_face0.jpg,198
189_face0.jpg,189
189_face1.jpg,189
185_face0.jpg,185
174_face0.jpg,174
174_face1.jpg,174
173_face0.jpg,173
173_face1.jpg,173
145_face0.jpg,145
145_face1.jpg,145
1353_face0.jpg,1353
1339_face0.jpg,1339
1323_face0.jpg,1323
1300_face0.jpg,1300
1246_face0.jpg,1246
1246_face1.jpg,1246
1246_face2.jpg,1246
1232_face0.jpg,1232
1224_face0.jpg,1224
1199_face0.jpg,1199
1199_face1.jpg,1199
1193_face0.jpg,1193
1193_face1.jpg,1193
1185_face0.jpg,1185
1182_face0.jpg,1182
1182_face1.jpg,1182
1176_face0.jpg,1176
1176_face1.jpg,1176
117_face0.jpg,117
1164_face0.jpg,1164
1139_face0.jpg,1139
1139_face1.jpg,1139
1139_face2.jpg,1139
1120_face0.jpg,1120
1120_face1.jpg,1120
1120_face2.jpg,1120
1116_face0.jpg,1116
1116_face1.jpg,1116
1116_face2.jpg,1116
1097_face0.jpg,1097
109_face0.jpg,109
109_face1.jpg,109
109_face2.jpg,109
1088_face0.jpg,1088
1082_face0.jpg,1082
1070_face0.jpg,1070
1035_face0.jpg,1035
1032_face0.jpg,1032
1031_face0.jpg,1031
1028_face0.jpg,1028
1015_face0.jpg,1015
1015_face1.jpg,1015
1004_face0.jpg,1004
1004_face1.jpg,1004
76_face0.jpg,76
65_face0.jpg,65
646_face0.jpg,646
609_face0.jpg,609
533_face0.jpg,533
529_face0.jpg,529
526_face0.jpg,526
523_face0.jpg,523
505_face0.jpg,505
488_face0.jpg,488
469_face0.jpg,469
465_face0.jpg,465
465_face1.jpg,465
465_face2.jpg,465
465_face3.jpg,465
460_face0.jpg,460
460_face1.jpg,460
460_face2.jpg,460
460_face3.jpg,460
460_face4.jpg,460
46_face0.jpg,46
441_face0.jpg,441
426_face0.jpg,426
412_face0.jpg,412
41_face0.jpg,41
41_face1.jpg,41
402_face0.jpg,402
377_face0.jpg,377
364_face0.jpg,364
360_face0.jpg,360
359_face0.jpg,359
354_face0.jpg,354
346_face0.jpg,346
344_face0.jpg,344
344_face1.jpg,344
309_face0.jpg,309
309_face1.jpg,309
309_face2.jpg,309
309_face3.jpg,309
296_face0.jpg,296
296_face1.jpg,296
296_face2.jpg,296
280_face0.jpg,280
277_face0.jpg,277
240_face0.jpg,240
240_face1.jpg,240
236_face0.jpg,236
197_face0.jpg,197
169_face0.jpg,169
166_face0.jpg,166
165_face0.jpg,165
160_face0.jpg,160
140_face0.jpg,140
140_face1.jpg,140
139_face0.jpg,139
135_face0.jpg,135
134_face0.jpg,134
129_face0.jpg,129
129_face1.jpg,129
129_face2.jpg,129
129_face3.jpg,129
96_face0.jpg,96
96_face1.jpg,96
96_face2.jpg,96
96_face3.jpg,96
95_face0.jpg,95
91_face0.jpg,91
553_face0.jpg,553
443_face0.jpg,443
434_face0.jpg,434
421_face0.jpg,421
413_face0.jpg,413
402_face0.jpg,402
398_face0.jpg,398
389_face0.jpg,389
363_face0.jpg,363
353_face0.jpg,353
352_face0.jpg,352
349_face0.jpg,349
347_face0.jpg,347
333_face0.jpg,333
333_face1.jpg,333
332_face0.jpg,332
326_face0.jpg,326
322_face0.jpg,322
314_face0.jpg,314
314_face1.jpg,314
314_face2.jpg,314
306_face0.jpg,306
25_face0.jpg,25
234_face0.jpg,234
232_face0.jpg,232
226_face0.jpg,226
226_face1.jpg,226
223_face0.jpg,223
164_face0.jpg,164
159_face0.jpg,159
150_face0.jpg,150
148_face0.jpg,148
144_face0.jpg,144
135_face0.jpg,135
135_face1.jpg,135
135_face2.jpg,135
120_face0.jpg,120
120_face1.jpg,120
117_face0.jpg,117
117_face1.jpg,117
108_face0.jpg,108
98_face0.jpg,98
70_face0.jpg,70
69_face0.jpg,69
583_face0.jpg,583
541_face0.jpg,541
533_face0.jpg,533
49_face0.jpg,49
488_face0.jpg,488
484_face0.jpg,484
478_face0.jpg,478
476_face0.jpg,476
459_face0.jpg,459
459_face1.jpg,459
459_face2.jpg,459
411_face0.jpg,411
389_face0.jpg,389
351_face0.jpg,351
350_face0.jpg,350
344_face0.jpg,344
332_face0.jpg,332
328_face0.jpg,328
323_face0.jpg,323
323_face1.jpg,323
273_face0.jpg,273
271_face0.jpg,271
250_face0.jpg,250
244_face0.jpg,244
230_face0.jpg,230
22_face0.jpg,22
206_face0.jpg,206
206_face1.jpg,206
183_face0.jpg,183
155_face0.jpg,155
110_face0.jpg,110
110_face1.jpg,110
110_face2.jpg,110
106_face0.jpg,106
77_face0.jpg,77
430_face0.jpg,430
430_face1.jpg,430
427_face0.jpg,427
427_face1.jpg,427
424_face0.jpg,424
424_face1.jpg,424
424_face2.jpg,424
350_face0.jpg,350
332_face0.jpg,332
332_face1.jpg,332
332_face2.jpg,332
314_face0.jpg,314
297_face0.jpg,297
288_face0.jpg,288
288_face1.jpg,288
244_face0.jpg,244
241_face0.jpg,241
241_face1.jpg,241
226_face0.jpg,226
216_face0.jpg,216
211_face0.jpg,211
184_face0.jpg,184
183_face0.jpg,183
181_face0.jpg,181
176_face0.jpg,176
171_face0.jpg,171
171_face1.jpg,171
14_face0.jpg,14
13_face0.jpg,13
13_face1.jpg,13
127_face0.jpg,127
127_face1.jpg,127
124_face0.jpg,124
124_face1.jpg,124
98_face0.jpg,98
89_face0.jpg,89
491_face0.jpg,491
489_face0.jpg,489
468_face0.jpg,468
468_face1.jpg,468
449_face0.jpg,449
438_face0.jpg,438
438_face1.jpg,438
438_face2.jpg,438
387_face0.jpg,387
381_face0.jpg,381
381_face1.jpg,381
38_face0.jpg,38
38_face1.jpg,38
38_face2.jpg,38
38_face3.jpg,38
371_face0.jpg,371
369_face0.jpg,369
362_face0.jpg,362
347_face0.jpg,347
347_face1.jpg,347
341_face0.jpg,341
34_face0.jpg,34
320_face0.jpg,320
311_face0.jpg,311
291_face0.jpg,291
291_face1.jpg,291
282_face0.jpg,282
282_face1.jpg,282
276_face0.jpg,276
270_face0.jpg,270
270_face1.jpg,270
262_face0.jpg,262
262_face1.jpg,262
255_face0.jpg,255
255_face1.jpg,255
255_face2.jpg,255
211_face0.jpg,211
210_face0.jpg,210
210_face1.jpg,210
208_face0.jpg,208
201_face0.jpg,201
187_face0.jpg,187
176_face0.jpg,176
176_face1.jpg,176
152_face0.jpg,152
147_face0.jpg,147
13_face0.jpg,13
123_face0.jpg,123
123_face1.jpg,123
123_face2.jpg,123
123_face3.jpg,123
111_face0.jpg,111
11_face0.jpg,11
11_face1.jpg,11
11_face2.jpg,11
11_face3.jpg,11
11_face4.jpg,11
108_face0.jpg,108
104_face0.jpg,104
102_face0.jpg,102
100_face0.jpg,100
70_face0.jpg,70
580_face0.jpg,580
57_face0.jpg,57
55_face0.jpg,55
55_face1.jpg,55
54_face0.jpg,54
527_face0.jpg,527
525_face0.jpg,525
525_face1.jpg,525
494_face0.jpg,494
474_face0.jpg,474
47_face0.jpg,47
47_face1.jpg,47
47_face2.jpg,47
455_face0.jpg,455
454_face0.jpg,454
432_face0.jpg,432
428_face0.jpg,428
428_face1.jpg,428
421_face0.jpg,421
421_face1.jpg,421
416_face0.jpg,416
415_face0.jpg,415
380_face0.jpg,380
379_face0.jpg,379
335_face0.jpg,335
317_face0.jpg,317
304_face0.jpg,304
265_face0.jpg,265
265_face1.jpg,265
251_face0.jpg,251
222_face0.jpg,222
200_face0.jpg,200
193_face0.jpg,193
192_face0.jpg,192
181_face0.jpg,181
176_face0.jpg,176
176_face1.jpg,176
172_face0.jpg,172
159_face0.jpg,159
159_face1.jpg,159
159_face2.jpg,159
159_face3.jpg,159
158_face0.jpg,158
155_face0.jpg,155
144_face0.jpg,144
144_face1.jpg,144
139_face0.jpg,139
139_face1.jpg,139
137_face0.jpg,137
134_face0.jpg,134
131_face0.jpg,131
131_face1.jpg,131
131_face2.jpg,131
131_face3.jpg,131
122_face0.jpg,122
118_face0.jpg,118
117_face0.jpg,117
113_face0.jpg,113
107_face0.jpg,107
105_face0.jpg,105
102_face0.jpg,102
83_face0.jpg,83
83_face1.jpg,83
83_face2.jpg,83
80_face0.jpg,80
77_face0.jpg,77
77_face1.jpg,77
77_face2.jpg,77
75_face0.jpg,75
75_face1.jpg,75
75_face2.jpg,75
73_face0.jpg,73
635_face0.jpg,635
635_face1.jpg,635
635_face2.jpg,635
635_face3.jpg,635
618_face0.jpg,618
618_face1.jpg,618
618_face2.jpg,618
609_face0.jpg,609
571_face0.jpg,571
545_face0.jpg,545
545_face1.jpg,545
542_face0.jpg,542
542_face1.jpg,542
537_face0.jpg,537
531_face0.jpg,531
525_face0.jpg,525
523_face0.jpg,523
520_face0.jpg,520
514_face0.jpg,514
495_face0.jpg,495
492_face0.jpg,492
489_face0.jpg,489
481_face0.jpg,481
48_face0.jpg,48
48_face1.jpg,48
474_face0.jpg,474
474_face1.jpg,474
470_face0.jpg,470
42_face0.jpg,42
396_face0.jpg,396
388_face0.jpg,388
388_face1.jpg,388
387_face0.jpg,387
379_face0.jpg,379
378_face0.jpg,378
378_face1.jpg,378
374_face0.jpg,374
359_face0.jpg,359
357_face0.jpg,357
345_face0.jpg,345
339_face0.jpg,339
322_face0.jpg,322
322_face1.jpg,322
320_face0.jpg,320
320_face1.jpg,320
316_face0.jpg,316
316_face1.jpg,316
316_face2.jpg,316
312_face0.jpg,312
312_face1.jpg,312
312_face2.jpg,312
311_face0.jpg,311
307_face0.jpg,307
298_face0.jpg,298
288_face0.jpg,288
288_face1.jpg,288
288_face2.jpg,288
288_face3.jpg,288
288_face4.jpg,288
288_face5.jpg,288
283_face0.jpg,283
282_face0.jpg,282
274_face0.jpg,274
274_face1.jpg,274
274_face2.jpg,274
268_face0.jpg,268
268_face1.jpg,268
268_face2.jpg,268
261_face0.jpg,261
261_face1.jpg,261
250_face0.jpg,250
250_face1.jpg,250
237_face0.jpg,237
220_face0.jpg,220
218_face0.jpg,218
218_face1.jpg,218
212_face0.jpg,212
210_face0.jpg,210
208_face0.jpg,208
191_face0.jpg,191
191_face1.jpg,191
182_face0.jpg,182
179_face0.jpg,179
179_face1.jpg,179
178_face0.jpg,178
163_face0.jpg,163
163_face1.jpg,163
161_face0.jpg,161
161_face1.jpg,161
156_face0.jpg,156
156_face1.jpg,156
143_face0.jpg,143
139_face0.jpg,139
137_face0.jpg,137
133_face0.jpg,133
133_face1.jpg,133
133_face2.jpg,133
102_face0.jpg,102
88_face0.jpg,88
88_face1.jpg,88
88_face2.jpg,88
88_face3.jpg,88
88_face4.jpg,88
88_face5.jpg,88
83_face0.jpg,83
83_face1.jpg,83
83_face2.jpg,83
83_face3.jpg,83
83_face4.jpg,83
805_face0.jpg,805
805_face1.jpg,805
802_face0.jpg,802
8_face0.jpg,8
792_face0.jpg,792
792_face1.jpg,792
790_face0.jpg,790
768_face0.jpg,768
768_face1.jpg,768
766_face0.jpg,766
764_face0.jpg,764
757_face0.jpg,757
756_face0.jpg,756
756_face1.jpg,756
756_face2.jpg,756
756_face3.jpg,756
756_face4.jpg,756
756_face5.jpg,756
755_face0.jpg,755
754_face0.jpg,754
733_face0.jpg,733
719_face0.jpg,719
717_face0.jpg,717
717_face1.jpg,717
717_face2.jpg,717
717_face3.jpg,717
705_face0.jpg,705
704_face0.jpg,704
702_face0.jpg,702
7_face0.jpg,7
7_face1.jpg,7
690_face0.jpg,690
690_face1.jpg,690
679_face0.jpg,679
671_face0.jpg,671
670_face0.jpg,670
654_face0.jpg,654
647_face0.jpg,647
647_face1.jpg,647
647_face2.jpg,647
647_face3.jpg,647
646_face0.jpg,646
646_face1.jpg,646
645_face0.jpg,645
645_face1.jpg,645
645_face2.jpg,645
645_face3.jpg,645
642_face0.jpg,642
642_face1.jpg,642
642_face2.jpg,642
642_face3.jpg,642
640_face0.jpg,640
640_face1.jpg,640
640_face2.jpg,640
640_face3.jpg,640
627_face0.jpg,627
627_face1.jpg,627
627_face2.jpg,627
626_face0.jpg,626
625_face0.jpg,625
625_face1.jpg,625
624_face0.jpg,624
622_face0.jpg,622
622_face1.jpg,622
622_face2.jpg,622
619_face0.jpg,619
613_face0.jpg,613
610_face0.jpg,610
609_face0.jpg,609
609_face1.jpg,609
607_face0.jpg,607
604_face0.jpg,604
6_face0.jpg,6
6_face1.jpg,6
595_face0.jpg,595
595_face1.jpg,595
595_face2.jpg,595
591_face0.jpg,591
591_face1.jpg,591
591_face2.jpg,591
591_face3.jpg,591
591_face4.jpg,591
591_face5.jpg,591
591_face6.jpg,591
580_face0.jpg,580
579_face0.jpg,579
577_face0.jpg,577
577_face1.jpg,577
560_face0.jpg,560
55_face0.jpg,55
55_face1.jpg,55
55_face2.jpg,55
54_face0.jpg,54
54_face1.jpg,54
539_face0.jpg,539
527_face0.jpg,527
525_face0.jpg,525
514_face0.jpg,514
510_face0.jpg,510
510_face1.jpg,510
510_face2.jpg,510
509_face0.jpg,509
509_face1.jpg,509
509_face2.jpg,509
508_face0.jpg,508
508_face1.jpg,508
508_face2.jpg,508
504_face0.jpg,504
50_face0.jpg,50
5_face0.jpg,5
493_face0.jpg,493
491_face0.jpg,491
45_face0.jpg,45
390_face0.jpg,390
390_face1.jpg,390
39_face0.jpg,39
39_face1.jpg,39
39_face2.jpg,39
384_face0.jpg,384
375_face0.jpg,375
375_face1.jpg,375
375_face2.jpg,375
375_face3.jpg,375
315_face0.jpg,315
315_face1.jpg,315
314_face0.jpg,314
307_face0.jpg,307
29_face0.jpg,29
279_face0.jpg,279
224_face0.jpg,224
224_face1.jpg,224
223_face0.jpg,223
209_face0.jpg,209
209_face1.jpg,209
208_face0.jpg,208
207_face0.jpg,207
207_face1.jpg,207
196_face0.jpg,196
179_face0.jpg,179
179_face1.jpg,179
168_face0.jpg,168
153_face0.jpg,153
146_face0.jpg,146
145_face0.jpg,145
139_face0.jpg,139
139_face1.jpg,139
112_face0.jpg,112
105_face0.jpg,105
101_face0.jpg,101
100_face0.jpg,100
1_face0.jpg,1
1_face1.jpg,1
1_face2.jpg,1
997_face0.jpg,997
994_face0.jpg,994
994_face1.jpg,994
989_face0.jpg,989
926_face0.jpg,926
926_face1.jpg,926
926_face2.jpg,926
922_face0.jpg,922
889_face0.jpg,889
880_face0.jpg,880
880_face1.jpg,880
874_face0.jpg,874
874_face1.jpg,874
874_face2.jpg,874
873_face0.jpg,873
872_face0.jpg,872
862_face0.jpg,862
862_face1.jpg,862
845_face0.jpg,845
845_face1.jpg,845
845_face2.jpg,845
845_face3.jpg,845
832_face0.jpg,832
832_face1.jpg,832
831_face0.jpg,831
823_face0.jpg,823
823_face1.jpg,823
814_face0.jpg,814
814_face1.jpg,814
812_face0.jpg,812
812_face1.jpg,812
812_face2.jpg,812
812_face3.jpg,812
808_face0.jpg,808
800_face0.jpg,800
800_face1.jpg,800
765_face0.jpg,765
71_face0.jpg,71
674_face0.jpg,674
665_face0.jpg,665
651_face0.jpg,651
604_face0.jpg,604
601_face0.jpg,601
546_face0.jpg,546
546_face1.jpg,546
546_face2.jpg,546
546_face3.jpg,546
545_face0.jpg,545
53_face0.jpg,53
53_face1.jpg,53
527_face0.jpg,527
527_face1.jpg,527
522_face0.jpg,522
522_face1.jpg,522
521_face0.jpg,521
520_face0.jpg,520
517_face0.jpg,517
511_face0.jpg,511
501_face0.jpg,501
501_face1.jpg,501
500_face0.jpg,500
496_face0.jpg,496
481_face0.jpg,481
481_face1.jpg,481
481_face2.jpg,481
475_face0.jpg,475
448_face0.jpg,448
437_face0.jpg,437
429_face0.jpg,429
429_face1.jpg,429
429_face2.jpg,429
429_face3.jpg,429
412_face0.jpg,412
406_face0.jpg,406
402_face0.jpg,402
402_face1.jpg,402
402_face2.jpg,402
402_face3.jpg,402
383_face0.jpg,383
383_face1.jpg,383
381_face0.jpg,381
372_face0.jpg,372
372_face1.jpg,372
372_face2.jpg,372
370_face0.jpg,370
370_face1.jpg,370
370_face2.jpg,370
364_face0.jpg,364
357_face0.jpg,357
352_face0.jpg,352
352_face1.jpg,352
352_face2.jpg,352
352_face3.jpg,352
332_face0.jpg,332
33_face0.jpg,33
33_face1.jpg,33
328_face0.jpg,328
314_face0.jpg,314
303_face0.jpg,303
297_face0.jpg,297
294_face0.jpg,294
285_face0.jpg,285
280_face0.jpg,280
280_face1.jpg,280
280_face2.jpg,280
271_face0.jpg,271
267_face0.jpg,267
267_face1.jpg,267
263_face0.jpg,263
263_face1.jpg,263
263_face2.jpg,263
263_face3.jpg,263
263_face4.jpg,263
263_face5.jpg,263
262_face0.jpg,262
255_face0.jpg,255
255_face1.jpg,255
239_face0.jpg,239
239_face1.jpg,239
237_face0.jpg,237
225_face0.jpg,225
225_face1.jpg,225
203_face0.jpg,203
202_face0.jpg,202
189_face0.jpg,189
189_face1.jpg,189
189_face2.jpg,189
189_face3.jpg,189
189_face4.jpg,189
176_face0.jpg,176
174_face0.jpg,174
174_face1.jpg,174
174_face2.jpg,174
174_face3.jpg,174
170_face0.jpg,170
170_face1.jpg,170
170_face2.jpg,170
170_face3.jpg,170
170_face4.jpg,170
170_face5.jpg,170
1117_face0.jpg,1117
1117_face1.jpg,1117
1117_face2.jpg,1117
1117_face3.jpg,1117
1117_face4.jpg,1117
1102_face0.jpg,1102
1102_face1.jpg,1102
1085_face0.jpg,1085
1085_face1.jpg,1085
1057_face0.jpg,1057
1057_face1.jpg,1057
105_face0.jpg,105
1044_face0.jpg,1044
1043_face0.jpg,1043
1043_face1.jpg,1043
1043_face2.jpg,1043
1039_face0.jpg,1039
953_face0.jpg,953
945_face0.jpg,945
915_face0.jpg,915
9_face0.jpg,9
887_face0.jpg,887
879_face0.jpg,879
866_face0.jpg,866
863_face0.jpg,863
826_face0.jpg,826
807_face0.jpg,807
776_face0.jpg,776
745_face0.jpg,745
736_face0.jpg,736
736_face1.jpg,736
716_face0.jpg,716
692_face0.jpg,692
690_face0.jpg,690
690_face1.jpg,690
684_face0.jpg,684
641_face0.jpg,641
621_face0.jpg,621
621_face1.jpg,621
621_face2.jpg,621
621_face3.jpg,621
613_face0.jpg,613
594_face0.jpg,594
593_face0.jpg,593
571_face0.jpg,571
567_face0.jpg,567
567_face1.jpg,567
56_face0.jpg,56
556_face0.jpg,556
536_face0.jpg,536
520_face0.jpg,520
52_face0.jpg,52
515_face0.jpg,515
499_face0.jpg,499
488_face0.jpg,488
487_face0.jpg,487
485_face0.jpg,485
478_face0.jpg,478
458_face0.jpg,458
447_face0.jpg,447
431_face0.jpg,431
427_face0.jpg,427
426_face0.jpg,426
418_face0.jpg,418
417_face0.jpg,417
408_face0.jpg,408
408_face1.jpg,408
392_face0.jpg,392
385_face0.jpg,385
384_face0.jpg,384
381_face0.jpg,381
377_face0.jpg,377
377_face1.jpg,377
372_face0.jpg,372
362_face0.jpg,362
353_face0.jpg,353
350_face0.jpg,350
350_face1.jpg,350
349_face0.jpg,349
349_face1.jpg,349
343_face0.jpg,343
343_face1.jpg,343
331_face0.jpg,331
331_face1.jpg,331
321_face0.jpg,321
318_face0.jpg,318
318_face1.jpg,318
318_face2.jpg,318
318_face3.jpg,318
318_face4.jpg,318
318_face5.jpg,318
318_face6.jpg,318
318_face7.jpg,318
318_face8.jpg,318
318_face9.jpg,318
314_face0.jpg,314
305_face0.jpg,305
304_face0.jpg,304
303_face0.jpg,303
300_face0.jpg,300
300_face1.jpg,300
298_face0.jpg,298
296_face0.jpg,296
296_face1.jpg,296
292_face0.jpg,292
286_face0.jpg,286
286_face1.jpg,286
273_face0.jpg,273
273_face1.jpg,273
268_face0.jpg,268
249_face0.jpg,249
248_face0.jpg,248
242_face0.jpg,242
242_face1.jpg,242
241_face0.jpg,241
241_face1.jpg,241
241_face2.jpg,241
234_face0.jpg,234
218_face0.jpg,218
218_face1.jpg,218
216_face0.jpg,216
162_face0.jpg,162
160_face0.jpg,160
158_face0.jpg,158
157_face0.jpg,157
149_face0.jpg,149
145_face0.jpg,145
140_face0.jpg,140
138_face0.jpg,138
123_face0.jpg,123
120_face0.jpg,120
120_face1.jpg,120
119_face0.jpg,119
114_face0.jpg,114
114_face1.jpg,114
114_face2.jpg,114
107_face0.jpg,107
985_face0.jpg,985
983_face0.jpg,983
983_face1.jpg,983
979_face0.jpg,979
976_face0.jpg,976
976_face1.jpg,976
972_face0.jpg,972
972_face1.jpg,972
972_face2.jpg,972
972_face3.jpg,972
972_face4.jpg,972
933_face0.jpg,933
933_face1.jpg,933
933_face2.jpg,933
886_face0.jpg,886
884_face0.jpg,884
882_face0.jpg,882
871_face0.jpg,871
864_face0.jpg,864
844_face0.jpg,844
830_face0.jpg,830
830_face1.jpg,830
830_face2.jpg,830
830_face3.jpg,830
830_face4.jpg,830
830_face5.jpg,830
830_face6.jpg,830
830_face7.jpg,830
817_face0.jpg,817
814_face0.jpg,814
799_face0.jpg,799
799_face1.jpg,799
765_face0.jpg,765
718_face0.jpg,718
702_face0.jpg,702
695_face0.jpg,695
686_face0.jpg,686
658_face0.jpg,658
658_face1.jpg,658
599_face0.jpg,599
559_face0.jpg,559
559_face1.jpg,559
545_face0.jpg,545
545_face1.jpg,545
515_face0.jpg,515
515_face1.jpg,515
502_face0.jpg,502
502_face1.jpg,502
489_face0.jpg,489
489_face1.jpg,489
484_face0.jpg,484
484_face1.jpg,484
418_face0.jpg,418
41_face0.jpg,41
36_face0.jpg,36
36_face1.jpg,36
36_face2.jpg,36
358_face0.jpg,358
358_face1.jpg,358
358_face2.jpg,358
344_face0.jpg,344
344_face1.jpg,344
344_face2.jpg,344
344_face3.jpg,344
326_face0.jpg,326
326_face1.jpg,326
326_face2.jpg,326
326_face3.jpg,326
326_face4.jpg,326
301_face0.jpg,301
301_face1.jpg,301
301_face2.jpg,301
246_face0.jpg,246
245_face0.jpg,245
245_face1.jpg,245
228_face0.jpg,228
228_face1.jpg,228
228_face2.jpg,228
227_face0.jpg,227
226_face0.jpg,226
226_face1.jpg,226
192_face0.jpg,192
129_face0.jpg,129
129_face1.jpg,129
1092_face0.jpg,1092
1092_face1.jpg,1092
1082_face0.jpg,1082
108_face0.jpg,108
1077_face0.jpg,1077
1077_face1.jpg,1077
1064_face0.jpg,1064
1018_face0.jpg,1018
1016_face0.jpg,1016
930_face0.jpg,930
930_face1.jpg,930
930_face2.jpg,930
930_face3.jpg,930
930_face4.jpg,930
930_face5.jpg,930
926_face0.jpg,926
923_face0.jpg,923
923_face1.jpg,923
923_face2.jpg,923
901_face0.jpg,901
833_face0.jpg,833
833_face1.jpg,833
758_face0.jpg,758
742_face0.jpg,742
728_face0.jpg,728
726_face0.jpg,726
726_face1.jpg,726
709_face0.jpg,709
683_face0.jpg,683
676_face0.jpg,676
676_face1.jpg,676
674_face0.jpg,674
661_face0.jpg,661
606_face0.jpg,606
544_face0.jpg,544
497_face0.jpg,497
497_face1.jpg,497
497_face2.jpg,497
469_face0.jpg,469
464_face0.jpg,464
464_face1.jpg,464
37_face0.jpg,37
36_face0.jpg,36
341_face0.jpg,341
31_face0.jpg,31
238_face0.jpg,238
17_face0.jpg,17
17_face1.jpg,17
122_face0.jpg,122
122_face1.jpg,122
122_face2.jpg,122
122_face3.jpg,122
1024_face0.jpg,1024
1011_face0.jpg,1011
1011_face1.jpg,1011
995_face0.jpg,995
986_face0.jpg,986
986_face1.jpg,986
985_face0.jpg,985
982_face0.jpg,982
982_face1.jpg,982
972_face0.jpg,972
961_face0.jpg,961
952_face0.jpg,952
874_face0.jpg,874
874_face1.jpg,874
862_face0.jpg,862
862_face1.jpg,862
862_face2.jpg,862
851_face0.jpg,851
845_face0.jpg,845
824_face0.jpg,824
824_face1.jpg,824
821_face0.jpg,821
82_face0.jpg,82
809_face0.jpg,809
800_face0.jpg,800
790_face0.jpg,790
789_face0.jpg,789
78_face0.jpg,78
78_face1.jpg,78
760_face0.jpg,760
754_face0.jpg,754
754_face1.jpg,754
737_face0.jpg,737
737_face1.jpg,737
729_face0.jpg,729
655_face0.jpg,655
655_face1.jpg,655
655_face2.jpg,655
655_face3.jpg,655
645_face0.jpg,645
645_face1.jpg,645
622_face0.jpg,622
599_face0.jpg,599
598_face0.jpg,598
586_face0.jpg,586
579_face0.jpg,579
576_face0.jpg,576
546_face0.jpg,546
538_face0.jpg,538
531_face0.jpg,531
523_face0.jpg,523
522_face0.jpg,522
522_face1.jpg,522
514_face0.jpg,514
500_face0.jpg,500
50_face0.jpg,50
50_face1.jpg,50
499_face0.jpg,499
499_face1.jpg,499
499_face2.jpg,499
497_face0.jpg,497
495_face0.jpg,495
495_face1.jpg,495
495_face2.jpg,495
473_face0.jpg,473
399_face0.jpg,399
393_face0.jpg,393
387_face0.jpg,387
381_face0.jpg,381
381_face1.jpg,381
364_face0.jpg,364
364_face1.jpg,364
357_face0.jpg,357
345_face0.jpg,345
335_face0.jpg,335
334_face0.jpg,334
322_face0.jpg,322
322_face1.jpg,322
215_face0.jpg,215
214_face0.jpg,214
143_face0.jpg,143
1334_face0.jpg,1334
1326_face0.jpg,1326
1326_face1.jpg,1326
1323_face0.jpg,1323
1323_face1.jpg,1323
1323_face2.jpg,1323
1320_face0.jpg,1320
1316_face0.jpg,1316
1316_face1.jpg,1316
1312_face0.jpg,1312
1311_face0.jpg,1311
1311_face1.jpg,1311
1309_face0.jpg,1309
1309_face1.jpg,1309
1307_face0.jpg,1307
1299_face0.jpg,1299
1299_face1.jpg,1299
1298_face0.jpg,1298
1296_face0.jpg,1296
1296_face1.jpg,1296
1295_face0.jpg,1295
1289_face0.jpg,1289
1289_face1.jpg,1289
1286_face0.jpg,1286
1286_face1.jpg,1286
1283_face0.jpg,1283
1255_face0.jpg,1255
1253_face0.jpg,1253
1240_face0.jpg,1240
1240_face1.jpg,1240
1234_face0.jpg,1234
1185_face0.jpg,1185
1174_face0.jpg,1174
1161_face0.jpg,1161
1105_face0.jpg,1105
1082_face0.jpg,1082
1067_face0.jpg,1067
1061_face0.jpg,1061
1061_face1.jpg,1061
1061_face2.jpg,1061
106_face0.jpg,106
106_face1.jpg,106
106_face2.jpg,106
106_face3.jpg,106
106_face4.jpg,106
106_face5.jpg,106
1014_face0.jpg,1014
1012_face0.jpg,1012
100_face0.jpg,100
947_face0.jpg,947
934_face0.jpg,934
934_face1.jpg,934
932_face0.jpg,932
932_face1.jpg,932
929_face0.jpg,929
921_face0.jpg,921
898_face0.jpg,898
893_face0.jpg,893
893_face1.jpg,893
893_face2.jpg,893
893_face3.jpg,893
889_face0.jpg,889
889_face1.jpg,889
889_face2.jpg,889
889_face3.jpg,889
884_face0.jpg,884
881_face0.jpg,881
860_face0.jpg,860
837_face0.jpg,837
830_face0.jpg,830
80_face0.jpg,80
80_face1.jpg,80
790_face0.jpg,790
790_face1.jpg,790
790_face2.jpg,790
779_face0.jpg,779
778_face0.jpg,778
77_face0.jpg,77
77_face1.jpg,77
710_face0.jpg,710
704_face0.jpg,704
704_face1.jpg,704
702_face0.jpg,702
702_face1.jpg,702
676_face0.jpg,676
674_face0.jpg,674
663_face0.jpg,663
652_face0.jpg,652
644_face0.jpg,644
644_face1.jpg,644
643_face0.jpg,643
643_face1.jpg,643
637_face0.jpg,637
637_face1.jpg,637
637_face2.jpg,637
635_face0.jpg,635
631_face0.jpg,631
63_face0.jpg,63
623_face0.jpg,623
603_face0.jpg,603
601_face0.jpg,601
601_face1.jpg,601
584_face0.jpg,584
581_face0.jpg,581
571_face0.jpg,571
571_face1.jpg,571
57_face0.jpg,57
57_face1.jpg,57
562_face0.jpg,562
562_face1.jpg,562
562_face2.jpg,562
558_face0.jpg,558
545_face0.jpg,545
545_face1.jpg,545
53_face0.jpg,53
522_face0.jpg,522
506_face0.jpg,506
503_face0.jpg,503
499_face0.jpg,499
390_face0.jpg,390
382_face0.jpg,382
382_face1.jpg,382
369_face0.jpg,369
351_face0.jpg,351
29_face0.jpg,29
29_face1.jpg,29
277_face0.jpg,277
276_face0.jpg,276
259_face0.jpg,259
259_face1.jpg,259
259_face2.jpg,259
259_face3.jpg,259
259_face4.jpg,259
25_face0.jpg,25
249_face0.jpg,249
244_face0.jpg,244
217_face0.jpg,217
216_face0.jpg,216
21_face0.jpg,21
21_face1.jpg,21
209_face0.jpg,209
209_face1.jpg,209
209_face2.jpg,209
201_face0.jpg,201
201_face1.jpg,201
197_face0.jpg,197
197_face1.jpg,197
184_face0.jpg,184
173_face0.jpg,173
142_face0.jpg,142
1354_face0.jpg,1354
1354_face1.jpg,1354
1351_face0.jpg,1351
1344_face0.jpg,1344
1344_face1.jpg,1344
1339_face0.jpg,1339
1339_face1.jpg,1339
1336_face0.jpg,1336
1332_face0.jpg,1332
1310_face0.jpg,1310
1310_face1.jpg,1310
1303_face0.jpg,1303
1302_face0.jpg,1302
1302_face1.jpg,1302
1296_face0.jpg,1296
128_face0.jpg,128
128_face1.jpg,128
127_face0.jpg,127
1243_face0.jpg,1243
1243_face1.jpg,1243
1227_face0.jpg,1227
122_face0.jpg,122
122_face1.jpg,122
122_face2.jpg,122
122_face3.jpg,122
122_face4.jpg,122
122_face5.jpg,122
121_face0.jpg,121
1201_face0.jpg,1201
1201_face1.jpg,1201
1195_face0.jpg,1195
1195_face1.jpg,1195
1192_face0.jpg,1192
1192_face1.jpg,1192
1192_face2.jpg,1192
1192_face3.jpg,1192
118_face0.jpg,118
117_face0.jpg,117
1148_face0.jpg,1148
1148_face1.jpg,1148
1147_face0.jpg,1147
1147_face1.jpg,1147
1126_face0.jpg,1126
1126_face1.jpg,1126
1125_face0.jpg,1125
1125_face1.jpg,1125
112_face0.jpg,112
1105_face0.jpg,1105
1096_face0.jpg,1096
109_face0.jpg,109
108_face0.jpg,108
1073_face0.jpg,1073
1073_face1.jpg,1073
107_face0.jpg,107
1054_face0.jpg,1054
1054_face1.jpg,1054
1054_face2.jpg,1054
1054_face3.jpg,1054
1053_face0.jpg,1053
1036_face0.jpg,1036
103_face0.jpg,103
103_face1.jpg,103
103_face2.jpg,103
103_face3.jpg,103
1026_face0.jpg,1026
1013_face0.jpg,1013
978_face0.jpg,978
978_face1.jpg,978
96_face0.jpg,96
96_face1.jpg,96
96_face2.jpg,96
96_face3.jpg,96
96_face4.jpg,96
96_face5.jpg,96
943_face0.jpg,943
93_face0.jpg,93
93_face1.jpg,93
93_face2.jpg,93
93_face3.jpg,93
93_face4.jpg,93
93_face5.jpg,93
924_face0.jpg,924
921_face0.jpg,921
913_face0.jpg,913
913_face1.jpg,913
895_face0.jpg,895
893_face0.jpg,893
884_face0.jpg,884
884_face1.jpg,884
873_face0.jpg,873
870_face0.jpg,870
87_face0.jpg,87
87_face1.jpg,87
87_face2.jpg,87
87_face3.jpg,87
87_face4.jpg,87
87_face5.jpg,87
851_face0.jpg,851
847_face0.jpg,847
835_face0.jpg,835
814_face0.jpg,814
776_face0.jpg,776
758_face0.jpg,758
746_face0.jpg,746
740_face0.jpg,740
740_face1.jpg,740
740_face2.jpg,740
740_face3.jpg,740
740_face4.jpg,740
740_face5.jpg,740
740_face6.jpg,740
740_face7.jpg,740
738_face0.jpg,738
737_face0.jpg,737
728_face0.jpg,728
724_face0.jpg,724
713_face0.jpg,713
71_face0.jpg,71
71_face1.jpg,71
697_face0.jpg,697
684_face0.jpg,684
682_face0.jpg,682
678_face0.jpg,678
678_face1.jpg,678
658_face0.jpg,658
658_face1.jpg,658
644_face0.jpg,644
643_face0.jpg,643
643_face1.jpg,643
639_face0.jpg,639
639_face1.jpg,639
632_face0.jpg,632
611_face0.jpg,611
611_face1.jpg,611
605_face0.jpg,605
605_face1.jpg,605
605_face2.jpg,605
60_face0.jpg,60
588_face0.jpg,588
588_face1.jpg,588
566_face0.jpg,566
559_face0.jpg,559
559_face1.jpg,559
555_face0.jpg,555
555_face1.jpg,555
535_face0.jpg,535
535_face1.jpg,535
535_face2.jpg,535
535_face3.jpg,535
532_face0.jpg,532
509_face0.jpg,509
509_face1.jpg,509
509_face2.jpg,509
496_face0.jpg,496
496_face1.jpg,496
496_face2.jpg,496
493_face0.jpg,493
490_face0.jpg,490
490_face1.jpg,490
490_face2.jpg,490
480_face0.jpg,480
480_face1.jpg,480
480_face2.jpg,480
477_face0.jpg,477
462_face0.jpg,462
462_face1.jpg,462
456_face0.jpg,456
447_face0.jpg,447
442_face0.jpg,442
422_face0.jpg,422
415_face0.jpg,415
415_face1.jpg,415
414_face0.jpg,414
385_face0.jpg,385
377_face0.jpg,377
37_face0.jpg,37
37_face1.jpg,37
356_face0.jpg,356
345_face0.jpg,345
342_face0.jpg,342
34_face0.jpg,34
34_face1.jpg,34
329_face0.jpg,329
325_face0.jpg,325
305_face0.jpg,305
305_face1.jpg,305
297_face0.jpg,297
295_face0.jpg,295
289_face0.jpg,289
268_face0.jpg,268
235_face0.jpg,235
235_face1.jpg,235
23_face0.jpg,23
23_face1.jpg,23
229_face0.jpg,229
228_face0.jpg,228
1411_face0.jpg,1411
1401_face0.jpg,1401
1397_face0.jpg,1397
1394_face0.jpg,1394
1387_face0.jpg,1387
1387_face1.jpg,1387
1384_face0.jpg,1384
1376_face0.jpg,1376
1372_face0.jpg,1372
1366_face0.jpg,1366
1361_face0.jpg,1361
1360_face0.jpg,1360
1353_face0.jpg,1353
1333_face0.jpg,1333
1306_face0.jpg,1306
1306_face1.jpg,1306
1269_face0.jpg,1269
1227_face0.jpg,1227
1227_face1.jpg,1227
1188_face0.jpg,1188
1188_face1.jpg,1188
1158_face0.jpg,1158
1156_face0.jpg,1156
1156_face1.jpg,1156
1152_face0.jpg,1152
1137_face0.jpg,1137
1111_face0.jpg,1111
1099_face0.jpg,1099
1095_face0.jpg,1095
1094_face0.jpg,1094
109_face0.jpg,109
1078_face0.jpg,1078
1078_face1.jpg,1078
1064_face0.jpg,1064
1064_face1.jpg,1064
1064_face2.jpg,1064
1056_face0.jpg,1056
1037_face0.jpg,1037
1032_face0.jpg,1032
1031_face0.jpg,1031
935_face0.jpg,935
915_face0.jpg,915
915_face1.jpg,915
877_face0.jpg,877
877_face1.jpg,877
877_face2.jpg,877
869_face0.jpg,869
866_face0.jpg,866
866_face1.jpg,866
865_face0.jpg,865
865_face1.jpg,865
865_face2.jpg,865
865_face3.jpg,865
863_face0.jpg,863
863_face1.jpg,863
861_face0.jpg,861
860_face0.jpg,860
831_face0.jpg,831
83_face0.jpg,83
829_face0.jpg,829
810_face0.jpg,810
804_face0.jpg,804
804_face1.jpg,804
800_face0.jpg,800
800_face1.jpg,800
800_face2.jpg,800
784_face0.jpg,784
78_face0.jpg,78
746_face0.jpg,746
746_face1.jpg,746
734_face0.jpg,734
733_face0.jpg,733
733_face1.jpg,733
717_face0.jpg,717
716_face0.jpg,716
691_face0.jpg,691
691_face1.jpg,691
691_face2.jpg,691
690_face0.jpg,690
690_face1.jpg,690
690_face2.jpg,690
690_face3.jpg,690
69_face0.jpg,69
68_face0.jpg,68
660_face0.jpg,660
629_face0.jpg,629
599_face0.jpg,599
594_face0.jpg,594
566_face0.jpg,566
565_face0.jpg,565
56_face0.jpg,56
522_face0.jpg,522
518_face0.jpg,518
511_face0.jpg,511
511_face1.jpg,511
476_face0.jpg,476
462_face0.jpg,462
461_face0.jpg,461
460_face0.jpg,460
458_face0.jpg,458
45_face0.jpg,45
45_face1.jpg,45
448_face0.jpg,448
448_face1.jpg,448
448_face2.jpg,448
445_face0.jpg,445
445_face1.jpg,445
445_face2.jpg,445
431_face0.jpg,431
431_face1.jpg,431
431_face2.jpg,431
429_face0.jpg,429
429_face1.jpg,429
429_face2.jpg,429
427_face0.jpg,427
426_face0.jpg,426
425_face0.jpg,425
425_face1.jpg,425
422_face0.jpg,422
422_face1.jpg,422
42_face0.jpg,42
42_face1.jpg,42
409_face0.jpg,409
375_face0.jpg,375
374_face0.jpg,374
374_face1.jpg,374
369_face0.jpg,369
369_face1.jpg,369
367_face0.jpg,367
340_face0.jpg,340
336_face0.jpg,336
330_face0.jpg,330
327_face0.jpg,327
327_face1.jpg,327
327_face2.jpg,327
327_face3.jpg,327
325_face0.jpg,325
325_face1.jpg,325
324_face0.jpg,324
324_face1.jpg,324
304_face0.jpg,304
304_face1.jpg,304
304_face2.jpg,304
304_face3.jpg,304
303_face0.jpg,303
303_face1.jpg,303
280_face0.jpg,280
264_face0.jpg,264
235_face0.jpg,235
235_face1.jpg,235
221_face0.jpg,221
201_face0.jpg,201
191_face0.jpg,191
191_face1.jpg,191
167_face0.jpg,167
158_face0.jpg,158
158_face1.jpg,158
158_face2.jpg,158
156_face0.jpg,156
156_face1.jpg,156
155_face0.jpg,155
146_face0.jpg,146
139_face0.jpg,139
139_face1.jpg,139
139_face2.jpg,139
1278_face0.jpg,1278
1278_face1.jpg,1278
1278_face2.jpg,1278
1277_face0.jpg,1277
1269_face0.jpg,1269
1263_face0.jpg,1263
1260_face0.jpg,1260
1260_face1.jpg,1260
1260_face2.jpg,1260
1260_face3.jpg,1260
1260_face4.jpg,1260
1253_face0.jpg,1253
1243_face0.jpg,1243
1243_face1.jpg,1243
1236_face0.jpg,1236
1236_face1.jpg,1236
1227_face0.jpg,1227
1227_face1.jpg,1227
1227_face2.jpg,1227
1227_face3.jpg,1227
1227_face4.jpg,1227
1221_face0.jpg,1221
1210_face0.jpg,1210
1210_face1.jpg,1210
12_face0.jpg,12
1198_face0.jpg,1198
1198_face1.jpg,1198
1187_face0.jpg,1187
1187_face1.jpg,1187
1146_face0.jpg,1146
1145_face0.jpg,1145
1145_face1.jpg,1145
1132_face0.jpg,1132
1132_face1.jpg,1132
1111_face0.jpg,1111
1111_face1.jpg,1111
1110_face0.jpg,1110
1110_face1.jpg,1110
1109_face0.jpg,1109
1098_face0.jpg,1098
1097_face0.jpg,1097
1087_face0.jpg,1087
1087_face1.jpg,1087
1086_face0.jpg,1086
108_face0.jpg,108
108_face1.jpg,108
108_face2.jpg,108
1079_face0.jpg,1079
1075_face0.jpg,1075
1068_face0.jpg,1068
1068_face1.jpg,1068
1058_face0.jpg,1058
1056_face0.jpg,1056
1000_face0.jpg,1000
759_face0.jpg,759
749_face0.jpg,749
746_face0.jpg,746
742_face0.jpg,742
740_face0.jpg,740
736_face0.jpg,736
700_face0.jpg,700
692_face0.jpg,692
689_face0.jpg,689
686_face0.jpg,686
685_face0.jpg,685
685_face1.jpg,685
685_face2.jpg,685
680_face0.jpg,680
680_face1.jpg,680
680_face2.jpg,680
672_face0.jpg,672
671_face0.jpg,671
67_face0.jpg,67
658_face0.jpg,658
656_face0.jpg,656
653_face0.jpg,653
652_face0.jpg,652
652_face1.jpg,652
652_face2.jpg,652
652_face3.jpg,652
652_face4.jpg,652
652_face5.jpg,652
652_face6.jpg,652
652_face7.jpg,652
652_face8.jpg,652
646_face0.jpg,646
646_face1.jpg,646
643_face0.jpg,643
643_face1.jpg,643
643_face2.jpg,643
643_face3.jpg,643
620_face0.jpg,620
620_face1.jpg,620
617_face0.jpg,617
585_face0.jpg,585
585_face1.jpg,585
570_face0.jpg,570
568_face0.jpg,568
568_face1.jpg,568
553_face0.jpg,553
553_face1.jpg,553
553_face2.jpg,553
553_face3.jpg,553
551_face0.jpg,551
541_face0.jpg,541
54_face0.jpg,54
54_face1.jpg,54
530_face0.jpg,530
530_face1.jpg,530
525_face0.jpg,525
51_face0.jpg,51
506_face0.jpg,506
506_face1.jpg,506
506_face2.jpg,506
506_face3.jpg,506
499_face0.jpg,499
499_face1.jpg,499
499_face2.jpg,499
499_face3.jpg,499
497_face0.jpg,497
497_face1.jpg,497
497_face2.jpg,497
497_face3.jpg,497
472_face0.jpg,472
471_face0.jpg,471
469_face0.jpg,469
469_face1.jpg,469
468_face0.jpg,468
468_face1.jpg,468
440_face0.jpg,440
440_face1.jpg,440
436_face0.jpg,436
430_face0.jpg,430
43_face0.jpg,43
428_face0.jpg,428
407_face0.jpg,407
407_face1.jpg,407
4_face0.jpg,4
4_face1.jpg,4
399_face0.jpg,399
399_face1.jpg,399
399_face2.jpg,399
399_face3.jpg,399
398_face0.jpg,398
391_face0.jpg,391
388_face0.jpg,388
386_face0.jpg,386
377_face0.jpg,377
377_face1.jpg,377
376_face0.jpg,376
373_face0.jpg,373
370_face0.jpg,370
366_face0.jpg,366
366_face1.jpg,366
366_face2.jpg,366
364_face0.jpg,364
364_face1.jpg,364
361_face0.jpg,361
361_face1.jpg,361
358_face0.jpg,358
358_face1.jpg,358
358_face2.jpg,358
358_face3.jpg,358
356_face0.jpg,356
354_face0.jpg,354
354_face1.jpg,354
354_face2.jpg,354
349_face0.jpg,349
349_face1.jpg,349
349_face2.jpg,349
341_face0.jpg,341
339_face0.jpg,339
338_face0.jpg,338
338_face1.jpg,338
326_face0.jpg,326
326_face1.jpg,326
326_face2.jpg,326
323_face0.jpg,323
323_face1.jpg,323
321_face0.jpg,321
314_face0.jpg,314
314_face1.jpg,314
314_face2.jpg,314
314_face3.jpg,314
309_face0.jpg,309
292_face0.jpg,292
286_face0.jpg,286
285_face0.jpg,285
285_face1.jpg,285
285_face2.jpg,285
267_face0.jpg,267
267_face1.jpg,267
259_face0.jpg,259
237_face0.jpg,237
227_face0.jpg,227
223_face0.jpg,223
220_face0.jpg,220
213_face0.jpg,213
213_face1.jpg,213
213_face2.jpg,213
202_face0.jpg,202
191_face0.jpg,191
188_face0.jpg,188
188_face1.jpg,188
187_face0.jpg,187
184_face0.jpg,184
182_face0.jpg,182
179_face0.jpg,179
176_face0.jpg,176
174_face0.jpg,174
173_face0.jpg,173
172_face0.jpg,172
169_face0.jpg,169
169_face1.jpg,169
158_face0.jpg,158
157_face0.jpg,157
157_face1.jpg,157
157_face2.jpg,157
1043_face0.jpg,1043
1043_face1.jpg,1043
1034_face0.jpg,1034
1030_face0.jpg,1030
103_face0.jpg,103
1025_face0.jpg,1025
1025_face1.jpg,1025
97_face0.jpg,97
95_face0.jpg,95
95_face1.jpg,95
943_face0.jpg,943
94_face0.jpg,94
94_face1.jpg,94
911_face0.jpg,911
907_face0.jpg,907
9_face0.jpg,9
896_face0.jpg,896
896_face1.jpg,896
89_face0.jpg,89
89_face1.jpg,89
879_face0.jpg,879
879_face1.jpg,879
879_face2.jpg,879
872_face0.jpg,872
870_face0.jpg,870
845_face0.jpg,845
845_face1.jpg,845
845_face2.jpg,845
845_face3.jpg,845
845_face4.jpg,845
839_face0.jpg,839
823_face0.jpg,823
810_face0.jpg,810
773_face0.jpg,773
771_face0.jpg,771
760_face0.jpg,760
760_face1.jpg,760
760_face2.jpg,760
758_face0.jpg,758
758_face1.jpg,758
758_face2.jpg,758
755_face0.jpg,755
751_face0.jpg,751
743_face0.jpg,743
743_face1.jpg,743
743_face2.jpg,743
743_face3.jpg,743
743_face4.jpg,743
743_face5.jpg,743
743_face6.jpg,743
743_face7.jpg,743
743_face8.jpg,743
743_face9.jpg,743
743_face10.jpg,743
743_face11.jpg,743
739_face0.jpg,739
739_face1.jpg,739
739_face2.jpg,739
739_face3.jpg,739
739_face4.jpg,739
73_face0.jpg,73
722_face0.jpg,722
722_face1.jpg,722
718_face0.jpg,718
718_face1.jpg,718
702_face0.jpg,702
700_face0.jpg,700
700_face1.jpg,700
699_face0.jpg,699
687_face0.jpg,687
687_face1.jpg,687
684_face0.jpg,684
682_face0.jpg,682
677_face0.jpg,677
666_face0.jpg,666
665_face0.jpg,665
665_face1.jpg,665
662_face0.jpg,662
642_face0.jpg,642
636_face0.jpg,636
636_face1.jpg,636
636_face2.jpg,636
636_face3.jpg,636
636_face4.jpg,636
600_face0.jpg,600
594_face0.jpg,594
587_face0.jpg,587
587_face1.jpg,587
587_face2.jpg,587
53_face0.jpg,53
53_face1.jpg,53
404_face0.jpg,404
401_face0.jpg,401
401_face1.jpg,401
401_face2.jpg,401
401_face3.jpg,401
401_face4.jpg,401
401_face5.jpg,401
387_face0.jpg,387
371_face0.jpg,371
371_face1.jpg,371
371_face2.jpg,371
360_face0.jpg,360
342_face0.jpg,342
301_face0.jpg,301
296_face0.jpg,296
296_face1.jpg,296
224_face0.jpg,224
224_face1.jpg,224
220_face0.jpg,220
220_face1.jpg,220
220_face2.jpg,220
210_face0.jpg,210
210_face1.jpg,210
206_face0.jpg,206
204_face0.jpg,204
198_face0.jpg,198
198_face1.jpg,198
194_face0.jpg,194
192_face0.jpg,192
174_face0.jpg,174
17_face0.jpg,17
155_face0.jpg,155
155_face1.jpg,155
148_face0.jpg,148
148_face1.jpg,148
144_face0.jpg,144
144_face1.jpg,144
136_face0.jpg,136
135_face0.jpg,135
135_face1.jpg,135
124_face0.jpg,124
124_face1.jpg,124
115_face0.jpg,115
115_face1.jpg,115
1119_face0.jpg,1119
111_face0.jpg,111
111_face1.jpg,111
111_face2.jpg,111
111_face3.jpg,111
1106_face0.jpg,1106
109_face0.jpg,109
109_face1.jpg,109
1065_face0.jpg,1065
1065_face1.jpg,1065
1054_face0.jpg,1054
104_face0.jpg,104
104_face1.jpg,104
1017_face0.jpg,1017
1017_face1.jpg,1017
1017_face2.jpg,1017
1017_face3.jpg,1017
1017_face4.jpg,1017
1013_face0.jpg,1013
1013_face1.jpg,1013
1005_face0.jpg,1005
1002_face0.jpg,1002
1002_face1.jpg,1002
986_face0.jpg,986
986_face1.jpg,986
980_face0.jpg,980
953_face0.jpg,953
953_face1.jpg,953
953_face2.jpg,953
889_face0.jpg,889
877_face0.jpg,877
868_face0.jpg,868
801_face0.jpg,801
753_face0.jpg,753
753_face1.jpg,753
753_face2.jpg,753
753_face3.jpg,753
753_face4.jpg,753
753_face5.jpg,753
753_face6.jpg,753
753_face7.jpg,753
753_face8.jpg,753
753_face9.jpg,753
747_face0.jpg,747
747_face1.jpg,747
747_face2.jpg,747
747_face3.jpg,747
747_face4.jpg,747
747_face5.jpg,747
747_face6.jpg,747
747_face7.jpg,747
747_face8.jpg,747
747_face9.jpg,747
73_face0.jpg,73
643_face0.jpg,643
643_face1.jpg,643
634_face0.jpg,634
633_face0.jpg,633
601_face0.jpg,601
601_face1.jpg,601
601_face2.jpg,601
582_face0.jpg,582
567_face0.jpg,567
521_face0.jpg,521
472_face0.jpg,472
463_face0.jpg,463
358_face0.jpg,358
358_face1.jpg,358
358_face2.jpg,358
358_face3.jpg,358
291_face0.jpg,291
291_face1.jpg,291
255_face0.jpg,255
220_face0.jpg,220
163_face0.jpg,163
1016_face0.jpg,1016
1002_face0.jpg,1002
973_face0.jpg,973
973_face1.jpg,973
966_face0.jpg,966
966_face1.jpg,966
953_face0.jpg,953
938_face0.jpg,938
938_face1.jpg,938
912_face0.jpg,912
889_face0.jpg,889
888_face0.jpg,888
877_face0.jpg,877
865_face0.jpg,865
830_face0.jpg,830
825_face0.jpg,825
825_face1.jpg,825
82_face0.jpg,82
817_face0.jpg,817
817_face1.jpg,817
808_face0.jpg,808
764_face0.jpg,764
752_face0.jpg,752
748_face0.jpg,748
738_face0.jpg,738
734_face0.jpg,734
730_face0.jpg,730
730_face1.jpg,730
730_face2.jpg,730
727_face0.jpg,727
727_face1.jpg,727
727_face2.jpg,727
727_face3.jpg,727
727_face4.jpg,727
717_face0.jpg,717
71_face0.jpg,71
71_face1.jpg,71
71_face2.jpg,71
71_face3.jpg,71
71_face4.jpg,71
709_face0.jpg,709
707_face0.jpg,707
700_face0.jpg,700
700_face1.jpg,700
700_face2.jpg,700
700_face3.jpg,700
676_face0.jpg,676
661_face0.jpg,661
652_face0.jpg,652
648_face0.jpg,648
646_face0.jpg,646
637_face0.jpg,637
637_face1.jpg,637
637_face2.jpg,637
635_face0.jpg,635
621_face0.jpg,621
621_face1.jpg,621
606_face0.jpg,606
599_face0.jpg,599
591_face0.jpg,591
591_face1.jpg,591
591_face2.jpg,591
585_face0.jpg,585
581_face0.jpg,581
575_face0.jpg,575
573_face0.jpg,573
569_face0.jpg,569
568_face0.jpg,568
568_face1.jpg,568
568_face2.jpg,568
567_face0.jpg,567
567_face1.jpg,567
567_face2.jpg,567
557_face0.jpg,557
556_face0.jpg,556
556_face1.jpg,556
539_face0.jpg,539
533_face0.jpg,533
532_face0.jpg,532
523_face0.jpg,523
519_face0.jpg,519
519_face1.jpg,519
516_face0.jpg,516
516_face1.jpg,516
516_face2.jpg,516
505_face0.jpg,505
490_face0.jpg,490
475_face0.jpg,475
473_face0.jpg,473
472_face0.jpg,472
472_face1.jpg,472
472_face2.jpg,472
468_face0.jpg,468
468_face1.jpg,468
468_face2.jpg,468
467_face0.jpg,467
441_face0.jpg,441
441_face1.jpg,441
441_face2.jpg,441
441_face3.jpg,441
441_face4.jpg,441
418_face0.jpg,418
418_face1.jpg,418
418_face2.jpg,418
417_face0.jpg,417
417_face1.jpg,417
417_face2.jpg,417
414_face0.jpg,414
414_face1.jpg,414
414_face2.jpg,414
414_face3.jpg,414
414_face4.jpg,414
401_face0.jpg,401
401_face1.jpg,401
366_face0.jpg,366
366_face1.jpg,366
356_face0.jpg,356
348_face0.jpg,348
348_face1.jpg,348
338_face0.jpg,338
324_face0.jpg,324
323_face0.jpg,323
256_face0.jpg,256
251_face0.jpg,251
204_face0.jpg,204
204_face1.jpg,204
198_face0.jpg,198
191_face0.jpg,191
135_face0.jpg,135
135_face1.jpg,135
1288_face0.jpg,1288
1283_face0.jpg,1283
1283_face1.jpg,1283
1283_face2.jpg,1283
1272_face0.jpg,1272
1272_face1.jpg,1272
1270_face0.jpg,1270
1270_face1.jpg,1270
1240_face0.jpg,1240
1239_face0.jpg,1239
1208_face0.jpg,1208
1207_face0.jpg,1207
112_face0.jpg,112
1096_face0.jpg,1096
1096_face1.jpg,1096
1096_face2.jpg,1096
1083_face0.jpg,1083
1037_face0.jpg,1037
1037_face1.jpg,1037
1037_face2.jpg,1037
1037_face3.jpg,1037
1035_face0.jpg,1035
1035_face1.jpg,1035
1035_face2.jpg,1035
1035_face3.jpg,1035
1020_face0.jpg,1020
1020_face1.jpg,1020
102_face0.jpg,102
1016_face0.jpg,1016
101_face0.jpg,101
995_face0.jpg,995
995_face1.jpg,995
986_face0.jpg,986
986_face1.jpg,986
975_face0.jpg,975
975_face1.jpg,975
975_face2.jpg,975
95_face0.jpg,95
931_face0.jpg,931
931_face1.jpg,931
925_face0.jpg,925
905_face0.jpg,905
905_face1.jpg,905
905_face2.jpg,905
905_face3.jpg,905
905_face4.jpg,905
905_face5.jpg,905
905_face6.jpg,905
905_face7.jpg,905
905_face8.jpg,905
905_face9.jpg,905
905_face10.jpg,905
883_face0.jpg,883
88_face0.jpg,88
869_face0.jpg,869
869_face1.jpg,869
869_face2.jpg,869
869_face3.jpg,869
869_face4.jpg,869
869_face5.jpg,869
869_face6.jpg,869
860_face0.jpg,860
860_face1.jpg,860
850_face0.jpg,850
849_face0.jpg,849
849_face1.jpg,849
849_face2.jpg,849
849_face3.jpg,849
845_face0.jpg,845
843_face0.jpg,843
843_face1.jpg,843
818_face0.jpg,818
818_face1.jpg,818
814_face0.jpg,814
797_face0.jpg,797
792_face0.jpg,792
791_face0.jpg,791
791_face1.jpg,791
791_face2.jpg,791
791_face3.jpg,791
779_face0.jpg,779
779_face1.jpg,779
77_face0.jpg,77
77_face1.jpg,77
758_face0.jpg,758
741_face0.jpg,741
74_face0.jpg,74
74_face1.jpg,74
74_face2.jpg,74
736_face0.jpg,736
735_face0.jpg,735
717_face0.jpg,717
688_face0.jpg,688
677_face0.jpg,677
674_face0.jpg,674
674_face1.jpg,674
674_face2.jpg,674
661_face0.jpg,661
647_face0.jpg,647
637_face0.jpg,637
637_face1.jpg,637
637_face2.jpg,637
637_face3.jpg,637
624_face0.jpg,624
617_face0.jpg,617
615_face0.jpg,615
592_face0.jpg,592
592_face1.jpg,592
592_face2.jpg,592
582_face0.jpg,582
582_face1.jpg,582
582_face2.jpg,582
582_face3.jpg,582
582_face4.jpg,582
582_face5.jpg,582
582_face6.jpg,582
582_face7.jpg,582
582_face8.jpg,582
582_face9.jpg,582
556_face0.jpg,556
516_face0.jpg,516
516_face1.jpg,516
516_face2.jpg,516
516_face3.jpg,516
516_face4.jpg,516
516_face5.jpg,516
508_face0.jpg,508
508_face1.jpg,508
480_face0.jpg,480
480_face1.jpg,480
480_face2.jpg,480
467_face0.jpg,467
45_face0.jpg,45
434_face0.jpg,434
434_face1.jpg,434
434_face2.jpg,434
434_face3.jpg,434
431_face0.jpg,431
425_face0.jpg,425
425_face1.jpg,425
425_face2.jpg,425
425_face3.jpg,425
405_face0.jpg,405
405_face1.jpg,405
405_face2.jpg,405
405_face3.jpg,405
405_face4.jpg,405
405_face5.jpg,405
405_face6.jpg,405
405_face7.jpg,405
405_face8.jpg,405
405_face9.jpg,405
405_face10.jpg,405
404_face0.jpg,404
383_face0.jpg,383
383_face1.jpg,383
383_face2.jpg,383
383_face3.jpg,383
383_face4.jpg,383
383_face5.jpg,383
383_face6.jpg,383
364_face0.jpg,364
364_face1.jpg,364
364_face2.jpg,364
360_face0.jpg,360
355_face0.jpg,355
345_face0.jpg,345
342_face0.jpg,342
328_face0.jpg,328
328_face1.jpg,328
328_face2.jpg,328
328_face3.jpg,328
327_face0.jpg,327
323_face0.jpg,323
311_face0.jpg,311
306_face0.jpg,306
304_face0.jpg,304
302_face0.jpg,302
249_face0.jpg,249
249_face1.jpg,249
249_face2.jpg,249
244_face0.jpg,244
244_face1.jpg,244
218_face0.jpg,218
218_face1.jpg,218
218_face2.jpg,218
218_face3.jpg,218
218_face4.jpg,218
218_face5.jpg,218
218_face6.jpg,218
218_face7.jpg,218
218_face8.jpg,218
218_face9.jpg,218
218_face10.jpg,218
215_face0.jpg,215
215_face1.jpg,215
215_face2.jpg,215
215_face3.jpg,215
215_face4.jpg,215
215_face5.jpg,215
215_face6.jpg,215
215_face7.jpg,215
215_face8.jpg,215
215_face9.jpg,215
196_face0.jpg,196
196_face1.jpg,196
177_face0.jpg,177
177_face1.jpg,177
170_face0.jpg,170
168_face0.jpg,168
168_face1.jpg,168
168_face2.jpg,168
168_face3.jpg,168
168_face4.jpg,168
160_face0.jpg,160
159_face0.jpg,159
153_face0.jpg,153
15_face0.jpg,15
15_face1.jpg,15
1152_face0.jpg,1152
1152_face1.jpg,1152
1144_face0.jpg,1144
1141_face0.jpg,1141
1141_face1.jpg,1141
1141_face2.jpg,1141
1132_face0.jpg,1132
1130_face0.jpg,1130
1125_face0.jpg,1125
1122_face0.jpg,1122
1121_face0.jpg,1121
110_face0.jpg,110
1055_face0.jpg,1055
104_face0.jpg,104
104_face1.jpg,104
1036_face0.jpg,1036
100_face0.jpg,100
100_face1.jpg,100
100_face2.jpg,100
996_face0.jpg,996
996_face1.jpg,996
996_face2.jpg,996
996_face3.jpg,996
996_face4.jpg,996
980_face0.jpg,980
968_face0.jpg,968
968_face1.jpg,968
950_face0.jpg,950
950_face1.jpg,950
950_face2.jpg,950
942_face0.jpg,942
941_face0.jpg,941
941_face1.jpg,941
941_face2.jpg,941
941_face3.jpg,941
923_face0.jpg,923
921_face0.jpg,921
917_face0.jpg,917
917_face1.jpg,917
917_face2.jpg,917
916_face0.jpg,916
916_face1.jpg,916
916_face2.jpg,916
916_face3.jpg,916
915_face0.jpg,915
915_face1.jpg,915
910_face0.jpg,910
877_face0.jpg,877
877_face1.jpg,877
869_face0.jpg,869
867_face0.jpg,867
866_face0.jpg,866
861_face0.jpg,861
861_face1.jpg,861
859_face0.jpg,859
843_face0.jpg,843
83_face0.jpg,83
83_face1.jpg,83
83_face2.jpg,83
83_face3.jpg,83
812_face0.jpg,812
812_face1.jpg,812
798_face0.jpg,798
781_face0.jpg,781
781_face1.jpg,781
774_face0.jpg,774
774_face1.jpg,774
767_face0.jpg,767
745_face0.jpg,745
701_face0.jpg,701
694_face0.jpg,694
689_face0.jpg,689
688_face0.jpg,688
662_face0.jpg,662
644_face0.jpg,644
622_face0.jpg,622
62_face0.jpg,62
611_face0.jpg,611
608_face0.jpg,608
608_face1.jpg,608
599_face0.jpg,599
599_face1.jpg,599
599_face2.jpg,599
599_face3.jpg,599
577_face0.jpg,577
577_face1.jpg,577
577_face2.jpg,577
577_face3.jpg,577
575_face0.jpg,575
565_face0.jpg,565
565_face1.jpg,565
525_face0.jpg,525
479_face0.jpg,479
479_face1.jpg,479
475_face0.jpg,475
475_face1.jpg,475
475_face2.jpg,475
465_face0.jpg,465
465_face1.jpg,465
462_face0.jpg,462
462_face1.jpg,462
453_face0.jpg,453
453_face1.jpg,453
450_face0.jpg,450
450_face1.jpg,450
448_face0.jpg,448
448_face1.jpg,448
448_face2.jpg,448
448_face3.jpg,448
448_face4.jpg,448
448_face5.jpg,448
446_face0.jpg,446
424_face0.jpg,424
421_face0.jpg,421
407_face0.jpg,407
407_face1.jpg,407
403_face0.jpg,403
403_face1.jpg,403
403_face2.jpg,403
403_face3.jpg,403
403_face4.jpg,403
403_face5.jpg,403
403_face6.jpg,403
403_face7.jpg,403
403_face8.jpg,403
403_face9.jpg,403
390_face0.jpg,390
381_face0.jpg,381
379_face0.jpg,379
362_face0.jpg,362
355_face0.jpg,355
345_face0.jpg,345
345_face1.jpg,345
337_face0.jpg,337
333_face0.jpg,333
333_face1.jpg,333
333_face2.jpg,333
307_face0.jpg,307
296_face0.jpg,296
285_face0.jpg,285
285_face1.jpg,285
285_face2.jpg,285
281_face0.jpg,281
281_face1.jpg,281
281_face2.jpg,281
278_face0.jpg,278
276_face0.jpg,276
260_face0.jpg,260
259_face0.jpg,259
254_face0.jpg,254
248_face0.jpg,248
22_face0.jpg,22
22_face1.jpg,22
1501_face0.jpg,1501
1494_face0.jpg,1494
1445_face0.jpg,1445
1437_face0.jpg,1437
1413_face0.jpg,1413
1355_face0.jpg,1355
1355_face1.jpg,1355
1335_face0.jpg,1335
1335_face1.jpg,1335
1333_face0.jpg,1333
1333_face1.jpg,1333
1316_face0.jpg,1316
1316_face1.jpg,1316
1316_face2.jpg,1316
1316_face3.jpg,1316
1305_face0.jpg,1305
1305_face1.jpg,1305
1296_face0.jpg,1296
1296_face1.jpg,1296
1293_face0.jpg,1293
1273_face0.jpg,1273
1273_face1.jpg,1273
1273_face2.jpg,1273
1250_face0.jpg,1250
1250_face1.jpg,1250
1246_face0.jpg,1246
1246_face1.jpg,1246
1228_face0.jpg,1228
1228_face1.jpg,1228
1228_face2.jpg,1228
1228_face3.jpg,1228
1194_face0.jpg,1194
1194_face1.jpg,1194
1175_face0.jpg,1175
1175_face1.jpg,1175
1162_face0.jpg,1162
1159_face0.jpg,1159
1151_face0.jpg,1151
1141_face0.jpg,1141
1141_face1.jpg,1141
1141_face2.jpg,1141
1141_face3.jpg,1141
1139_face0.jpg,1139
1139_face1.jpg,1139
1139_face2.jpg,1139
1139_face3.jpg,1139
1133_face0.jpg,1133
1133_face1.jpg,1133
1132_face0.jpg,1132
1132_face1.jpg,1132
1132_face2.jpg,1132
1132_face3.jpg,1132
1122_face0.jpg,1122
1122_face1.jpg,1122
1111_face0.jpg,1111
1111_face1.jpg,1111
1045_face0.jpg,1045
1041_face0.jpg,1041
1032_face0.jpg,1032
1006_face0.jpg,1006
1002_face0.jpg,1002
1002_face1.jpg,1002
1001_face0.jpg,1001
967_face0.jpg,967
967_face1.jpg,967
964_face0.jpg,964
964_face1.jpg,964
950_face0.jpg,950
950_face1.jpg,950
945_face0.jpg,945
934_face0.jpg,934
934_face1.jpg,934
929_face0.jpg,929
927_face0.jpg,927
923_face0.jpg,923
923_face1.jpg,923
923_face2.jpg,923
912_face0.jpg,912
910_face0.jpg,910
872_face0.jpg,872
872_face1.jpg,872
872_face2.jpg,872
871_face0.jpg,871
864_face0.jpg,864
852_face0.jpg,852
852_face1.jpg,852
847_face0.jpg,847
847_face1.jpg,847
829_face0.jpg,829
816_face0.jpg,816
800_face0.jpg,800
798_face0.jpg,798
795_face0.jpg,795
795_face1.jpg,795
795_face2.jpg,795
795_face3.jpg,795
772_face0.jpg,772
772_face1.jpg,772
762_face0.jpg,762
752_face0.jpg,752
751_face0.jpg,751
751_face1.jpg,751
746_face0.jpg,746
734_face0.jpg,734
734_face1.jpg,734
733_face0.jpg,733
728_face0.jpg,728
727_face0.jpg,727
716_face0.jpg,716
694_face0.jpg,694
694_face1.jpg,694
660_face0.jpg,660
659_face0.jpg,659
655_face0.jpg,655
641_face0.jpg,641
625_face0.jpg,625
625_face1.jpg,625
625_face2.jpg,625
625_face3.jpg,625
625_face4.jpg,625
625_face5.jpg,625
625_face6.jpg,625
625_face7.jpg,625
625_face8.jpg,625
625_face9.jpg,625
625_face10.jpg,625
625_face11.jpg,625
625_face12.jpg,625
584_face0.jpg,584
569_face0.jpg,569
569_face1.jpg,569
564_face0.jpg,564
564_face1.jpg,564
489_face0.jpg,489
478_face0.jpg,478
478_face1.jpg,478
472_face0.jpg,472
467_face0.jpg,467
464_face0.jpg,464
464_face1.jpg,464
464_face2.jpg,464
464_face3.jpg,464
458_face0.jpg,458
451_face0.jpg,451
451_face1.jpg,451
44_face0.jpg,44
435_face0.jpg,435
435_face1.jpg,435
434_face0.jpg,434
434_face1.jpg,434
434_face2.jpg,434
434_face3.jpg,434
434_face4.jpg,434
426_face0.jpg,426
41_face0.jpg,41
402_face0.jpg,402
402_face1.jpg,402
402_face2.jpg,402
402_face3.jpg,402
388_face0.jpg,388
378_face0.jpg,378
370_face0.jpg,370
369_face0.jpg,369
350_face0.jpg,350
334_face0.jpg,334
334_face1.jpg,334
331_face0.jpg,331
328_face0.jpg,328
328_face1.jpg,328
304_face0.jpg,304
304_face1.jpg,304
304_face2.jpg,304
304_face3.jpg,304
301_face0.jpg,301
299_face0.jpg,299
290_face0.jpg,290
290_face1.jpg,290
276_face0.jpg,276
263_face0.jpg,263
247_face0.jpg,247
234_face0.jpg,234
234_face1.jpg,234
224_face0.jpg,224
221_face0.jpg,221
21_face0.jpg,21
192_face0.jpg,192
173_face0.jpg,173
173_face1.jpg,173
165_face0.jpg,165
165_face1.jpg,165
153_face0.jpg,153
149_face0.jpg,149
1325_face0.jpg,1325
1322_face0.jpg,1322
1322_face1.jpg,1322
1322_face2.jpg,1322
1322_face3.jpg,1322
1322_face4.jpg,1322
1322_face5.jpg,1322
1320_face0.jpg,1320
1317_face0.jpg,1317
1313_face0.jpg,1313
1311_face0.jpg,1311
1302_face0.jpg,1302
1302_face1.jpg,1302
1298_face0.jpg,1298
1297_face0.jpg,1297
1268_face0.jpg,1268
1268_face1.jpg,1268
1264_face0.jpg,1264
1264_face1.jpg,1264
1259_face0.jpg,1259
1252_face0.jpg,1252
1250_face0.jpg,1250
1237_face0.jpg,1237
1237_face1.jpg,1237
1233_face0.jpg,1233
1232_face0.jpg,1232
1209_face0.jpg,1209
1209_face1.jpg,1209
1209_face2.jpg,1209
1176_face0.jpg,1176
1176_face1.jpg,1176
1169_face0.jpg,1169
1169_face1.jpg,1169
1128_face0.jpg,1128
1120_face0.jpg,1120
1099_face0.jpg,1099
1098_face0.jpg,1098
1094_face0.jpg,1094
1094_face1.jpg,1094
1094_face2.jpg,1094
1094_face3.jpg,1094
1094_face4.jpg,1094
1094_face5.jpg,1094
1088_face0.jpg,1088
1088_face1.jpg,1088
1067_face0.jpg,1067
1065_face0.jpg,1065
1064_face0.jpg,1064
1061_face0.jpg,1061
1061_face1.jpg,1061
1061_face2.jpg,1061
1061_face3.jpg,1061
1061_face4.jpg,1061
1061_face5.jpg,1061
1050_face0.jpg,1050
1050_face1.jpg,1050
1034_face0.jpg,1034
1026_face0.jpg,1026
1013_face0.jpg,1013
1013_face1.jpg,1013
1003_face0.jpg,1003
996_face0.jpg,996
996_face1.jpg,996
966_face0.jpg,966
966_face1.jpg,966
965_face0.jpg,965
962_face0.jpg,962
962_face1.jpg,962
956_face0.jpg,956
956_face1.jpg,956
951_face0.jpg,951
922_face0.jpg,922
9_face0.jpg,9
9_face1.jpg,9
895_face0.jpg,895
891_face0.jpg,891
89_face0.jpg,89
889_face0.jpg,889
852_face0.jpg,852
852_face1.jpg,852
852_face2.jpg,852
847_face0.jpg,847
847_face1.jpg,847
832_face0.jpg,832
832_face1.jpg,832
830_face0.jpg,830
830_face1.jpg,830
815_face0.jpg,815
811_face0.jpg,811
811_face1.jpg,811
811_face2.jpg,811
805_face0.jpg,805
805_face1.jpg,805
8_face0.jpg,8
79_face0.jpg,79
771_face0.jpg,771
771_face1.jpg,771
766_face0.jpg,766
730_face0.jpg,730
730_face1.jpg,730
73_face0.jpg,73
713_face0.jpg,713
678_face0.jpg,678
672_face0.jpg,672
672_face1.jpg,672
659_face0.jpg,659
658_face0.jpg,658
641_face0.jpg,641
631_face0.jpg,631
625_face0.jpg,625
625_face1.jpg,625
621_face0.jpg,621
620_face0.jpg,620
620_face1.jpg,620
614_face0.jpg,614
613_face0.jpg,613
613_face1.jpg,613
60_face0.jpg,60
582_face0.jpg,582
582_face1.jpg,582
582_face2.jpg,582
582_face3.jpg,582
582_face4.jpg,582
582_face5.jpg,582
570_face0.jpg,570
570_face1.jpg,570
570_face2.jpg,570
570_face3.jpg,570
570_face4.jpg,570
570_face5.jpg,570
566_face0.jpg,566
566_face1.jpg,566
561_face0.jpg,561
556_face0.jpg,556
556_face1.jpg,556
552_face0.jpg,552
527_face0.jpg,527
527_face1.jpg,527
527_face2.jpg,527
513_face0.jpg,513
513_face1.jpg,513
506_face0.jpg,506
480_face0.jpg,480
473_face0.jpg,473
454_face0.jpg,454
454_face1.jpg,454
453_face0.jpg,453
453_face1.jpg,453
441_face0.jpg,441
438_face0.jpg,438
438_face1.jpg,438
426_face0.jpg,426
418_face0.jpg,418
392_face0.jpg,392
392_face1.jpg,392
386_face0.jpg,386
386_face1.jpg,386
386_face2.jpg,386
386_face3.jpg,386
38_face0.jpg,38
371_face0.jpg,371
36_face0.jpg,36
312_face0.jpg,312
305_face0.jpg,305
305_face1.jpg,305
305_face2.jpg,305
305_face3.jpg,305
305_face4.jpg,305
3_face0.jpg,3
291_face0.jpg,291
282_face0.jpg,282
282_face1.jpg,282
271_face0.jpg,271
271_face1.jpg,271
271_face2.jpg,271
258_face0.jpg,258
253_face0.jpg,253
25_face0.jpg,25
248_face0.jpg,248
248_face1.jpg,248
241_face0.jpg,241
241_face1.jpg,241
228_face0.jpg,228
224_face0.jpg,224
223_face0.jpg,223
218_face0.jpg,218
203_face0.jpg,203
19_face0.jpg,19
187_face0.jpg,187
18_face0.jpg,18
179_face0.jpg,179
179_face1.jpg,179
17_face0.jpg,17
150_face0.jpg,150
139_face0.jpg,139
139_face1.jpg,139
139_face2.jpg,139
1222_face0.jpg,1222
1215_face0.jpg,1215
1201_face0.jpg,1201
1190_face0.jpg,1190
1177_face0.jpg,1177
1176_face0.jpg,1176
1165_face0.jpg,1165
1151_face0.jpg,1151
1151_face1.jpg,1151
1151_face2.jpg,1151
1151_face3.jpg,1151
1151_face4.jpg,1151
1142_face0.jpg,1142
1141_face0.jpg,1141
1140_face0.jpg,1140
1124_face0.jpg,1124
1124_face1.jpg,1124
1124_face2.jpg,1124
1123_face0.jpg,1123
1123_face1.jpg,1123
1123_face2.jpg,1123
1094_face0.jpg,1094
1094_face1.jpg,1094
1074_face0.jpg,1074
1074_face1.jpg,1074
1072_face0.jpg,1072
1069_face0.jpg,1069
1069_face1.jpg,1069
1066_face0.jpg,1066
1066_face1.jpg,1066
1064_face0.jpg,1064
1064_face1.jpg,1064
1056_face0.jpg,1056
1053_face0.jpg,1053
1053_face1.jpg,1053
1043_face0.jpg,1043
1043_face1.jpg,1043
1041_face0.jpg,1041
1041_face1.jpg,1041
1037_face0.jpg,1037
1037_face1.jpg,1037
1036_face0.jpg,1036
1024_face0.jpg,1024
102_face0.jpg,102
102_face1.jpg,102
102_face2.jpg,102
100_face0.jpg,100
641_face0.jpg,641
622_face0.jpg,622
620_face0.jpg,620
610_face0.jpg,610
610_face1.jpg,610
610_face2.jpg,610
590_face0.jpg,590
584_face0.jpg,584
547_face0.jpg,547
544_face0.jpg,544
537_face0.jpg,537
534_face0.jpg,534
506_face0.jpg,506
506_face1.jpg,506
478_face0.jpg,478
473_face0.jpg,473
473_face1.jpg,473
473_face2.jpg,473
467_face0.jpg,467
464_face0.jpg,464
462_face0.jpg,462
409_face0.jpg,409
359_face0.jpg,359
359_face1.jpg,359
353_face0.jpg,353
349_face0.jpg,349
345_face0.jpg,345
27_face0.jpg,27
27_face1.jpg,27
27_face2.jpg,27
263_face0.jpg,263
259_face0.jpg,259
250_face0.jpg,250
250_face1.jpg,250
232_face0.jpg,232
232_face1.jpg,232
186_face0.jpg,186
155_face0.jpg,155
1406_face0.jpg,1406
1406_face1.jpg,1406
1396_face0.jpg,1396
1376_face0.jpg,1376
1376_face1.jpg,1376
1318_face0.jpg,1318
1318_face1.jpg,1318
1316_face0.jpg,1316
1316_face1.jpg,1316
1315_face0.jpg,1315
1315_face1.jpg,1315
1313_face0.jpg,1313
1313_face1.jpg,1313
1313_face2.jpg,1313
1312_face0.jpg,1312
1312_face1.jpg,1312
1311_face0.jpg,1311
1311_face1.jpg,1311
1288_face0.jpg,1288
1288_face1.jpg,1288
1279_face0.jpg,1279
1279_face1.jpg,1279
1265_face0.jpg,1265
1265_face1.jpg,1265
1260_face0.jpg,1260
1260_face1.jpg,1260
1256_face0.jpg,1256
1242_face0.jpg,1242
1233_face0.jpg,1233
1233_face1.jpg,1233
1229_face0.jpg,1229
1209_face0.jpg,1209
1209_face1.jpg,1209
1207_face0.jpg,1207
12_face0.jpg,12
12_face1.jpg,12
1189_face0.jpg,1189
1163_face0.jpg,1163
116_face0.jpg,116
1137_face0.jpg,1137
1137_face1.jpg,1137
1137_face2.jpg,1137
1133_face0.jpg,1133
1133_face1.jpg,1133
1130_face0.jpg,1130
1130_face1.jpg,1130
1127_face0.jpg,1127
1127_face1.jpg,1127
1106_face0.jpg,1106
1106_face1.jpg,1106
110_face0.jpg,110
1096_face0.jpg,1096
1082_face0.jpg,1082
1042_face0.jpg,1042
1042_face1.jpg,1042
1042_face2.jpg,1042
1039_face0.jpg,1039
1039_face1.jpg,1039
1021_face0.jpg,1021
1021_face1.jpg,1021
1019_face0.jpg,1019
998_face0.jpg,998
998_face1.jpg,998
982_face0.jpg,982
956_face0.jpg,956
955_face0.jpg,955
951_face0.jpg,951
949_face0.jpg,949
945_face0.jpg,945
945_face1.jpg,945
945_face2.jpg,945
940_face0.jpg,940
925_face0.jpg,925
925_face1.jpg,925
921_face0.jpg,921
921_face1.jpg,921
919_face0.jpg,919
917_face0.jpg,917
913_face0.jpg,913
908_face0.jpg,908
902_face0.jpg,902
9_face0.jpg,9
889_face0.jpg,889
889_face1.jpg,889
889_face2.jpg,889
886_face0.jpg,886
827_face0.jpg,827
827_face1.jpg,827
824_face0.jpg,824
824_face1.jpg,824
805_face0.jpg,805
803_face0.jpg,803
766_face0.jpg,766
766_face1.jpg,766
766_face2.jpg,766
766_face3.jpg,766
766_face4.jpg,766
751_face0.jpg,751
735_face0.jpg,735
727_face0.jpg,727
721_face0.jpg,721
721_face1.jpg,721
715_face0.jpg,715
709_face0.jpg,709
709_face1.jpg,709
708_face0.jpg,708
705_face0.jpg,705
705_face1.jpg,705
697_face0.jpg,697
688_face0.jpg,688
684_face0.jpg,684
673_face0.jpg,673
667_face0.jpg,667
667_face1.jpg,667
667_face2.jpg,667
667_face3.jpg,667
655_face0.jpg,655
645_face0.jpg,645
634_face0.jpg,634
617_face0.jpg,617
616_face0.jpg,616
595_face0.jpg,595
595_face1.jpg,595
593_face0.jpg,593
582_face0.jpg,582
57_face0.jpg,57
57_face1.jpg,57
562_face0.jpg,562
532_face0.jpg,532
532_face1.jpg,532
528_face0.jpg,528
528_face1.jpg,528
523_face0.jpg,523
523_face1.jpg,523
523_face2.jpg,523
513_face0.jpg,513
513_face1.jpg,513
513_face2.jpg,513
513_face3.jpg,513
513_face4.jpg,513
509_face0.jpg,509
509_face1.jpg,509
509_face2.jpg,509
509_face3.jpg,509
494_face0.jpg,494
48_face0.jpg,48
457_face0.jpg,457
442_face0.jpg,442
442_face1.jpg,442
442_face2.jpg,442
442_face3.jpg,442
441_face0.jpg,441
435_face0.jpg,435
392_face0.jpg,392
384_face0.jpg,384
384_face1.jpg,384
378_face0.jpg,378
376_face0.jpg,376
376_face1.jpg,376
375_face0.jpg,375
36_face0.jpg,36
345_face0.jpg,345
269_face0.jpg,269
269_face1.jpg,269
268_face0.jpg,268
268_face1.jpg,268
190_face0.jpg,190
150_face0.jpg,150
150_face1.jpg,150
143_face0.jpg,143
142_face0.jpg,142
1202_face0.jpg,1202
1187_face0.jpg,1187
1182_face0.jpg,1182
1159_face0.jpg,1159
1075_face0.jpg,1075
1056_face0.jpg,1056
1056_face1.jpg,1056
1013_face0.jpg,1013
1001_face0.jpg,1001
1001_face1.jpg,1001
997_face0.jpg,997
996_face0.jpg,996
995_face0.jpg,995
989_face0.jpg,989
977_face0.jpg,977
975_face0.jpg,975
975_face1.jpg,975
975_face2.jpg,975
975_face3.jpg,975
972_face0.jpg,972
972_face1.jpg,972
951_face0.jpg,951
945_face0.jpg,945
938_face0.jpg,938
926_face0.jpg,926
886_face0.jpg,886
883_face0.jpg,883
883_face1.jpg,883
864_face0.jpg,864
864_face1.jpg,864
855_face0.jpg,855
846_face0.jpg,846
815_face0.jpg,815
815_face1.jpg,815
804_face0.jpg,804
787_face0.jpg,787
762_face0.jpg,762
755_face0.jpg,755
755_face1.jpg,755
738_face0.jpg,738
737_face0.jpg,737
733_face0.jpg,733
731_face0.jpg,731
729_face0.jpg,729
681_face0.jpg,681
68_face0.jpg,68
651_face0.jpg,651
636_face0.jpg,636
628_face0.jpg,628
602_face0.jpg,602
597_face0.jpg,597
571_face0.jpg,571
565_face0.jpg,565
565_face1.jpg,565
546_face0.jpg,546
546_face1.jpg,546
504_face0.jpg,504
501_face0.jpg,501
501_face1.jpg,501
483_face0.jpg,483
464_face0.jpg,464
463_face0.jpg,463
461_face0.jpg,461
436_face0.jpg,436
43_face0.jpg,43
43_face1.jpg,43
382_face0.jpg,382
382_face1.jpg,382
382_face2.jpg,382
382_face3.jpg,382
382_face4.jpg,382
367_face0.jpg,367
350_face0.jpg,350
327_face0.jpg,327
299_face0.jpg,299
287_face0.jpg,287
234_face0.jpg,234
209_face0.jpg,209
143_face0.jpg,143
143_face1.jpg,143
143_face2.jpg,143
1336_face0.jpg,1336
1336_face1.jpg,1336
1336_face2.jpg,1336
1329_face0.jpg,1329
1329_face1.jpg,1329
1329_face2.jpg,1329
1326_face0.jpg,1326
1326_face1.jpg,1326
1314_face0.jpg,1314
1314_face1.jpg,1314
1298_face0.jpg,1298
1298_face1.jpg,1298
1296_face0.jpg,1296
1277_face0.jpg,1277
1270_face0.jpg,1270
1270_face1.jpg,1270
1262_face0.jpg,1262
1262_face1.jpg,1262
1253_face0.jpg,1253
1253_face1.jpg,1253
1252_face0.jpg,1252
1251_face0.jpg,1251
1250_face0.jpg,1250
1250_face1.jpg,1250
123_face0.jpg,123
123_face1.jpg,123
1199_face0.jpg,1199
1199_face1.jpg,1199
1199_face2.jpg,1199
1181_face0.jpg,1181
1127_face0.jpg,1127
1069_face0.jpg,1069
1061_face0.jpg,1061
1061_face1.jpg,1061
1057_face0.jpg,1057
1046_face0.jpg,1046
1040_face0.jpg,1040
1028_face0.jpg,1028
1028_face1.jpg,1028
1028_face2.jpg,1028
1014_face0.jpg,1014
1014_face1.jpg,1014
1002_face0.jpg,1002
997_face0.jpg,997
997_face1.jpg,997
928_face0.jpg,928
919_face0.jpg,919
919_face1.jpg,919
919_face2.jpg,919
900_face0.jpg,900
90_face0.jpg,90
884_face0.jpg,884
879_face0.jpg,879
867_face0.jpg,867
866_face0.jpg,866
866_face1.jpg,866
839_face0.jpg,839
838_face0.jpg,838
835_face0.jpg,835
835_face1.jpg,835
831_face0.jpg,831
803_face0.jpg,803
802_face0.jpg,802
793_face0.jpg,793
793_face1.jpg,793
787_face0.jpg,787
780_face0.jpg,780
769_face0.jpg,769
767_face0.jpg,767
767_face1.jpg,767
767_face2.jpg,767
767_face3.jpg,767
767_face4.jpg,767
729_face0.jpg,729
722_face0.jpg,722
712_face0.jpg,712
693_face0.jpg,693
693_face1.jpg,693
671_face0.jpg,671
662_face0.jpg,662
643_face0.jpg,643
563_face0.jpg,563
56_face0.jpg,56
56_face1.jpg,56
554_face0.jpg,554
554_face1.jpg,554
552_face0.jpg,552
517_face0.jpg,517
517_face1.jpg,517
503_face0.jpg,503
503_face1.jpg,503
503_face2.jpg,503
503_face3.jpg,503
503_face4.jpg,503
501_face0.jpg,501
50_face0.jpg,50
50_face1.jpg,50
50_face2.jpg,50
50_face3.jpg,50
50_face4.jpg,50
50_face5.jpg,50
50_face6.jpg,50
490_face0.jpg,490
487_face0.jpg,487
479_face0.jpg,479
477_face0.jpg,477
477_face1.jpg,477
464_face0.jpg,464
464_face1.jpg,464
464_face2.jpg,464
463_face0.jpg,463
41_face0.jpg,41
41_face1.jpg,41
4_face0.jpg,4
4_face1.jpg,4
392_face0.jpg,392
362_face0.jpg,362
360_face0.jpg,360
353_face0.jpg,353
353_face1.jpg,353
353_face2.jpg,353
352_face0.jpg,352
352_face1.jpg,352
352_face2.jpg,352
352_face3.jpg,352
352_face4.jpg,352
352_face5.jpg,352
352_face6.jpg,352
352_face7.jpg,352
346_face0.jpg,346
346_face1.jpg,346
346_face2.jpg,346
334_face0.jpg,334
334_face1.jpg,334
334_face2.jpg,334
32_face0.jpg,32
32_face1.jpg,32
303_face0.jpg,303
303_face1.jpg,303
298_face0.jpg,298
252_face0.jpg,252
252_face1.jpg,252
233_face0.jpg,233
233_face1.jpg,233
233_face2.jpg,233
218_face0.jpg,218
143_face0.jpg,143
143_face1.jpg,143
1267_face0.jpg,1267
1267_face1.jpg,1267
1255_face0.jpg,1255
1255_face1.jpg,1255
1254_face0.jpg,1254
1254_face1.jpg,1254
1246_face0.jpg,1246
1233_face0.jpg,1233
123_face0.jpg,123
123_face1.jpg,123
123_face2.jpg,123
1216_face0.jpg,1216
1215_face0.jpg,1215
1205_face0.jpg,1205
1167_face0.jpg,1167
1166_face0.jpg,1166
1145_face0.jpg,1145
1139_face0.jpg,1139
1138_face0.jpg,1138
1132_face0.jpg,1132
1108_face0.jpg,1108
1104_face0.jpg,1104
110_face0.jpg,110
1061_face0.jpg,1061
1061_face1.jpg,1061
1020_face0.jpg,1020
1014_face0.jpg,1014
998_face0.jpg,998
998_face1.jpg,998
998_face2.jpg,998
986_face0.jpg,986
972_face0.jpg,972
972_face1.jpg,972
972_face2.jpg,972
954_face0.jpg,954
941_face0.jpg,941
935_face0.jpg,935
925_face0.jpg,925
900_face0.jpg,900
891_face0.jpg,891
891_face1.jpg,891
881_face0.jpg,881
861_face0.jpg,861
858_face0.jpg,858
85_face0.jpg,85
830_face0.jpg,830
811_face0.jpg,811
808_face0.jpg,808
796_face0.jpg,796
786_face0.jpg,786
786_face1.jpg,786
768_face0.jpg,768
768_face1.jpg,768
763_face0.jpg,763
763_face1.jpg,763
763_face2.jpg,763
761_face0.jpg,761
759_face0.jpg,759
759_face1.jpg,759
746_face0.jpg,746
745_face0.jpg,745
745_face1.jpg,745
745_face2.jpg,745
738_face0.jpg,738
728_face0.jpg,728
712_face0.jpg,712
712_face1.jpg,712
712_face2.jpg,712
712_face3.jpg,712
712_face4.jpg,712
712_face5.jpg,712
694_face0.jpg,694
682_face0.jpg,682
680_face0.jpg,680
676_face0.jpg,676
676_face1.jpg,676
673_face0.jpg,673
673_face1.jpg,673
666_face0.jpg,666
663_face0.jpg,663
662_face0.jpg,662
662_face1.jpg,662
662_face2.jpg,662
662_face3.jpg,662
637_face0.jpg,637
625_face0.jpg,625
625_face1.jpg,625
622_face0.jpg,622
613_face0.jpg,613
613_face1.jpg,613
602_face0.jpg,602
596_face0.jpg,596
596_face1.jpg,596
592_face0.jpg,592
589_face0.jpg,589
589_face1.jpg,589
586_face0.jpg,586
586_face1.jpg,586
580_face0.jpg,580
560_face0.jpg,560
560_face1.jpg,560
557_face0.jpg,557
557_face1.jpg,557
557_face2.jpg,557
528_face0.jpg,528
528_face1.jpg,528
528_face2.jpg,528
522_face0.jpg,522
522_face1.jpg,522
522_face2.jpg,522
52_face0.jpg,52
501_face0.jpg,501
501_face1.jpg,501
498_face0.jpg,498
491_face0.jpg,491
491_face1.jpg,491
491_face2.jpg,491
487_face0.jpg,487
487_face1.jpg,487
487_face2.jpg,487
484_face0.jpg,484
480_face0.jpg,480
480_face1.jpg,480
450_face0.jpg,450
450_face1.jpg,450
450_face2.jpg,450
447_face0.jpg,447
447_face1.jpg,447
445_face0.jpg,445
443_face0.jpg,443
435_face0.jpg,435
435_face1.jpg,435
435_face2.jpg,435
424_face0.jpg,424
420_face0.jpg,420
411_face0.jpg,411
411_face1.jpg,411
399_face0.jpg,399
396_face0.jpg,396
396_face1.jpg,396
396_face2.jpg,396
389_face0.jpg,389
380_face0.jpg,380
380_face1.jpg,380
377_face0.jpg,377
375_face0.jpg,375
369_face0.jpg,369
368_face0.jpg,368
368_face1.jpg,368
346_face0.jpg,346
338_face0.jpg,338
334_face0.jpg,334
326_face0.jpg,326
320_face0.jpg,320
29_face0.jpg,29
29_face1.jpg,29
29_face2.jpg,29
286_face0.jpg,286
27_face0.jpg,27
27_face1.jpg,27
268_face0.jpg,268
25_face0.jpg,25
25_face1.jpg,25
212_face0.jpg,212
184_face0.jpg,184
18_face0.jpg,18
168_face0.jpg,168
160_face0.jpg,160
1363_face0.jpg,1363
1363_face1.jpg,1363
1357_face0.jpg,1357
1331_face0.jpg,1331
1330_face0.jpg,1330
1330_face1.jpg,1330
1305_face0.jpg,1305
1303_face0.jpg,1303
1302_face0.jpg,1302
1301_face0.jpg,1301
1301_face1.jpg,1301
1289_face0.jpg,1289
1288_face0.jpg,1288
1285_face0.jpg,1285
1262_face0.jpg,1262
1241_face0.jpg,1241
1236_face0.jpg,1236
1220_face0.jpg,1220
1219_face0.jpg,1219
1219_face1.jpg,1219
1206_face0.jpg,1206
1181_face0.jpg,1181
1181_face1.jpg,1181
1181_face2.jpg,1181
1180_face0.jpg,1180
1133_face0.jpg,1133
1130_face0.jpg,1130
1125_face0.jpg,1125
1122_face0.jpg,1122
1112_face0.jpg,1112
1112_face1.jpg,1112
1094_face0.jpg,1094
1094_face1.jpg,1094
108_face0.jpg,108
108_face1.jpg,108
1078_face0.jpg,1078
1078_face1.jpg,1078
1046_face0.jpg,1046
1036_face0.jpg,1036
1032_face0.jpg,1032
1032_face1.jpg,1032
987_face0.jpg,987
987_face1.jpg,987
985_face0.jpg,985
984_face0.jpg,984
971_face0.jpg,971
967_face0.jpg,967
906_face0.jpg,906
901_face0.jpg,901
874_face0.jpg,874
874_face1.jpg,874
86_face0.jpg,86
826_face0.jpg,826
826_face1.jpg,826
826_face2.jpg,826
820_face0.jpg,820
795_face0.jpg,795
762_face0.jpg,762
758_face0.jpg,758
75_face0.jpg,75
733_face0.jpg,733
727_face0.jpg,727
727_face1.jpg,727
682_face0.jpg,682
682_face1.jpg,682
646_face0.jpg,646
639_face0.jpg,639
632_face0.jpg,632
632_face1.jpg,632
627_face0.jpg,627
604_face0.jpg,604
599_face0.jpg,599
580_face0.jpg,580
580_face1.jpg,580
576_face0.jpg,576
573_face0.jpg,573
573_face1.jpg,573
559_face0.jpg,559
559_face1.jpg,559
559_face2.jpg,559
547_face0.jpg,547
547_face1.jpg,547
547_face2.jpg,547
543_face0.jpg,543
520_face0.jpg,520
520_face1.jpg,520
511_face0.jpg,511
511_face1.jpg,511
503_face0.jpg,503
503_face1.jpg,503
500_face0.jpg,500
487_face0.jpg,487
479_face0.jpg,479
479_face1.jpg,479
479_face2.jpg,479
479_face3.jpg,479
479_face4.jpg,479
479_face5.jpg,479
479_face6.jpg,479
479_face7.jpg,479
479_face8.jpg,479
478_face0.jpg,478
477_face0.jpg,477
467_face0.jpg,467
467_face1.jpg,467
467_face2.jpg,467
467_face3.jpg,467
467_face4.jpg,467
467_face5.jpg,467
463_face0.jpg,463
459_face0.jpg,459
459_face1.jpg,459
459_face2.jpg,459
459_face3.jpg,459
459_face4.jpg,459
459_face5.jpg,459
457_face0.jpg,457
453_face0.jpg,453
452_face0.jpg,452
451_face0.jpg,451
450_face0.jpg,450
447_face0.jpg,447
445_face0.jpg,445
443_face0.jpg,443
434_face0.jpg,434
432_face0.jpg,432
432_face1.jpg,432
410_face0.jpg,410
410_face1.jpg,410
410_face2.jpg,410
405_face0.jpg,405
404_face0.jpg,404
402_face0.jpg,402
400_face0.jpg,400
396_face0.jpg,396
388_face0.jpg,388
385_face0.jpg,385
373_face0.jpg,373
372_face0.jpg,372
357_face0.jpg,357
356_face0.jpg,356
350_face0.jpg,350
329_face0.jpg,329
328_face0.jpg,328
328_face1.jpg,328
327_face0.jpg,327
324_face0.jpg,324
309_face0.jpg,309
309_face1.jpg,309
309_face2.jpg,309
301_face0.jpg,301
301_face1.jpg,301
297_face0.jpg,297
190_face0.jpg,190
171_face0.jpg,171
143_face0.jpg,143
1221_face0.jpg,1221
1208_face0.jpg,1208
1189_face0.jpg,1189
1184_face0.jpg,1184
1167_face0.jpg,1167
1166_face0.jpg,1166
1164_face0.jpg,1164
1164_face1.jpg,1164
1164_face2.jpg,1164
1163_face0.jpg,1163
1163_face1.jpg,1163
1163_face2.jpg,1163
1139_face0.jpg,1139
1136_face0.jpg,1136
1124_face0.jpg,1124
1123_face0.jpg,1123
1122_face0.jpg,1122
1120_face0.jpg,1120
1113_face0.jpg,1113
11_face0.jpg,11
11_face1.jpg,11
1095_face0.jpg,1095
1089_face0.jpg,1089
1080_face0.jpg,1080
1019_face0.jpg,1019
1016_face0.jpg,1016
1005_face0.jpg,1005
934_face0.jpg,934
918_face0.jpg,918
898_face0.jpg,898
894_face0.jpg,894
894_face1.jpg,894
894_face2.jpg,894
880_face0.jpg,880
855_face0.jpg,855
854_face0.jpg,854
852_face0.jpg,852
842_face0.jpg,842
837_face0.jpg,837
82_face0.jpg,82
802_face0.jpg,802
80_face0.jpg,80
792_face0.jpg,792
792_face1.jpg,792
792_face2.jpg,792
786_face0.jpg,786
776_face0.jpg,776
776_face1.jpg,776
776_face2.jpg,776
765_face0.jpg,765
764_face0.jpg,764
751_face0.jpg,751
751_face1.jpg,751
751_face2.jpg,751
751_face3.jpg,751
751_face4.jpg,751
72_face0.jpg,72
72_face1.jpg,72
709_face0.jpg,709
709_face1.jpg,709
672_face0.jpg,672
672_face1.jpg,672
671_face0.jpg,671
671_face1.jpg,671
662_face0.jpg,662
662_face1.jpg,662
662_face2.jpg,662
662_face3.jpg,662
662_face4.jpg,662
662_face5.jpg,662
642_face0.jpg,642
622_face0.jpg,622
611_face0.jpg,611
581_face0.jpg,581
581_face1.jpg,581
581_face2.jpg,581
568_face0.jpg,568
556_face0.jpg,556
538_face0.jpg,538
500_face0.jpg,500
500_face1.jpg,500
488_face0.jpg,488
488_face1.jpg,488
488_face2.jpg,488
488_face3.jpg,488
483_face0.jpg,483
483_face1.jpg,483
483_face2.jpg,483
474_face0.jpg,474
473_face0.jpg,473
413_face0.jpg,413
386_face0.jpg,386
386_face1.jpg,386
382_face0.jpg,382
382_face1.jpg,382
374_face0.jpg,374
360_face0.jpg,360
360_face1.jpg,360
317_face0.jpg,317
311_face0.jpg,311
310_face0.jpg,310
298_face0.jpg,298
298_face1.jpg,298
269_face0.jpg,269
268_face0.jpg,268
267_face0.jpg,267
249_face0.jpg,249
232_face0.jpg,232
227_face0.jpg,227
200_face0.jpg,200
2_face0.jpg,2
163_face0.jpg,163
163_face1.jpg,163
163_face2.jpg,163
163_face3.jpg,163
152_face0.jpg,152
148_face0.jpg,148
132_face0.jpg,132
132_face1.jpg,132
998_face0.jpg,998
99_face0.jpg,99
987_face0.jpg,987
958_face0.jpg,958
958_face1.jpg,958
958_face2.jpg,958
958_face3.jpg,958
939_face0.jpg,939
939_face1.jpg,939
939_face2.jpg,939
939_face3.jpg,939
939_face4.jpg,939
939_face5.jpg,939
934_face0.jpg,934
934_face1.jpg,934
934_face2.jpg,934
934_face3.jpg,934
872_face0.jpg,872
872_face1.jpg,872
872_face2.jpg,872
872_face3.jpg,872
872_face4.jpg,872
872_face5.jpg,872
872_face6.jpg,872
838_face0.jpg,838
823_face0.jpg,823
816_face0.jpg,816
804_face0.jpg,804
804_face1.jpg,804
770_face0.jpg,770
749_face0.jpg,749
749_face1.jpg,749
711_face0.jpg,711
704_face0.jpg,704
704_face1.jpg,704
702_face0.jpg,702
700_face0.jpg,700
694_face0.jpg,694
694_face1.jpg,694
694_face2.jpg,694
694_face3.jpg,694
694_face4.jpg,694
694_face5.jpg,694
694_face6.jpg,694
694_face7.jpg,694
664_face0.jpg,664
664_face1.jpg,664
661_face0.jpg,661
622_face0.jpg,622
622_face1.jpg,622
604_face0.jpg,604
604_face1.jpg,604
554_face0.jpg,554
544_face0.jpg,544
534_face0.jpg,534
531_face0.jpg,531
53_face0.jpg,53
53_face1.jpg,53
519_face0.jpg,519
518_face0.jpg,518
513_face0.jpg,513
508_face0.jpg,508
496_face0.jpg,496
496_face1.jpg,496
496_face2.jpg,496
496_face3.jpg,496
496_face4.jpg,496
496_face5.jpg,496
496_face6.jpg,496
494_face0.jpg,494
481_face0.jpg,481
474_face0.jpg,474
467_face0.jpg,467
467_face1.jpg,467
467_face2.jpg,467
447_face0.jpg,447
435_face0.jpg,435
435_face1.jpg,435
435_face2.jpg,435
435_face3.jpg,435
435_face4.jpg,435
435_face5.jpg,435
435_face6.jpg,435
435_face7.jpg,435
435_face8.jpg,435
435_face9.jpg,435
435_face10.jpg,435
431_face0.jpg,431
427_face0.jpg,427
418_face0.jpg,418
418_face1.jpg,418
418_face2.jpg,418
418_face3.jpg,418
418_face4.jpg,418
411_face0.jpg,411
405_face0.jpg,405
4_face0.jpg,4
4_face1.jpg,4
341_face0.jpg,341
246_face0.jpg,246
246_face1.jpg,246
219_face0.jpg,219
219_face1.jpg,219
183_face0.jpg,183
179_face0.jpg,179
179_face1.jpg,179
125_face0.jpg,125
125_face1.jpg,125
124_face0.jpg,124
1145_face0.jpg,1145
1137_face0.jpg,1137
1080_face0.jpg,1080
1059_face0.jpg,1059
1016_face0.jpg,1016
1014_face0.jpg,1014
998_face0.jpg,998
998_face1.jpg,998
984_face0.jpg,984
984_face1.jpg,984
978_face0.jpg,978
973_face0.jpg,973
95_face0.jpg,95
949_face0.jpg,949
948_face0.jpg,948
940_face0.jpg,940
940_face1.jpg,940
908_face0.jpg,908
880_face0.jpg,880
878_face0.jpg,878
878_face1.jpg,878
878_face2.jpg,878
878_face3.jpg,878
878_face4.jpg,878
878_face5.jpg,878
878_face6.jpg,878
867_face0.jpg,867
866_face0.jpg,866
842_face0.jpg,842
842_face1.jpg,842
842_face2.jpg,842
760_face0.jpg,760
728_face0.jpg,728
712_face0.jpg,712
7_face0.jpg,7
7_face1.jpg,7
7_face2.jpg,7
685_face0.jpg,685
679_face0.jpg,679
678_face0.jpg,678
678_face1.jpg,678
673_face0.jpg,673
642_face0.jpg,642
639_face0.jpg,639
631_face0.jpg,631
624_face0.jpg,624
62_face0.jpg,62
62_face1.jpg,62
61_face0.jpg,61
580_face0.jpg,580
578_face0.jpg,578
57_face0.jpg,57
501_face0.jpg,501
486_face0.jpg,486
486_face1.jpg,486
469_face0.jpg,469
469_face1.jpg,469
446_face0.jpg,446
446_face1.jpg,446
446_face2.jpg,446
446_face3.jpg,446
446_face4.jpg,446
446_face5.jpg,446
423_face0.jpg,423
421_face0.jpg,421
386_face0.jpg,386
368_face0.jpg,368
368_face1.jpg,368
367_face0.jpg,367
367_face1.jpg,367
367_face2.jpg,367
292_face0.jpg,292
292_face1.jpg,292
292_face2.jpg,292
292_face3.jpg,292
292_face4.jpg,292
292_face5.jpg,292
287_face0.jpg,287
235_face0.jpg,235
235_face1.jpg,235
224_face0.jpg,224
224_face1.jpg,224
20_face0.jpg,20
182_face0.jpg,182
182_face1.jpg,182
182_face2.jpg,182
182_face3.jpg,182
182_face4.jpg,182
182_face5.jpg,182
12_face0.jpg,12
12_face1.jpg,12
12_face2.jpg,12
12_face3.jpg,12
12_face4.jpg,12
12_face5.jpg,12
1066_face0.jpg,1066
1066_face1.jpg,1066
1044_face0.jpg,1044
1044_face1.jpg,1044
1013_face0.jpg,1013
1012_face0.jpg,1012
1012_face1.jpg,1012
1012_face2.jpg,1012
991_face0.jpg,991
991_face1.jpg,991
991_face2.jpg,991
991_face3.jpg,991
991_face4.jpg,991
977_face0.jpg,977
977_face1.jpg,977
898_face0.jpg,898
884_face0.jpg,884
884_face1.jpg,884
872_face0.jpg,872
871_face0.jpg,871
866_face0.jpg,866
839_face0.jpg,839
823_face0.jpg,823
823_face1.jpg,823
818_face0.jpg,818
818_face1.jpg,818
818_face2.jpg,818
807_face0.jpg,807
807_face1.jpg,807
805_face0.jpg,805
805_face1.jpg,805
805_face2.jpg,805
805_face3.jpg,805
798_face0.jpg,798
777_face0.jpg,777
776_face0.jpg,776
776_face1.jpg,776
776_face2.jpg,776
760_face0.jpg,760
759_face0.jpg,759
754_face0.jpg,754
751_face0.jpg,751
749_face0.jpg,749
740_face0.jpg,740
729_face0.jpg,729
723_face0.jpg,723
722_face0.jpg,722
712_face0.jpg,712
712_face1.jpg,712
709_face0.jpg,709
709_face1.jpg,709
696_face0.jpg,696
696_face1.jpg,696
688_face0.jpg,688
665_face0.jpg,665
665_face1.jpg,665
658_face0.jpg,658
649_face0.jpg,649
642_face0.jpg,642
604_face0.jpg,604
599_face0.jpg,599
587_face0.jpg,587
587_face1.jpg,587
573_face0.jpg,573
573_face1.jpg,573
572_face0.jpg,572
569_face0.jpg,569
522_face0.jpg,522
522_face1.jpg,522
503_face0.jpg,503
503_face1.jpg,503
503_face2.jpg,503
490_face0.jpg,490
490_face1.jpg,490
486_face0.jpg,486
486_face1.jpg,486
412_face0.jpg,412
411_face0.jpg,411
394_face0.jpg,394
388_face0.jpg,388
385_face0.jpg,385
347_face0.jpg,347
347_face1.jpg,347
347_face2.jpg,347
340_face0.jpg,340
337_face0.jpg,337
333_face0.jpg,333
326_face0.jpg,326
263_face0.jpg,263
262_face0.jpg,262
262_face1.jpg,262
249_face0.jpg,249
249_face1.jpg,249
249_face2.jpg,249
249_face3.jpg,249
249_face4.jpg,249
249_face5.jpg,249
249_face6.jpg,249
249_face7.jpg,249
249_face8.jpg,249
222_face0.jpg,222
149_face0.jpg,149
149_face1.jpg,149
149_face2.jpg,149
149_face3.jpg,149
149_face4.jpg,149
149_face5.jpg,149
1462_face0.jpg,1462
1383_face0.jpg,1383
1336_face0.jpg,1336
1336_face1.jpg,1336
1330_face0.jpg,1330
1330_face1.jpg,1330
132_face0.jpg,132
132_face1.jpg,132
131_face0.jpg,131
1294_face0.jpg,1294
1292_face0.jpg,1292
1291_face0.jpg,1291
1291_face1.jpg,1291
1251_face0.jpg,1251
1251_face1.jpg,1251
1251_face2.jpg,1251
1223_face0.jpg,1223
1223_face1.jpg,1223
1223_face2.jpg,1223
1220_face0.jpg,1220
1220_face1.jpg,1220
1217_face0.jpg,1217
1204_face0.jpg,1204
1204_face1.jpg,1204
1181_face0.jpg,1181
1177_face0.jpg,1177
1176_face0.jpg,1176
1176_face1.jpg,1176
1171_face0.jpg,1171
1170_face0.jpg,1170
1107_face0.jpg,1107
1107_face1.jpg,1107
1101_face0.jpg,1101
1100_face0.jpg,1100
1080_face0.jpg,1080
1080_face1.jpg,1080
1060_face0.jpg,1060
1035_face0.jpg,1035
1035_face1.jpg,1035
1035_face2.jpg,1035
1032_face0.jpg,1032
1031_face0.jpg,1031
1029_face0.jpg,1029
1029_face1.jpg,1029
1027_face0.jpg,1027
1027_face1.jpg,1027
1_face0.jpg,1
991_face0.jpg,991
987_face0.jpg,987
974_face0.jpg,974
974_face1.jpg,974
973_face0.jpg,973
961_face0.jpg,961
961_face1.jpg,961
960_face0.jpg,960
949_face0.jpg,949
940_face0.jpg,940
934_face0.jpg,934
933_face0.jpg,933
932_face0.jpg,932
932_face1.jpg,932
930_face0.jpg,930
930_face1.jpg,930
930_face2.jpg,930
930_face3.jpg,930
912_face0.jpg,912
912_face1.jpg,912
885_face0.jpg,885
874_face0.jpg,874
861_face0.jpg,861
861_face1.jpg,861
86_face0.jpg,86
857_face0.jpg,857
842_face0.jpg,842
84_face0.jpg,84
838_face0.jpg,838
837_face0.jpg,837
828_face0.jpg,828
828_face1.jpg,828
828_face2.jpg,828
828_face3.jpg,828
826_face0.jpg,826
820_face0.jpg,820
820_face1.jpg,820
811_face0.jpg,811
811_face1.jpg,811
789_face0.jpg,789
787_face0.jpg,787
787_face1.jpg,787
786_face0.jpg,786
781_face0.jpg,781
776_face0.jpg,776
775_face0.jpg,775
775_face1.jpg,775
775_face2.jpg,775
771_face0.jpg,771
771_face1.jpg,771
771_face2.jpg,771
765_face0.jpg,765
761_face0.jpg,761
760_face0.jpg,760
75_face0.jpg,75
75_face1.jpg,75
744_face0.jpg,744
744_face1.jpg,744
744_face2.jpg,744
744_face3.jpg,744
743_face0.jpg,743
74_face0.jpg,74
730_face0.jpg,730
693_face0.jpg,693
693_face1.jpg,693
684_face0.jpg,684
684_face1.jpg,684
684_face2.jpg,684
674_face0.jpg,674
674_face1.jpg,674
672_face0.jpg,672
669_face0.jpg,669
664_face0.jpg,664
660_face0.jpg,660
635_face0.jpg,635
635_face1.jpg,635
622_face0.jpg,622
622_face1.jpg,622
590_face0.jpg,590
590_face1.jpg,590
576_face0.jpg,576
576_face1.jpg,576
556_face0.jpg,556
556_face1.jpg,556
547_face0.jpg,547
547_face1.jpg,547
539_face0.jpg,539
539_face1.jpg,539
539_face2.jpg,539
538_face0.jpg,538
538_face1.jpg,538
538_face2.jpg,538
538_face3.jpg,538
535_face0.jpg,535
524_face0.jpg,524
524_face1.jpg,524
514_face0.jpg,514
514_face1.jpg,514
510_face0.jpg,510
508_face0.jpg,508
507_face0.jpg,507
507_face1.jpg,507
503_face0.jpg,503
503_face1.jpg,503
497_face0.jpg,497
497_face1.jpg,497
453_face0.jpg,453
451_face0.jpg,451
413_face0.jpg,413
411_face0.jpg,411
411_face1.jpg,411
410_face0.jpg,410
410_face1.jpg,410
410_face2.jpg,410
398_face0.jpg,398
394_face0.jpg,394
386_face0.jpg,386
386_face1.jpg,386
386_face2.jpg,386
386_face3.jpg,386
384_face0.jpg,384
384_face1.jpg,384
380_face0.jpg,380
368_face0.jpg,368
367_face0.jpg,367
362_face0.jpg,362
362_face1.jpg,362
354_face0.jpg,354
352_face0.jpg,352
352_face1.jpg,352
336_face0.jpg,336
330_face0.jpg,330
330_face1.jpg,330
329_face0.jpg,329
329_face1.jpg,329
276_face0.jpg,276
276_face1.jpg,276
258_face0.jpg,258
246_face0.jpg,246
238_face0.jpg,238
238_face1.jpg,238
228_face0.jpg,228
228_face1.jpg,228
226_face0.jpg,226
226_face1.jpg,226
206_face0.jpg,206
193_face0.jpg,193
184_face0.jpg,184
1548_face0.jpg,1548
1538_face0.jpg,1538
1532_face0.jpg,1532
1522_face0.jpg,1522
1518_face0.jpg,1518
1518_face1.jpg,1518
1518_face2.jpg,1518
1518_face3.jpg,1518
1516_face0.jpg,1516
1511_face0.jpg,1511
15_face0.jpg,15
1480_face0.jpg,1480
1463_face0.jpg,1463
1458_face0.jpg,1458
1433_face0.jpg,1433
1410_face0.jpg,1410
1410_face1.jpg,1410
1377_face0.jpg,1377
1377_face1.jpg,1377
1377_face2.jpg,1377
1375_face0.jpg,1375
1356_face0.jpg,1356
1356_face1.jpg,1356
1332_face0.jpg,1332
1332_face1.jpg,1332
1321_face0.jpg,1321
1321_face1.jpg,1321
1321_face2.jpg,1321
1308_face0.jpg,1308
1307_face0.jpg,1307
1307_face1.jpg,1307
1303_face0.jpg,1303
1303_face1.jpg,1303
1299_face0.jpg,1299
1299_face1.jpg,1299
1297_face0.jpg,1297
1297_face1.jpg,1297
1295_face0.jpg,1295
1295_face1.jpg,1295
1290_face0.jpg,1290
1245_face0.jpg,1245
1245_face1.jpg,1245
1241_face0.jpg,1241
1241_face1.jpg,1241
1217_face0.jpg,1217
1172_face0.jpg,1172
1172_face1.jpg,1172
1140_face0.jpg,1140
1121_face0.jpg,1121
1121_face1.jpg,1121
1103_face0.jpg,1103
1102_face0.jpg,1102
1072_face0.jpg,1072
1072_face1.jpg,1072
1061_face0.jpg,1061
1061_face1.jpg,1061
1055_face0.jpg,1055
1040_face0.jpg,1040
1040_face1.jpg,1040
1028_face0.jpg,1028
987_face0.jpg,987
987_face1.jpg,987
987_face2.jpg,987
986_face0.jpg,986
985_face0.jpg,985
946_face0.jpg,946
924_face0.jpg,924
86_face0.jpg,86
848_face0.jpg,848
845_face0.jpg,845
845_face1.jpg,845
844_face0.jpg,844
840_face0.jpg,840
840_face1.jpg,840
84_face0.jpg,84
84_face1.jpg,84
831_face0.jpg,831
814_face0.jpg,814
813_face0.jpg,813
796_face0.jpg,796
795_face0.jpg,795
795_face1.jpg,795
794_face0.jpg,794
794_face1.jpg,794
794_face2.jpg,794
782_face0.jpg,782
782_face1.jpg,782
782_face2.jpg,782
782_face3.jpg,782
778_face0.jpg,778
778_face1.jpg,778
778_face2.jpg,778
773_face0.jpg,773
773_face1.jpg,773
773_face2.jpg,773
773_face3.jpg,773
761_face0.jpg,761
761_face1.jpg,761
761_face2.jpg,761
761_face3.jpg,761
668_face0.jpg,668
651_face0.jpg,651
631_face0.jpg,631
628_face0.jpg,628
627_face0.jpg,627
624_face0.jpg,624
612_face0.jpg,612
611_face0.jpg,611
609_face0.jpg,609
609_face1.jpg,609
602_face0.jpg,602
601_face0.jpg,601
601_face1.jpg,601
601_face2.jpg,601
601_face3.jpg,601
597_face0.jpg,597
596_face0.jpg,596
584_face0.jpg,584
536_face0.jpg,536
525_face0.jpg,525
507_face0.jpg,507
507_face1.jpg,507
500_face0.jpg,500
500_face1.jpg,500
48_face0.jpg,48
48_face1.jpg,48
476_face0.jpg,476
476_face1.jpg,476
476_face2.jpg,476
476_face3.jpg,476
455_face0.jpg,455
433_face0.jpg,433
36_face0.jpg,36
350_face0.jpg,350
350_face1.jpg,350
350_face2.jpg,350
331_face0.jpg,331
331_face1.jpg,331
311_face0.jpg,311
3_face0.jpg,3
298_face0.jpg,298
281_face0.jpg,281
255_face0.jpg,255
252_face0.jpg,252
234_face0.jpg,234
196_face0.jpg,196
186_face0.jpg,186
186_face1.jpg,186
186_face2.jpg,186
165_face0.jpg,165
165_face1.jpg,165
16_face0.jpg,16
1551_face0.jpg,1551
1543_face0.jpg,1543
15_face0.jpg,15
1473_face0.jpg,1473
1463_face0.jpg,1463
1459_face0.jpg,1459
1456_face0.jpg,1456
1456_face1.jpg,1456
1426_face0.jpg,1426
1426_face1.jpg,1426
1424_face0.jpg,1424
1424_face1.jpg,1424
1409_face0.jpg,1409
1409_face1.jpg,1409
1405_face0.jpg,1405
1385_face0.jpg,1385
138_face0.jpg,138
1376_face0.jpg,1376
1354_face0.jpg,1354
1342_face0.jpg,1342
1342_face1.jpg,1342
1342_face2.jpg,1342
1338_face0.jpg,1338
1338_face1.jpg,1338
1273_face0.jpg,1273
127_face0.jpg,127
1258_face0.jpg,1258
1255_face0.jpg,1255
1210_face0.jpg,1210
1198_face0.jpg,1198
1177_face0.jpg,1177
1148_face0.jpg,1148
1148_face1.jpg,1148
1143_face0.jpg,1143
1141_face0.jpg,1141
1135_face0.jpg,1135
1133_face0.jpg,1133
1128_face0.jpg,1128
1121_face0.jpg,1121
1114_face0.jpg,1114
1114_face1.jpg,1114
1109_face0.jpg,1109
1104_face0.jpg,1104
1104_face1.jpg,1104
11_face0.jpg,11
11_face1.jpg,11
11_face2.jpg,11
11_face3.jpg,11
1092_face0.jpg,1092
1092_face1.jpg,1092
1092_face2.jpg,1092
1092_face3.jpg,1092
1091_face0.jpg,1091
1091_face1.jpg,1091
1090_face0.jpg,1090
1084_face0.jpg,1084
1081_face0.jpg,1081
1081_face1.jpg,1081
1070_face0.jpg,1070
107_face0.jpg,107
107_face1.jpg,107
1067_face0.jpg,1067
1059_face0.jpg,1059
1053_face0.jpg,1053
1053_face1.jpg,1053
1053_face2.jpg,1053
1046_face0.jpg,1046
1046_face1.jpg,1046
1046_face2.jpg,1046
1011_face0.jpg,1011
1009_face0.jpg,1009
1002_face0.jpg,1002
1002_face1.jpg,1002
989_face0.jpg,989
989_face1.jpg,989
989_face2.jpg,989
989_face3.jpg,989
989_face4.jpg,989
989_face5.jpg,989
989_face6.jpg,989
980_face0.jpg,980
980_face1.jpg,980
980_face2.jpg,980
980_face3.jpg,980
980_face4.jpg,980
980_face5.jpg,980
973_face0.jpg,973
935_face0.jpg,935
935_face1.jpg,935
917_face0.jpg,917
917_face1.jpg,917
912_face0.jpg,912
912_face1.jpg,912
912_face2.jpg,912
90_face0.jpg,90
895_face0.jpg,895
895_face1.jpg,895
895_face2.jpg,895
883_face0.jpg,883
883_face1.jpg,883
874_face0.jpg,874
87_face0.jpg,87
87_face1.jpg,87
861_face0.jpg,861
861_face1.jpg,861
861_face2.jpg,861
860_face0.jpg,860
854_face0.jpg,854
851_face0.jpg,851
848_face0.jpg,848
847_face0.jpg,847
832_face0.jpg,832
832_face1.jpg,832
832_face2.jpg,832
828_face0.jpg,828
828_face1.jpg,828
804_face0.jpg,804
803_face0.jpg,803
799_face0.jpg,799
795_face0.jpg,795
795_face1.jpg,795
772_face0.jpg,772
772_face1.jpg,772
768_face0.jpg,768
753_face0.jpg,753
753_face1.jpg,753
753_face2.jpg,753
730_face0.jpg,730
722_face0.jpg,722
687_face0.jpg,687
687_face1.jpg,687
687_face2.jpg,687
686_face0.jpg,686
686_face1.jpg,686
686_face2.jpg,686
681_face0.jpg,681
681_face1.jpg,681
681_face2.jpg,681
679_face0.jpg,679
676_face0.jpg,676
655_face0.jpg,655
642_face0.jpg,642
641_face0.jpg,641
641_face1.jpg,641
64_face0.jpg,64
635_face0.jpg,635
635_face1.jpg,635
623_face0.jpg,623
590_face0.jpg,590
578_face0.jpg,578
567_face0.jpg,567
567_face1.jpg,567
566_face0.jpg,566
560_face0.jpg,560
558_face0.jpg,558
553_face0.jpg,553
544_face0.jpg,544
544_face1.jpg,544
544_face2.jpg,544
544_face3.jpg,544
544_face4.jpg,544
544_face5.jpg,544
544_face6.jpg,544
544_face7.jpg,544
544_face8.jpg,544
544_face9.jpg,544
544_face10.jpg,544
544_face11.jpg,544
544_face12.jpg,544
544_face13.jpg,544
544_face14.jpg,544
537_face0.jpg,537
537_face1.jpg,537
537_face2.jpg,537
537_face3.jpg,537
522_face0.jpg,522
519_face0.jpg,519
518_face0.jpg,518
518_face1.jpg,518
518_face2.jpg,518
518_face3.jpg,518
516_face0.jpg,516
515_face0.jpg,515
515_face1.jpg,515
515_face2.jpg,515
515_face3.jpg,515
51_face0.jpg,51
5_face0.jpg,5
479_face0.jpg,479
428_face0.jpg,428
423_face0.jpg,423
417_face0.jpg,417
417_face1.jpg,417
417_face2.jpg,417
400_face0.jpg,400
400_face1.jpg,400
399_face0.jpg,399
384_face0.jpg,384
382_face0.jpg,382
382_face1.jpg,382
38_face0.jpg,38
373_face0.jpg,373
359_face0.jpg,359
354_face0.jpg,354
351_face0.jpg,351
33_face0.jpg,33
328_face0.jpg,328
320_face0.jpg,320
319_face0.jpg,319
315_face0.jpg,315
288_face0.jpg,288
288_face1.jpg,288
288_face2.jpg,288
288_face3.jpg,288
284_face0.jpg,284
283_face0.jpg,283
282_face0.jpg,282
271_face0.jpg,271
271_face1.jpg,271
270_face0.jpg,270
264_face0.jpg,264
264_face1.jpg,264
259_face0.jpg,259
259_face1.jpg,259
241_face0.jpg,241
241_face1.jpg,241
241_face2.jpg,241
241_face3.jpg,241
212_face0.jpg,212
195_face0.jpg,195
174_face0.jpg,174
174_face1.jpg,174
165_face0.jpg,165
148_face0.jpg,148
130_face0.jpg,130
1253_face0.jpg,1253
1253_face1.jpg,1253
1208_face0.jpg,1208
1203_face0.jpg,1203
119_face0.jpg,119
1151_face0.jpg,1151
1151_face1.jpg,1151
1126_face0.jpg,1126
1126_face1.jpg,1126
1119_face0.jpg,1119
1119_face1.jpg,1119
1119_face2.jpg,1119
1119_face3.jpg,1119
1119_face4.jpg,1119
1119_face5.jpg,1119
1119_face6.jpg,1119
1119_face7.jpg,1119
1109_face0.jpg,1109
1098_face0.jpg,1098
1095_face0.jpg,1095
1095_face1.jpg,1095
1095_face2.jpg,1095
1046_face0.jpg,1046
1045_face0.jpg,1045
991_face0.jpg,991
991_face1.jpg,991
987_face0.jpg,987
985_face0.jpg,985
978_face0.jpg,978
967_face0.jpg,967
967_face1.jpg,967
967_face2.jpg,967
967_face3.jpg,967
967_face4.jpg,967
962_face0.jpg,962
962_face1.jpg,962
962_face2.jpg,962
956_face0.jpg,956
941_face0.jpg,941
924_face0.jpg,924
912_face0.jpg,912
910_face0.jpg,910
910_face1.jpg,910
903_face0.jpg,903
900_face0.jpg,900
9_face0.jpg,9
9_face1.jpg,9
898_face0.jpg,898
890_face0.jpg,890
886_face0.jpg,886
885_face0.jpg,885
885_face1.jpg,885
885_face2.jpg,885
883_face0.jpg,883
877_face0.jpg,877
867_face0.jpg,867
866_face0.jpg,866
866_face1.jpg,866
866_face2.jpg,866
849_face0.jpg,849
849_face1.jpg,849
839_face0.jpg,839
839_face1.jpg,839
838_face0.jpg,838
835_face0.jpg,835
835_face1.jpg,835
833_face0.jpg,833
833_face1.jpg,833
820_face0.jpg,820
820_face1.jpg,820
8_face0.jpg,8
8_face1.jpg,8
792_face0.jpg,792
792_face1.jpg,792
783_face0.jpg,783
783_face1.jpg,783
783_face2.jpg,783
783_face3.jpg,783
783_face4.jpg,783
773_face0.jpg,773
773_face1.jpg,773
764_face0.jpg,764
756_face0.jpg,756
756_face1.jpg,756
75_face0.jpg,75
743_face0.jpg,743
743_face1.jpg,743
743_face2.jpg,743
743_face3.jpg,743
743_face4.jpg,743
731_face0.jpg,731
731_face1.jpg,731
730_face0.jpg,730
730_face1.jpg,730
725_face0.jpg,725
725_face1.jpg,725
708_face0.jpg,708
708_face1.jpg,708
703_face0.jpg,703
700_face0.jpg,700
700_face1.jpg,700
680_face0.jpg,680
680_face1.jpg,680
673_face0.jpg,673
673_face1.jpg,673
666_face0.jpg,666
661_face0.jpg,661
661_face1.jpg,661
651_face0.jpg,651
646_face0.jpg,646
646_face1.jpg,646
64_face0.jpg,64
623_face0.jpg,623
616_face0.jpg,616
616_face1.jpg,616
613_face0.jpg,613
609_face0.jpg,609
603_face0.jpg,603
603_face1.jpg,603
603_face2.jpg,603
601_face0.jpg,601
580_face0.jpg,580
572_face0.jpg,572
572_face1.jpg,572
571_face0.jpg,571
569_face0.jpg,569
565_face0.jpg,565
565_face1.jpg,565
564_face0.jpg,564
563_face0.jpg,563
563_face1.jpg,563
563_face2.jpg,563
561_face0.jpg,561
561_face1.jpg,561
546_face0.jpg,546
546_face1.jpg,546
546_face2.jpg,546
546_face3.jpg,546
533_face0.jpg,533
519_face0.jpg,519
519_face1.jpg,519
519_face2.jpg,519
518_face0.jpg,518
495_face0.jpg,495
486_face0.jpg,486
485_face0.jpg,485
484_face0.jpg,484
483_face0.jpg,483
482_face0.jpg,482
481_face0.jpg,481
480_face0.jpg,480
479_face0.jpg,479
465_face0.jpg,465
463_face0.jpg,463
463_face1.jpg,463
463_face2.jpg,463
462_face0.jpg,462
462_face1.jpg,462
453_face0.jpg,453
451_face0.jpg,451
443_face0.jpg,443
443_face1.jpg,443
441_face0.jpg,441
441_face1.jpg,441
426_face0.jpg,426
426_face1.jpg,426
383_face0.jpg,383
378_face0.jpg,378
377_face0.jpg,377
377_face1.jpg,377
375_face0.jpg,375
368_face0.jpg,368
366_face0.jpg,366
366_face1.jpg,366
365_face0.jpg,365
360_face0.jpg,360
36_face0.jpg,36
355_face0.jpg,355
349_face0.jpg,349
348_face0.jpg,348
348_face1.jpg,348
341_face0.jpg,341
336_face0.jpg,336
320_face0.jpg,320
32_face0.jpg,32
313_face0.jpg,313
302_face0.jpg,302
302_face1.jpg,302
302_face2.jpg,302
294_face0.jpg,294
294_face1.jpg,294
285_face0.jpg,285
279_face0.jpg,279
276_face0.jpg,276
274_face0.jpg,274
274_face1.jpg,274
272_face0.jpg,272
272_face1.jpg,272
266_face0.jpg,266
266_face1.jpg,266
261_face0.jpg,261
256_face0.jpg,256
252_face0.jpg,252
248_face0.jpg,248
243_face0.jpg,243
217_face0.jpg,217
217_face1.jpg,217
210_face0.jpg,210
2_face0.jpg,2
154_face0.jpg,154
154_face1.jpg,154
15_face0.jpg,15
15_face1.jpg,15
14_face0.jpg,14
14_face1.jpg,14
14_face2.jpg,14
13_face0.jpg,13
12_face0.jpg,12
12_face1.jpg,12
12_face2.jpg,12
1196_face0.jpg,1196
1186_face0.jpg,1186
1170_face0.jpg,1170
1169_face0.jpg,1169
1169_face1.jpg,1169
1125_face0.jpg,1125
1109_face0.jpg,1109
1091_face0.jpg,1091
1091_face1.jpg,1091
109_face0.jpg,109
109_face1.jpg,109
1047_face0.jpg,1047
1047_face1.jpg,1047
1040_face0.jpg,1040
1040_face1.jpg,1040
1039_face0.jpg,1039
1038_face0.jpg,1038
1029_face0.jpg,1029
1029_face1.jpg,1029
102_face0.jpg,102
1017_face0.jpg,1017
1011_face0.jpg,1011
1011_face1.jpg,1011
1011_face2.jpg,1011
1011_face3.jpg,1011
1011_face4.jpg,1011
1011_face5.jpg,1011
1011_face6.jpg,1011
1011_face7.jpg,1011
1007_face0.jpg,1007
1007_face1.jpg,1007
1004_face0.jpg,1004
980_face0.jpg,980
937_face0.jpg,937
937_face1.jpg,937
937_face2.jpg,937
937_face3.jpg,937
936_face0.jpg,936
887_face0.jpg,887
847_face0.jpg,847
847_face1.jpg,847
844_face0.jpg,844
844_face1.jpg,844
832_face0.jpg,832
832_face1.jpg,832
812_face0.jpg,812
803_face0.jpg,803
803_face1.jpg,803
803_face2.jpg,803
802_face0.jpg,802
802_face1.jpg,802
790_face0.jpg,790
790_face1.jpg,790
790_face2.jpg,790
790_face3.jpg,790
790_face4.jpg,790
772_face0.jpg,772
768_face0.jpg,768
760_face0.jpg,760
759_face0.jpg,759
737_face0.jpg,737
737_face1.jpg,737
737_face2.jpg,737
735_face0.jpg,735
735_face1.jpg,735
735_face2.jpg,735
735_face3.jpg,735
731_face0.jpg,731
731_face1.jpg,731
731_face2.jpg,731
656_face0.jpg,656
640_face0.jpg,640
628_face0.jpg,628
619_face0.jpg,619
619_face1.jpg,619
609_face0.jpg,609
60_face0.jpg,60
591_face0.jpg,591
587_face0.jpg,587
587_face1.jpg,587
564_face0.jpg,564
559_face0.jpg,559
553_face0.jpg,553
553_face1.jpg,553
553_face2.jpg,553
553_face3.jpg,553
545_face0.jpg,545
539_face0.jpg,539
536_face0.jpg,536
524_face0.jpg,524
497_face0.jpg,497
497_face1.jpg,497
497_face2.jpg,497
497_face3.jpg,497
495_face0.jpg,495
486_face0.jpg,486
472_face0.jpg,472
472_face1.jpg,472
472_face2.jpg,472
471_face0.jpg,471
471_face1.jpg,471
471_face2.jpg,471
463_face0.jpg,463
463_face1.jpg,463
461_face0.jpg,461
461_face1.jpg,461
461_face2.jpg,461
461_face3.jpg,461
461_face4.jpg,461
461_face5.jpg,461
444_face0.jpg,444
443_face0.jpg,443
443_face1.jpg,443
443_face2.jpg,443
440_face0.jpg,440
44_face0.jpg,44
44_face1.jpg,44
415_face0.jpg,415
412_face0.jpg,412
412_face1.jpg,412
412_face2.jpg,412
412_face3.jpg,412
396_face0.jpg,396
393_face0.jpg,393
393_face1.jpg,393
387_face0.jpg,387
363_face0.jpg,363
362_face0.jpg,362
362_face1.jpg,362
354_face0.jpg,354
345_face0.jpg,345
329_face0.jpg,329
324_face0.jpg,324
324_face1.jpg,324
318_face0.jpg,318
318_face1.jpg,318
229_face0.jpg,229
225_face0.jpg,225
225_face1.jpg,225
225_face2.jpg,225
225_face3.jpg,225
207_face0.jpg,207
186_face0.jpg,186
129_face0.jpg,129
129_face1.jpg,129
1045_face0.jpg,1045
1042_face0.jpg,1042
1033_face0.jpg,1033
1019_face0.jpg,1019
984_face0.jpg,984
978_face0.jpg,978
978_face1.jpg,978
969_face0.jpg,969
969_face1.jpg,969
969_face2.jpg,969
969_face3.jpg,969
969_face4.jpg,969
969_face5.jpg,969
953_face0.jpg,953
953_face1.jpg,953
953_face2.jpg,953
953_face3.jpg,953
953_face4.jpg,953
953_face5.jpg,953
953_face6.jpg,953
953_face7.jpg,953
952_face0.jpg,952
920_face0.jpg,920
920_face1.jpg,920
910_face0.jpg,910
910_face1.jpg,910
886_face0.jpg,886
886_face1.jpg,886
886_face2.jpg,886
886_face3.jpg,886
881_face0.jpg,881
879_face0.jpg,879
869_face0.jpg,869
869_face1.jpg,869
840_face0.jpg,840
840_face1.jpg,840
840_face2.jpg,840
840_face3.jpg,840
836_face0.jpg,836
836_face1.jpg,836
823_face0.jpg,823
822_face0.jpg,822
822_face1.jpg,822
819_face0.jpg,819
811_face0.jpg,811
810_face0.jpg,810
806_face0.jpg,806
803_face0.jpg,803
801_face0.jpg,801
790_face0.jpg,790
781_face0.jpg,781
770_face0.jpg,770
769_face0.jpg,769
767_face0.jpg,767
767_face1.jpg,767
767_face2.jpg,767
760_face0.jpg,760
760_face1.jpg,760
760_face2.jpg,760
746_face0.jpg,746
746_face1.jpg,746
746_face2.jpg,746
746_face3.jpg,746
712_face0.jpg,712
712_face1.jpg,712
709_face0.jpg,709
703_face0.jpg,703
696_face0.jpg,696
696_face1.jpg,696
696_face2.jpg,696
680_face0.jpg,680
659_face0.jpg,659
651_face0.jpg,651
651_face1.jpg,651
651_face2.jpg,651
628_face0.jpg,628
624_face0.jpg,624
624_face1.jpg,624
621_face0.jpg,621
620_face0.jpg,620
616_face0.jpg,616
616_face1.jpg,616
614_face0.jpg,614
614_face1.jpg,614
614_face2.jpg,614
613_face0.jpg,613
607_face0.jpg,607
607_face1.jpg,607
607_face2.jpg,607
588_face0.jpg,588
588_face1.jpg,588
588_face2.jpg,588
588_face3.jpg,588
588_face4.jpg,588
576_face0.jpg,576
576_face1.jpg,576
553_face0.jpg,553
553_face1.jpg,553
542_face0.jpg,542
535_face0.jpg,535
526_face0.jpg,526
526_face1.jpg,526
526_face2.jpg,526
522_face0.jpg,522
503_face0.jpg,503
503_face1.jpg,503
503_face2.jpg,503
494_face0.jpg,494
494_face1.jpg,494
469_face0.jpg,469
428_face0.jpg,428
376_face0.jpg,376
358_face0.jpg,358
352_face0.jpg,352
352_face1.jpg,352
352_face2.jpg,352
352_face3.jpg,352
352_face4.jpg,352
249_face0.jpg,249
228_face0.jpg,228
228_face1.jpg,228
228_face2.jpg,228
228_face3.jpg,228
228_face4.jpg,228
20_face0.jpg,20
20_face1.jpg,20
181_face0.jpg,181
181_face1.jpg,181
179_face0.jpg,179
179_face1.jpg,179
167_face0.jpg,167
167_face1.jpg,167
167_face2.jpg,167
13_face0.jpg,13
13_face1.jpg,13
1177_face0.jpg,1177
1169_face0.jpg,1169
1129_face0.jpg,1129
1117_face0.jpg,1117
1117_face1.jpg,1117
1061_face0.jpg,1061
1061_face1.jpg,1061
106_face0.jpg,106
103_face0.jpg,103
103_face1.jpg,103
103_face2.jpg,103
103_face3.jpg,103
103_face4.jpg,103
102_face0.jpg,102
1015_face0.jpg,1015
1015_face1.jpg,1015
1015_face2.jpg,1015
1015_face3.jpg,1015
1013_face0.jpg,1013
1013_face1.jpg,1013
1000_face0.jpg,1000
1000_face1.jpg,1000
1000_face2.jpg,1000
993_face0.jpg,993
993_face1.jpg,993
993_face2.jpg,993
993_face3.jpg,993
991_face0.jpg,991
979_face0.jpg,979
979_face1.jpg,979
979_face2.jpg,979
976_face0.jpg,976
975_face0.jpg,975
968_face0.jpg,968
968_face1.jpg,968
964_face0.jpg,964
935_face0.jpg,935
921_face0.jpg,921
918_face0.jpg,918
917_face0.jpg,917
917_face1.jpg,917
917_face2.jpg,917
915_face0.jpg,915
908_face0.jpg,908
90_face0.jpg,90
888_face0.jpg,888
888_face1.jpg,888
888_face2.jpg,888
888_face3.jpg,888
888_face4.jpg,888
888_face5.jpg,888
873_face0.jpg,873
873_face1.jpg,873
859_face0.jpg,859
848_face0.jpg,848
847_face0.jpg,847
832_face0.jpg,832
828_face0.jpg,828
828_face1.jpg,828
817_face0.jpg,817
817_face1.jpg,817
817_face2.jpg,817
817_face3.jpg,817
817_face4.jpg,817
817_face5.jpg,817
796_face0.jpg,796
793_face0.jpg,793
793_face1.jpg,793
782_face0.jpg,782
776_face0.jpg,776
776_face1.jpg,776
776_face2.jpg,776
770_face0.jpg,770
765_face0.jpg,765
757_face0.jpg,757
750_face0.jpg,750
744_face0.jpg,744
744_face1.jpg,744
744_face2.jpg,744
722_face0.jpg,722
722_face1.jpg,722
721_face0.jpg,721
719_face0.jpg,719
713_face0.jpg,713
689_face0.jpg,689
685_face0.jpg,685
681_face0.jpg,681
68_face0.jpg,68
68_face1.jpg,68
677_face0.jpg,677
671_face0.jpg,671
671_face1.jpg,671
667_face0.jpg,667
660_face0.jpg,660
658_face0.jpg,658
650_face0.jpg,650
650_face1.jpg,650
648_face0.jpg,648
647_face0.jpg,647
647_face1.jpg,647
643_face0.jpg,643
643_face1.jpg,643
635_face0.jpg,635
614_face0.jpg,614
612_face0.jpg,612
603_face0.jpg,603
593_face0.jpg,593
57_face0.jpg,57
57_face1.jpg,57
569_face0.jpg,569
561_face0.jpg,561
554_face0.jpg,554
554_face1.jpg,554
55_face0.jpg,55
540_face0.jpg,540
540_face1.jpg,540
523_face0.jpg,523
523_face1.jpg,523
523_face2.jpg,523
523_face3.jpg,523
522_face0.jpg,522
515_face0.jpg,515
515_face1.jpg,515
515_face2.jpg,515
515_face3.jpg,515
515_face4.jpg,515
515_face5.jpg,515
514_face0.jpg,514
514_face1.jpg,514
488_face0.jpg,488
488_face1.jpg,488
481_face0.jpg,481
481_face1.jpg,481
481_face2.jpg,481
479_face0.jpg,479
463_face0.jpg,463
461_face0.jpg,461
437_face0.jpg,437
430_face0.jpg,430
430_face1.jpg,430
430_face2.jpg,430
430_face3.jpg,430
430_face4.jpg,430
430_face5.jpg,430
429_face0.jpg,429
429_face1.jpg,429
422_face0.jpg,422
422_face1.jpg,422
382_face0.jpg,382
369_face0.jpg,369
359_face0.jpg,359
35_face0.jpg,35
35_face1.jpg,35
330_face0.jpg,330
33_face0.jpg,33
3_face0.jpg,3
3_face1.jpg,3
3_face2.jpg,3
293_face0.jpg,293
293_face1.jpg,293
293_face2.jpg,293
29_face0.jpg,29
29_face1.jpg,29
29_face2.jpg,29
289_face0.jpg,289
288_face0.jpg,288
285_face0.jpg,285
285_face1.jpg,285
285_face2.jpg,285
281_face0.jpg,281
250_face0.jpg,250
250_face1.jpg,250
213_face0.jpg,213
210_face0.jpg,210
210_face1.jpg,210
202_face0.jpg,202
202_face1.jpg,202
198_face0.jpg,198
19_face0.jpg,19
19_face1.jpg,19
19_face2.jpg,19
19_face3.jpg,19
179_face0.jpg,179
179_face1.jpg,179
167_face0.jpg,167
167_face1.jpg,167
152_face0.jpg,152
152_face1.jpg,152
139_face0.jpg,139
139_face1.jpg,139
139_face2.jpg,139
139_face3.jpg,139
133_face0.jpg,133
133_face1.jpg,133
133_face2.jpg,133
1266_face0.jpg,1266
1255_face0.jpg,1255
1252_face0.jpg,1252
1193_face0.jpg,1193
1171_face0.jpg,1171
1168_face0.jpg,1168
1168_face1.jpg,1168
1162_face0.jpg,1162
1160_face0.jpg,1160
1160_face1.jpg,1160
1159_face0.jpg,1159
1155_face0.jpg,1155
1140_face0.jpg,1140
1140_face1.jpg,1140
1124_face0.jpg,1124
1113_face0.jpg,1113
1094_face0.jpg,1094
1065_face0.jpg,1065
1065_face1.jpg,1065
1065_face2.jpg,1065
1065_face3.jpg,1065
1065_face4.jpg,1065
1065_face5.jpg,1065
1054_face0.jpg,1054
1048_face0.jpg,1048
1048_face1.jpg,1048
1048_face2.jpg,1048
1046_face0.jpg,1046
1043_face0.jpg,1043
1036_face0.jpg,1036
1036_face1.jpg,1036
1020_face0.jpg,1020
1020_face1.jpg,1020
1016_face0.jpg,1016
1011_face0.jpg,1011
1003_face0.jpg,1003
991_face0.jpg,991
991_face1.jpg,991
991_face2.jpg,991
991_face3.jpg,991
991_face4.jpg,991
991_face5.jpg,991
990_face0.jpg,990
987_face0.jpg,987
986_face0.jpg,986
985_face0.jpg,985
983_face0.jpg,983
983_face1.jpg,983
983_face2.jpg,983
983_face3.jpg,983
971_face0.jpg,971
968_face0.jpg,968
966_face0.jpg,966
965_face0.jpg,965
957_face0.jpg,957
903_face0.jpg,903
883_face0.jpg,883
879_face0.jpg,879
874_face0.jpg,874
848_face0.jpg,848
845_face0.jpg,845
833_face0.jpg,833
831_face0.jpg,831
829_face0.jpg,829
829_face1.jpg,829
829_face2.jpg,829
829_face3.jpg,829
829_face4.jpg,829
817_face0.jpg,817
805_face0.jpg,805
805_face1.jpg,805
801_face0.jpg,801
801_face1.jpg,801
801_face2.jpg,801
797_face0.jpg,797
792_face0.jpg,792
785_face0.jpg,785
775_face0.jpg,775
768_face0.jpg,768
768_face1.jpg,768
768_face2.jpg,768
768_face3.jpg,768
724_face0.jpg,724
719_face0.jpg,719
678_face0.jpg,678
677_face0.jpg,677
676_face0.jpg,676
676_face1.jpg,676
673_face0.jpg,673
672_face0.jpg,672
669_face0.jpg,669
663_face0.jpg,663
663_face1.jpg,663
653_face0.jpg,653
651_face0.jpg,651
651_face1.jpg,651
638_face0.jpg,638
638_face1.jpg,638
618_face0.jpg,618
615_face0.jpg,615
609_face0.jpg,609
599_face0.jpg,599
599_face1.jpg,599
599_face2.jpg,599
592_face0.jpg,592
592_face1.jpg,592
535_face0.jpg,535
535_face1.jpg,535
512_face0.jpg,512
503_face0.jpg,503
503_face1.jpg,503
503_face2.jpg,503
503_face3.jpg,503
482_face0.jpg,482
482_face1.jpg,482
48_face0.jpg,48
477_face0.jpg,477
477_face1.jpg,477
464_face0.jpg,464
464_face1.jpg,464
464_face2.jpg,464
446_face0.jpg,446
446_face1.jpg,446
444_face0.jpg,444
444_face1.jpg,444
444_face2.jpg,444
444_face3.jpg,444
436_face0.jpg,436
436_face1.jpg,436
436_face2.jpg,436
436_face3.jpg,436
436_face4.jpg,436
422_face0.jpg,422
396_face0.jpg,396
396_face1.jpg,396
393_face0.jpg,393
393_face1.jpg,393
393_face2.jpg,393
39_face0.jpg,39
385_face0.jpg,385
376_face0.jpg,376
375_face0.jpg,375
360_face0.jpg,360
351_face0.jpg,351
341_face0.jpg,341
341_face1.jpg,341
341_face2.jpg,341
341_face3.jpg,341
330_face0.jpg,330
330_face1.jpg,330
330_face2.jpg,330
303_face0.jpg,303
303_face1.jpg,303
270_face0.jpg,270
270_face1.jpg,270
270_face2.jpg,270
265_face0.jpg,265
192_face0.jpg,192
174_face0.jpg,174
174_face1.jpg,174
174_face2.jpg,174
174_face3.jpg,174
174_face4.jpg,174
174_face5.jpg,174
1435_face0.jpg,1435
1435_face1.jpg,1435
1430_face0.jpg,1430
1430_face1.jpg,1430
1430_face2.jpg,1430
1425_face0.jpg,1425
1420_face0.jpg,1420
1419_face0.jpg,1419
139_face0.jpg,139
139_face1.jpg,139
139_face2.jpg,139
1378_face0.jpg,1378
1378_face1.jpg,1378
1377_face0.jpg,1377
1358_face0.jpg,1358
1334_face0.jpg,1334
1331_face0.jpg,1331
1331_face1.jpg,1331
1331_face2.jpg,1331
1331_face3.jpg,1331
132_face0.jpg,132
131_face0.jpg,131
131_face1.jpg,131
1260_face0.jpg,1260
1260_face1.jpg,1260
1239_face0.jpg,1239
1236_face0.jpg,1236
122_face0.jpg,122
122_face1.jpg,122
1218_face0.jpg,1218
1218_face1.jpg,1218
1212_face0.jpg,1212
1204_face0.jpg,1204
1204_face1.jpg,1204
1204_face2.jpg,1204
1204_face3.jpg,1204
1204_face4.jpg,1204
1198_face0.jpg,1198
1198_face1.jpg,1198
1197_face0.jpg,1197
1196_face0.jpg,1196
1155_face0.jpg,1155
1155_face1.jpg,1155
1155_face2.jpg,1155
1155_face3.jpg,1155
1155_face4.jpg,1155
1155_face5.jpg,1155
1155_face6.jpg,1155
1155_face7.jpg,1155
1150_face0.jpg,1150
1146_face0.jpg,1146
1146_face1.jpg,1146
1146_face2.jpg,1146
1146_face3.jpg,1146
1141_face0.jpg,1141
1140_face0.jpg,1140
1130_face0.jpg,1130
1124_face0.jpg,1124
1120_face0.jpg,1120
1120_face1.jpg,1120
1117_face0.jpg,1117
1108_face0.jpg,1108
1108_face1.jpg,1108
1104_face0.jpg,1104
1064_face0.jpg,1064
1064_face1.jpg,1064
105_face0.jpg,105
105_face1.jpg,105
105_face2.jpg,105
105_face3.jpg,105
105_face4.jpg,105
105_face5.jpg,105
1040_face0.jpg,1040
1023_face0.jpg,1023
1017_face0.jpg,1017
1016_face0.jpg,1016
1014_face0.jpg,1014
1014_face1.jpg,1014
1014_face2.jpg,1014
1005_face0.jpg,1005
1004_face0.jpg,1004
1000_face0.jpg,1000
987_face0.jpg,987
975_face0.jpg,975
963_face0.jpg,963
943_face0.jpg,943
943_face1.jpg,943
943_face2.jpg,943
943_face3.jpg,943
943_face4.jpg,943
943_face5.jpg,943
939_face0.jpg,939
938_face0.jpg,938
938_face1.jpg,938
938_face2.jpg,938
938_face3.jpg,938
938_face4.jpg,938
938_face5.jpg,938
938_face6.jpg,938
92_face0.jpg,92
92_face1.jpg,92
917_face0.jpg,917
915_face0.jpg,915
91_face0.jpg,91
91_face1.jpg,91
909_face0.jpg,909
898_face0.jpg,898
898_face1.jpg,898
898_face2.jpg,898
897_face0.jpg,897
891_face0.jpg,891
877_face0.jpg,877
877_face1.jpg,877
875_face0.jpg,875
867_face0.jpg,867
867_face1.jpg,867
863_face0.jpg,863
825_face0.jpg,825
825_face1.jpg,825
818_face0.jpg,818
818_face1.jpg,818
818_face2.jpg,818
818_face3.jpg,818
818_face4.jpg,818
812_face0.jpg,812
801_face0.jpg,801
801_face1.jpg,801
790_face0.jpg,790
740_face0.jpg,740
732_face0.jpg,732
731_face0.jpg,731
730_face0.jpg,730
730_face1.jpg,730
722_face0.jpg,722
713_face0.jpg,713
713_face1.jpg,713
713_face2.jpg,713
713_face3.jpg,713
713_face4.jpg,713
713_face5.jpg,713
713_face6.jpg,713
713_face7.jpg,713
713_face8.jpg,713
708_face0.jpg,708
687_face0.jpg,687
683_face0.jpg,683
683_face1.jpg,683
665_face0.jpg,665
665_face1.jpg,665
665_face2.jpg,665
664_face0.jpg,664
664_face1.jpg,664
663_face0.jpg,663
655_face0.jpg,655
654_face0.jpg,654
651_face0.jpg,651
617_face0.jpg,617
613_face0.jpg,613
601_face0.jpg,601
597_face0.jpg,597
597_face1.jpg,597
593_face0.jpg,593
593_face1.jpg,593
592_face0.jpg,592
590_face0.jpg,590
588_face0.jpg,588
588_face1.jpg,588
588_face2.jpg,588
578_face0.jpg,578
577_face0.jpg,577
577_face1.jpg,577
577_face2.jpg,577
577_face3.jpg,577
575_face0.jpg,575
575_face1.jpg,575
575_face2.jpg,575
573_face0.jpg,573
573_face1.jpg,573
570_face0.jpg,570
570_face1.jpg,570
563_face0.jpg,563
563_face1.jpg,563
560_face0.jpg,560
560_face1.jpg,560
555_face0.jpg,555
555_face1.jpg,555
553_face0.jpg,553
553_face1.jpg,553
553_face2.jpg,553
545_face0.jpg,545
531_face0.jpg,531
528_face0.jpg,528
518_face0.jpg,518
514_face0.jpg,514
511_face0.jpg,511
511_face1.jpg,511
511_face2.jpg,511
511_face3.jpg,511
468_face0.jpg,468
466_face0.jpg,466
454_face0.jpg,454
429_face0.jpg,429
422_face0.jpg,422
420_face0.jpg,420
415_face0.jpg,415
414_face0.jpg,414
414_face1.jpg,414
407_face0.jpg,407
389_face0.jpg,389
389_face1.jpg,389
388_face0.jpg,388
376_face0.jpg,376
376_face1.jpg,376
357_face0.jpg,357
342_face0.jpg,342
341_face0.jpg,341
341_face1.jpg,341
341_face2.jpg,341
341_face3.jpg,341
341_face4.jpg,341
334_face0.jpg,334
334_face1.jpg,334
328_face0.jpg,328
322_face0.jpg,322
322_face1.jpg,322
317_face0.jpg,317
317_face1.jpg,317
317_face2.jpg,317
280_face0.jpg,280
274_face0.jpg,274
274_face1.jpg,274
268_face0.jpg,268
236_face0.jpg,236
236_face1.jpg,236
233_face0.jpg,233
217_face0.jpg,217
217_face1.jpg,217
217_face2.jpg,217
217_face3.jpg,217
204_face0.jpg,204
201_face0.jpg,201
184_face0.jpg,184
180_face0.jpg,180
147_face0.jpg,147
143_face0.jpg,143
143_face1.jpg,143
1344_face0.jpg,1344
1342_face0.jpg,1342
1280_face0.jpg,1280
1279_face0.jpg,1279
1275_face0.jpg,1275
1258_face0.jpg,1258
1252_face0.jpg,1252
1243_face0.jpg,1243
1216_face0.jpg,1216
1206_face0.jpg,1206
1160_face0.jpg,1160
1156_face0.jpg,1156
1145_face0.jpg,1145
1144_face0.jpg,1144
1135_face0.jpg,1135
1116_face0.jpg,1116
1072_face0.jpg,1072
1072_face1.jpg,1072
1069_face0.jpg,1069
1065_face0.jpg,1065
1060_face0.jpg,1060
1060_face1.jpg,1060
1060_face2.jpg,1060
1040_face0.jpg,1040
1040_face1.jpg,1040
1021_face0.jpg,1021
1019_face0.jpg,1019
1010_face0.jpg,1010
1010_face1.jpg,1010
1010_face2.jpg,1010
1010_face3.jpg,1010
1001_face0.jpg,1001
1001_face1.jpg,1001
996_face0.jpg,996
994_face0.jpg,994
951_face0.jpg,951
946_face0.jpg,946
943_face0.jpg,943
915_face0.jpg,915
911_face0.jpg,911
909_face0.jpg,909
903_face0.jpg,903
890_face0.jpg,890
869_face0.jpg,869
846_face0.jpg,846
846_face1.jpg,846
845_face0.jpg,845
845_face1.jpg,845
823_face0.jpg,823
803_face0.jpg,803
75_face0.jpg,75
724_face0.jpg,724
72_face0.jpg,72
684_face0.jpg,684
684_face1.jpg,684
671_face0.jpg,671
654_face0.jpg,654
652_face0.jpg,652
652_face1.jpg,652
64_face0.jpg,64
623_face0.jpg,623
608_face0.jpg,608
608_face1.jpg,608
602_face0.jpg,602
602_face1.jpg,602
599_face0.jpg,599
599_face1.jpg,599
583_face0.jpg,583
568_face0.jpg,568
568_face1.jpg,568
560_face0.jpg,560
1167_face0.jpg,1167
1162_face0.jpg,1162
1162_face1.jpg,1162
1162_face2.jpg,1162
1137_face0.jpg,1137
1132_face0.jpg,1132
1132_face1.jpg,1132
1132_face2.jpg,1132
1132_face3.jpg,1132
1130_face0.jpg,1130
1116_face0.jpg,1116
1116_face1.jpg,1116
1108_face0.jpg,1108
1108_face1.jpg,1108
1108_face2.jpg,1108
1103_face0.jpg,1103
1103_face1.jpg,1103
1101_face0.jpg,1101
1101_face1.jpg,1101
1087_face0.jpg,1087
1084_face0.jpg,1084
1078_face0.jpg,1078
1057_face0.jpg,1057
1047_face0.jpg,1047
1047_face1.jpg,1047
1046_face0.jpg,1046
1036_face0.jpg,1036
1036_face1.jpg,1036
1036_face2.jpg,1036
1030_face0.jpg,1030
1030_face1.jpg,1030
1024_face0.jpg,1024
1024_face1.jpg,1024
1024_face2.jpg,1024
1023_face0.jpg,1023
1021_face0.jpg,1021
1020_face0.jpg,1020
1020_face1.jpg,1020
1020_face2.jpg,1020
1020_face3.jpg,1020
1012_face0.jpg,1012
989_face0.jpg,989
960_face0.jpg,960
96_face0.jpg,96
96_face1.jpg,96
954_face0.jpg,954
954_face1.jpg,954
954_face2.jpg,954
954_face3.jpg,954
954_face4.jpg,954
937_face0.jpg,937
937_face1.jpg,937
937_face2.jpg,937
922_face0.jpg,922
919_face0.jpg,919
919_face1.jpg,919
919_face2.jpg,919
919_face3.jpg,919
919_face4.jpg,919
918_face0.jpg,918
918_face1.jpg,918
918_face2.jpg,918
918_face3.jpg,918
918_face4.jpg,918
918_face5.jpg,918
912_face0.jpg,912
912_face1.jpg,912
912_face2.jpg,912
912_face3.jpg,912
912_face4.jpg,912
912_face5.jpg,912
912_face6.jpg,912
912_face7.jpg,912
912_face8.jpg,912
903_face0.jpg,903
871_face0.jpg,871
867_face0.jpg,867
859_face0.jpg,859
852_face0.jpg,852
847_face0.jpg,847
810_face0.jpg,810
808_face0.jpg,808
807_face0.jpg,807
805_face0.jpg,805
804_face0.jpg,804
756_face0.jpg,756
755_face0.jpg,755
737_face0.jpg,737
734_face0.jpg,734
730_face0.jpg,730
730_face1.jpg,730
730_face2.jpg,730
712_face0.jpg,712
701_face0.jpg,701
701_face1.jpg,701
696_face0.jpg,696
696_face1.jpg,696
695_face0.jpg,695
690_face0.jpg,690
689_face0.jpg,689
689_face1.jpg,689
686_face0.jpg,686
684_face0.jpg,684
659_face0.jpg,659
658_face0.jpg,658
641_face0.jpg,641
638_face0.jpg,638
634_face0.jpg,634
627_face0.jpg,627
625_face0.jpg,625
624_face0.jpg,624
600_face0.jpg,600
590_face0.jpg,590
541_face0.jpg,541
525_face0.jpg,525
525_face1.jpg,525
521_face0.jpg,521
506_face0.jpg,506
505_face0.jpg,505
505_face1.jpg,505
505_face2.jpg,505
505_face3.jpg,505
498_face0.jpg,498
483_face0.jpg,483
482_face0.jpg,482
482_face1.jpg,482
482_face2.jpg,482
482_face3.jpg,482
47_face0.jpg,47
47_face1.jpg,47
464_face0.jpg,464
46_face0.jpg,46
46_face1.jpg,46
448_face0.jpg,448
431_face0.jpg,431
423_face0.jpg,423
948_face0.jpg,948
948_face1.jpg,948
932_face0.jpg,932
932_face1.jpg,932
932_face2.jpg,932
911_face0.jpg,911
90_face0.jpg,90
90_face1.jpg,90
878_face0.jpg,878
808_face0.jpg,808
807_face0.jpg,807
807_face1.jpg,807
807_face2.jpg,807
806_face0.jpg,806
806_face1.jpg,806
780_face0.jpg,780
780_face1.jpg,780
733_face0.jpg,733
733_face1.jpg,733
733_face2.jpg,733
733_face3.jpg,733
701_face0.jpg,701
690_face0.jpg,690
674_face0.jpg,674
628_face0.jpg,628
628_face1.jpg,628
625_face0.jpg,625
618_face0.jpg,618
601_face0.jpg,601
591_face0.jpg,591
586_face0.jpg,586
569_face0.jpg,569
569_face1.jpg,569
566_face0.jpg,566
566_face1.jpg,566
552_face0.jpg,552
523_face0.jpg,523
523_face1.jpg,523
522_face0.jpg,522
522_face1.jpg,522
522_face2.jpg,522
522_face3.jpg,522
520_face0.jpg,520
520_face1.jpg,520
508_face0.jpg,508
508_face1.jpg,508
457_face0.jpg,457
457_face1.jpg,457
457_face2.jpg,457
428_face0.jpg,428
418_face0.jpg,418
402_face0.jpg,402
317_face0.jpg,317
317_face1.jpg,317
317_face2.jpg,317
249_face0.jpg,249
249_face1.jpg,249
249_face2.jpg,249
999_face0.jpg,999
999_face1.jpg,999
991_face0.jpg,991
985_face0.jpg,985
983_face0.jpg,983
980_face0.jpg,980
967_face0.jpg,967
967_face1.jpg,967
967_face2.jpg,967
967_face3.jpg,967
967_face4.jpg,967
961_face0.jpg,961
936_face0.jpg,936
901_face0.jpg,901
894_face0.jpg,894
894_face1.jpg,894
892_face0.jpg,892
892_face1.jpg,892
892_face2.jpg,892
885_face0.jpg,885
885_face1.jpg,885
885_face2.jpg,885
882_face0.jpg,882
882_face1.jpg,882
877_face0.jpg,877
877_face1.jpg,877
877_face2.jpg,877
874_face0.jpg,874
874_face1.jpg,874
870_face0.jpg,870
870_face1.jpg,870
868_face0.jpg,868
867_face0.jpg,867
867_face1.jpg,867
847_face0.jpg,847
843_face0.jpg,843
842_face0.jpg,842
842_face1.jpg,842
842_face2.jpg,842
842_face3.jpg,842
827_face0.jpg,827
825_face0.jpg,825
825_face1.jpg,825
823_face0.jpg,823
823_face1.jpg,823
812_face0.jpg,812
812_face1.jpg,812
784_face0.jpg,784
783_face0.jpg,783
770_face0.jpg,770
753_face0.jpg,753
746_face0.jpg,746
728_face0.jpg,728
720_face0.jpg,720
720_face1.jpg,720
682_face0.jpg,682
679_face0.jpg,679
679_face1.jpg,679
672_face0.jpg,672
672_face1.jpg,672
672_face2.jpg,672
664_face0.jpg,664
652_face0.jpg,652
64_face0.jpg,64
64_face1.jpg,64
636_face0.jpg,636
636_face1.jpg,636
636_face2.jpg,636
636_face3.jpg,636
609_face0.jpg,609
609_face1.jpg,609
609_face2.jpg,609
601_face0.jpg,601
588_face0.jpg,588
583_face0.jpg,583
583_face1.jpg,583
576_face0.jpg,576
576_face1.jpg,576
573_face0.jpg,573
555_face0.jpg,555
536_face0.jpg,536
527_face0.jpg,527
527_face1.jpg,527
521_face0.jpg,521
521_face1.jpg,521
512_face0.jpg,512
498_face0.jpg,498
498_face1.jpg,498
49_face0.jpg,49
49_face1.jpg,49
49_face2.jpg,49
49_face3.jpg,49
470_face0.jpg,470
467_face0.jpg,467
467_face1.jpg,467
466_face0.jpg,466
466_face1.jpg,466
456_face0.jpg,456
456_face1.jpg,456
454_face0.jpg,454
454_face1.jpg,454
450_face0.jpg,450
449_face0.jpg,449
433_face0.jpg,433
433_face1.jpg,433
433_face2.jpg,433
404_face0.jpg,404
396_face0.jpg,396
376_face0.jpg,376
376_face1.jpg,376
366_face0.jpg,366
345_face0.jpg,345
345_face1.jpg,345
325_face0.jpg,325
304_face0.jpg,304
304_face1.jpg,304
292_face0.jpg,292
273_face0.jpg,273
273_face1.jpg,273
243_face0.jpg,243
243_face1.jpg,243
237_face0.jpg,237
198_face0.jpg,198
186_face0.jpg,186
186_face1.jpg,186
186_face2.jpg,186
186_face3.jpg,186
974_face0.jpg,974
960_face0.jpg,960
958_face0.jpg,958
938_face0.jpg,938
930_face0.jpg,930
909_face0.jpg,909
908_face0.jpg,908
906_face0.jpg,906
896_face0.jpg,896
880_face0.jpg,880
880_face1.jpg,880
880_face2.jpg,880
880_face3.jpg,880
880_face4.jpg,880
880_face5.jpg,880
872_face0.jpg,872
871_face0.jpg,871
864_face0.jpg,864
864_face1.jpg,864
864_face2.jpg,864
864_face3.jpg,864
864_face4.jpg,864
864_face5.jpg,864
856_face0.jpg,856
855_face0.jpg,855
847_face0.jpg,847
847_face1.jpg,847
83_face0.jpg,83
823_face0.jpg,823
823_face1.jpg,823
823_face2.jpg,823
823_face3.jpg,823
823_face4.jpg,823
823_face5.jpg,823
799_face0.jpg,799
799_face1.jpg,799
799_face2.jpg,799
799_face3.jpg,799
789_face0.jpg,789
789_face1.jpg,789
787_face0.jpg,787
778_face0.jpg,778
778_face1.jpg,778
778_face2.jpg,778
778_face3.jpg,778
774_face0.jpg,774
761_face0.jpg,761
755_face0.jpg,755
716_face0.jpg,716
709_face0.jpg,709
707_face0.jpg,707
705_face0.jpg,705
673_face0.jpg,673
672_face0.jpg,672
672_face1.jpg,672
669_face0.jpg,669
663_face0.jpg,663
657_face0.jpg,657
657_face1.jpg,657
591_face0.jpg,591
585_face0.jpg,585
584_face0.jpg,584
581_face0.jpg,581
58_face0.jpg,58
579_face0.jpg,579
579_face1.jpg,579
579_face2.jpg,579
579_face3.jpg,579
559_face0.jpg,559
559_face1.jpg,559
559_face2.jpg,559
559_face3.jpg,559
558_face0.jpg,558
553_face0.jpg,553
546_face0.jpg,546
546_face1.jpg,546
537_face0.jpg,537
537_face1.jpg,537
537_face2.jpg,537
537_face3.jpg,537
529_face0.jpg,529
527_face0.jpg,527
527_face1.jpg,527
527_face2.jpg,527
525_face0.jpg,525
516_face0.jpg,516
516_face1.jpg,516
512_face0.jpg,512
497_face0.jpg,497
488_face0.jpg,488
475_face0.jpg,475
451_face0.jpg,451
451_face1.jpg,451
451_face2.jpg,451
451_face3.jpg,451
451_face4.jpg,451
451_face5.jpg,451
445_face0.jpg,445
445_face1.jpg,445
433_face0.jpg,433
433_face1.jpg,433
431_face0.jpg,431
426_face0.jpg,426
426_face1.jpg,426
408_face0.jpg,408
408_face1.jpg,408
408_face2.jpg,408
408_face3.jpg,408
408_face4.jpg,408
408_face5.jpg,408
408_face6.jpg,408
408_face7.jpg,408
408_face8.jpg,408
408_face9.jpg,408
408_face10.jpg,408
408_face11.jpg,408
405_face0.jpg,405
394_face0.jpg,394
392_face0.jpg,392
392_face1.jpg,392
39_face0.jpg,39
384_face0.jpg,384
380_face0.jpg,380
373_face0.jpg,373
373_face1.jpg,373
373_face2.jpg,373
373_face3.jpg,373
373_face4.jpg,373
372_face0.jpg,372
372_face1.jpg,372
372_face2.jpg,372
372_face3.jpg,372
372_face4.jpg,372
36_face0.jpg,36
36_face1.jpg,36
355_face0.jpg,355
355_face1.jpg,355
355_face2.jpg,355
350_face0.jpg,350
343_face0.jpg,343
328_face0.jpg,328
321_face0.jpg,321
318_face0.jpg,318
318_face1.jpg,318
315_face0.jpg,315
307_face0.jpg,307
307_face1.jpg,307
307_face2.jpg,307
297_face0.jpg,297
297_face1.jpg,297
274_face0.jpg,274
267_face0.jpg,267
253_face0.jpg,253
253_face1.jpg,253
253_face2.jpg,253
253_face3.jpg,253
253_face4.jpg,253
232_face0.jpg,232
227_face0.jpg,227
227_face1.jpg,227
227_face2.jpg,227
220_face0.jpg,220
214_face0.jpg,214
214_face1.jpg,214
214_face2.jpg,214
195_face0.jpg,195
194_face0.jpg,194
164_face0.jpg,164
153_face0.jpg,153
153_face1.jpg,153
153_face2.jpg,153
136_face0.jpg,136
1329_face0.jpg,1329
1329_face1.jpg,1329
1324_face0.jpg,1324
1324_face1.jpg,1324
1310_face0.jpg,1310
1309_face0.jpg,1309
1309_face1.jpg,1309
1299_face0.jpg,1299
1299_face1.jpg,1299
999_face0.jpg,999
996_face0.jpg,996
972_face0.jpg,972
961_face0.jpg,961
942_face0.jpg,942
925_face0.jpg,925
916_face0.jpg,916
916_face1.jpg,916
916_face2.jpg,916
916_face3.jpg,916
916_face4.jpg,916
907_face0.jpg,907
901_face0.jpg,901
87_face0.jpg,87
87_face1.jpg,87
841_face0.jpg,841
841_face1.jpg,841
841_face2.jpg,841
836_face0.jpg,836
801_face0.jpg,801
783_face0.jpg,783
767_face0.jpg,767
763_face0.jpg,763
750_face0.jpg,750
749_face0.jpg,749
698_face0.jpg,698
684_face0.jpg,684
682_face0.jpg,682
682_face1.jpg,682
682_face2.jpg,682
670_face0.jpg,670
670_face1.jpg,670
670_face2.jpg,670
64_face0.jpg,64
64_face1.jpg,64
629_face0.jpg,629
614_face0.jpg,614
614_face1.jpg,614
606_face0.jpg,606
599_face0.jpg,599
598_face0.jpg,598
585_face0.jpg,585
585_face1.jpg,585
583_face0.jpg,583
582_face0.jpg,582
582_face1.jpg,582
573_face0.jpg,573
572_face0.jpg,572
568_face0.jpg,568
568_face1.jpg,568
568_face2.jpg,568
561_face0.jpg,561
561_face1.jpg,561
561_face2.jpg,561
561_face3.jpg,561
561_face4.jpg,561
561_face5.jpg,561
561_face6.jpg,561
561_face7.jpg,561
558_face0.jpg,558
520_face0.jpg,520
512_face0.jpg,512
504_face0.jpg,504
503_face0.jpg,503
502_face0.jpg,502
502_face1.jpg,502
475_face0.jpg,475
475_face1.jpg,475
475_face2.jpg,475
475_face3.jpg,475
453_face0.jpg,453
436_face0.jpg,436
404_face0.jpg,404
4_face0.jpg,4
4_face1.jpg,4
384_face0.jpg,384
384_face1.jpg,384
383_face0.jpg,383
382_face0.jpg,382
382_face1.jpg,382
382_face2.jpg,382
372_face0.jpg,372
346_face0.jpg,346
337_face0.jpg,337
313_face0.jpg,313
309_face0.jpg,309
309_face1.jpg,309
294_face0.jpg,294
294_face1.jpg,294
272_face0.jpg,272
272_face1.jpg,272
253_face0.jpg,253
239_face0.jpg,239
239_face1.jpg,239
22_face0.jpg,22
219_face0.jpg,219
219_face1.jpg,219
175_face0.jpg,175
167_face0.jpg,167
167_face1.jpg,167
16_face0.jpg,16
141_face0.jpg,141
141_face1.jpg,141
141_face2.jpg,141
141_face3.jpg,141
141_face4.jpg,141
141_face5.jpg,141
141_face6.jpg,141
141_face7.jpg,141
995_face0.jpg,995
995_face1.jpg,995
988_face0.jpg,988
984_face0.jpg,984
981_face0.jpg,981
981_face1.jpg,981
970_face0.jpg,970
961_face0.jpg,961
960_face0.jpg,960
960_face1.jpg,960
950_face0.jpg,950
924_face0.jpg,924
921_face0.jpg,921
917_face0.jpg,917
897_face0.jpg,897
891_face0.jpg,891
888_face0.jpg,888
883_face0.jpg,883
881_face0.jpg,881
881_face1.jpg,881
867_face0.jpg,867
867_face1.jpg,867
854_face0.jpg,854
852_face0.jpg,852
852_face1.jpg,852
852_face2.jpg,852
852_face3.jpg,852
852_face4.jpg,852
852_face5.jpg,852
852_face6.jpg,852
849_face0.jpg,849
815_face0.jpg,815
799_face0.jpg,799
796_face0.jpg,796
796_face1.jpg,796
792_face0.jpg,792
778_face0.jpg,778
773_face0.jpg,773
772_face0.jpg,772
772_face1.jpg,772
770_face0.jpg,770
770_face1.jpg,770
769_face0.jpg,769
766_face0.jpg,766
758_face0.jpg,758
758_face1.jpg,758
734_face0.jpg,734
723_face0.jpg,723
723_face1.jpg,723
712_face0.jpg,712
708_face0.jpg,708
701_face0.jpg,701
701_face1.jpg,701
701_face2.jpg,701
700_face0.jpg,700
696_face0.jpg,696
689_face0.jpg,689
689_face1.jpg,689
682_face0.jpg,682
675_face0.jpg,675
675_face1.jpg,675
660_face0.jpg,660
657_face0.jpg,657
657_face1.jpg,657
655_face0.jpg,655
650_face0.jpg,650
650_face1.jpg,650
647_face0.jpg,647
642_face0.jpg,642
568_face0.jpg,568
567_face0.jpg,567
567_face1.jpg,567
567_face2.jpg,567
547_face0.jpg,547
547_face1.jpg,547
538_face0.jpg,538
532_face0.jpg,532
518_face0.jpg,518
518_face1.jpg,518
470_face0.jpg,470
456_face0.jpg,456
456_face1.jpg,456
456_face2.jpg,456
452_face0.jpg,452
452_face1.jpg,452
444_face0.jpg,444
444_face1.jpg,444
443_face0.jpg,443
443_face1.jpg,443
430_face0.jpg,430
430_face1.jpg,430
417_face0.jpg,417
391_face0.jpg,391
391_face1.jpg,391
386_face0.jpg,386
337_face0.jpg,337
274_face0.jpg,274
273_face0.jpg,273
265_face0.jpg,265
999_face0.jpg,999
993_face0.jpg,993
972_face0.jpg,972
972_face1.jpg,972
953_face0.jpg,953
951_face0.jpg,951
951_face1.jpg,951
951_face2.jpg,951
951_face3.jpg,951
949_face0.jpg,949
948_face0.jpg,948
947_face0.jpg,947
94_face0.jpg,94
937_face0.jpg,937
933_face0.jpg,933
922_face0.jpg,922
918_face0.jpg,918
916_face0.jpg,916
916_face1.jpg,916
911_face0.jpg,911
905_face0.jpg,905
905_face1.jpg,905
896_face0.jpg,896
896_face1.jpg,896
896_face2.jpg,896
896_face3.jpg,896
896_face4.jpg,896
894_face0.jpg,894
894_face1.jpg,894
894_face2.jpg,894
894_face3.jpg,894
894_face4.jpg,894
872_face0.jpg,872
852_face0.jpg,852
831_face0.jpg,831
824_face0.jpg,824
824_face1.jpg,824
817_face0.jpg,817
814_face0.jpg,814
75_face0.jpg,75
744_face0.jpg,744
740_face0.jpg,740
740_face1.jpg,740
74_face0.jpg,74
686_face0.jpg,686
679_face0.jpg,679
679_face1.jpg,679
662_face0.jpg,662
662_face1.jpg,662
660_face0.jpg,660
66_face0.jpg,66
657_face0.jpg,657
649_face0.jpg,649
639_face0.jpg,639
598_face0.jpg,598
598_face1.jpg,598
539_face0.jpg,539
539_face1.jpg,539
527_face0.jpg,527
527_face1.jpg,527
524_face0.jpg,524
518_face0.jpg,518
518_face1.jpg,518
518_face2.jpg,518
50_face0.jpg,50
485_face0.jpg,485
485_face1.jpg,485
474_face0.jpg,474
44_face0.jpg,44
997_face0.jpg,997
997_face1.jpg,997
997_face2.jpg,997
997_face3.jpg,997
997_face4.jpg,997
99_face0.jpg,99
964_face0.jpg,964
964_face1.jpg,964
938_face0.jpg,938
938_face1.jpg,938
891_face0.jpg,891
891_face1.jpg,891
890_face0.jpg,890
890_face1.jpg,890
890_face2.jpg,890
890_face3.jpg,890
870_face0.jpg,870
870_face1.jpg,870
846_face0.jpg,846
846_face1.jpg,846
846_face2.jpg,846
84_face0.jpg,84
838_face0.jpg,838
838_face1.jpg,838
838_face2.jpg,838
838_face3.jpg,838
838_face4.jpg,838
825_face0.jpg,825
769_face0.jpg,769
729_face0.jpg,729
680_face0.jpg,680
677_face0.jpg,677
670_face0.jpg,670
670_face1.jpg,670
670_face2.jpg,670
670_face3.jpg,670
670_face4.jpg,670
623_face0.jpg,623
623_face1.jpg,623
623_face2.jpg,623
623_face3.jpg,623
612_face0.jpg,612
612_face1.jpg,612
605_face0.jpg,605
599_face0.jpg,599
588_face0.jpg,588
526_face0.jpg,526
511_face0.jpg,511
510_face0.jpg,510
510_face1.jpg,510
510_face2.jpg,510
506_face0.jpg,506
502_face0.jpg,502
502_face1.jpg,502
491_face0.jpg,491
485_face0.jpg,485
439_face0.jpg,439
436_face0.jpg,436
436_face1.jpg,436
361_face0.jpg,361
319_face0.jpg,319
319_face1.jpg,319
315_face0.jpg,315
315_face1.jpg,315
315_face2.jpg,315
315_face3.jpg,315
315_face4.jpg,315
931_face0.jpg,931
931_face1.jpg,931
930_face0.jpg,930
91_face0.jpg,91
899_face0.jpg,899
896_face0.jpg,896
894_face0.jpg,894
885_face0.jpg,885
882_face0.jpg,882
88_face0.jpg,88
88_face1.jpg,88
871_face0.jpg,871
837_face0.jpg,837
837_face1.jpg,837
837_face2.jpg,837
837_face3.jpg,837
837_face4.jpg,837
827_face0.jpg,827
816_face0.jpg,816
803_face0.jpg,803
801_face0.jpg,801
801_face1.jpg,801
793_face0.jpg,793
789_face0.jpg,789
773_face0.jpg,773
765_face0.jpg,765
753_face0.jpg,753
753_face1.jpg,753
745_face0.jpg,745
738_face0.jpg,738
738_face1.jpg,738
717_face0.jpg,717
68_face0.jpg,68
675_face0.jpg,675
675_face1.jpg,675
598_face0.jpg,598
597_face0.jpg,597
580_face0.jpg,580
580_face1.jpg,580
580_face2.jpg,580
574_face0.jpg,574
559_face0.jpg,559
559_face1.jpg,559
555_face0.jpg,555
555_face1.jpg,555
555_face2.jpg,555
555_face3.jpg,555
555_face4.jpg,555
555_face5.jpg,555
555_face6.jpg,555
36_face0.jpg,36
33_face0.jpg,33
3_face0.jpg,3
3_face1.jpg,3
3_face2.jpg,3
269_face0.jpg,269
255_face0.jpg,255
241_face0.jpg,241
981_face0.jpg,981
981_face1.jpg,981
981_face2.jpg,981
947_face0.jpg,947
946_face0.jpg,946
944_face0.jpg,944
944_face1.jpg,944
943_face0.jpg,943
943_face1.jpg,943
939_face0.jpg,939
933_face0.jpg,933
928_face0.jpg,928
925_face0.jpg,925
915_face0.jpg,915
905_face0.jpg,905
894_face0.jpg,894
886_face0.jpg,886
883_face0.jpg,883
865_face0.jpg,865
865_face1.jpg,865
841_face0.jpg,841
841_face1.jpg,841
826_face0.jpg,826
826_face1.jpg,826
801_face0.jpg,801
794_face0.jpg,794
758_face0.jpg,758
744_face0.jpg,744
744_face1.jpg,744
709_face0.jpg,709
704_face0.jpg,704
70_face0.jpg,70
68_face0.jpg,68
661_face0.jpg,661
656_face0.jpg,656
656_face1.jpg,656
656_face2.jpg,656
656_face3.jpg,656
654_face0.jpg,654
654_face1.jpg,654
654_face2.jpg,654
654_face3.jpg,654
654_face4.jpg,654
634_face0.jpg,634
634_face1.jpg,634
633_face0.jpg,633
628_face0.jpg,628
628_face1.jpg,628
628_face2.jpg,628
627_face0.jpg,627
625_face0.jpg,625
625_face1.jpg,625
622_face0.jpg,622
622_face1.jpg,622
621_face0.jpg,621
621_face1.jpg,621
620_face0.jpg,620
620_face1.jpg,620
618_face0.jpg,618
618_face1.jpg,618
598_face0.jpg,598
598_face1.jpg,598
598_face2.jpg,598
598_face3.jpg,598
569_face0.jpg,569
569_face1.jpg,569
562_face0.jpg,562
562_face1.jpg,562
551_face0.jpg,551
551_face1.jpg,551
551_face2.jpg,551
540_face0.jpg,540
540_face1.jpg,540
540_face2.jpg,540
459_face0.jpg,459
432_face0.jpg,432
420_face0.jpg,420
420_face1.jpg,420
420_face2.jpg,420
403_face0.jpg,403
403_face1.jpg,403
390_face0.jpg,390
386_face0.jpg,386
363_face0.jpg,363
361_face0.jpg,361
361_face1.jpg,361
358_face0.jpg,358
349_face0.jpg,349
337_face0.jpg,337
328_face0.jpg,328
328_face1.jpg,328
319_face0.jpg,319
294_face0.jpg,294
291_face0.jpg,291
291_face1.jpg,291
282_face0.jpg,282
252_face0.jpg,252
247_face0.jpg,247
240_face0.jpg,240
239_face0.jpg,239
236_face0.jpg,236
236_face1.jpg,236
236_face2.jpg,236
236_face3.jpg,236
236_face4.jpg,236
236_face5.jpg,236
236_face6.jpg,236
236_face7.jpg,236
235_face0.jpg,235
235_face1.jpg,235
235_face2.jpg,235
173_face0.jpg,173
173_face1.jpg,173
16_face0.jpg,16
16_face1.jpg,16
16_face2.jpg,16
16_face3.jpg,16
962_face0.jpg,962
962_face1.jpg,962
962_face2.jpg,962
954_face0.jpg,954
95_face0.jpg,95
931_face0.jpg,931
931_face1.jpg,931
929_face0.jpg,929
919_face0.jpg,919
907_face0.jpg,907
900_face0.jpg,900
893_face0.jpg,893
890_face0.jpg,890
885_face0.jpg,885
881_face0.jpg,881
880_face0.jpg,880
880_face1.jpg,880
880_face2.jpg,880
880_face3.jpg,880
880_face4.jpg,880
880_face5.jpg,880
880_face6.jpg,880
870_face0.jpg,870
870_face1.jpg,870
870_face2.jpg,870
870_face3.jpg,870
866_face0.jpg,866
866_face1.jpg,866
866_face2.jpg,866
866_face3.jpg,866
866_face4.jpg,866
866_face5.jpg,866
850_face0.jpg,850
850_face1.jpg,850
850_face2.jpg,850
85_face0.jpg,85
846_face0.jpg,846
838_face0.jpg,838
838_face1.jpg,838
837_face0.jpg,837
818_face0.jpg,818
816_face0.jpg,816
812_face0.jpg,812
809_face0.jpg,809
794_face0.jpg,794
792_face0.jpg,792
759_face0.jpg,759
716_face0.jpg,716
716_face1.jpg,716
710_face0.jpg,710
702_face0.jpg,702
702_face1.jpg,702
702_face2.jpg,702
691_face0.jpg,691
691_face1.jpg,691
691_face2.jpg,691
691_face3.jpg,691
687_face0.jpg,687
687_face1.jpg,687
687_face2.jpg,687
687_face3.jpg,687
686_face0.jpg,686
686_face1.jpg,686
686_face2.jpg,686
686_face3.jpg,686
680_face0.jpg,680
675_face0.jpg,675
664_face0.jpg,664
664_face1.jpg,664
664_face2.jpg,664
664_face3.jpg,664
664_face4.jpg,664
664_face5.jpg,664
656_face0.jpg,656
588_face0.jpg,588
588_face1.jpg,588
585_face0.jpg,585
565_face0.jpg,565
565_face1.jpg,565
529_face0.jpg,529
511_face0.jpg,511
511_face1.jpg,511
511_face2.jpg,511
488_face0.jpg,488
479_face0.jpg,479
478_face0.jpg,478
474_face0.jpg,474
45_face0.jpg,45
447_face0.jpg,447
447_face1.jpg,447
447_face2.jpg,447
447_face3.jpg,447
447_face4.jpg,447
447_face5.jpg,447
434_face0.jpg,434
434_face1.jpg,434
434_face2.jpg,434
434_face3.jpg,434
434_face4.jpg,434
434_face5.jpg,434
434_face6.jpg,434
430_face0.jpg,430
413_face0.jpg,413
412_face0.jpg,412
412_face1.jpg,412
412_face2.jpg,412
412_face3.jpg,412
412_face4.jpg,412
406_face0.jpg,406
406_face1.jpg,406
4_face0.jpg,4
378_face0.jpg,378
378_face1.jpg,378
378_face2.jpg,378
378_face3.jpg,378
363_face0.jpg,363
363_face1.jpg,363
34_face0.jpg,34
33_face0.jpg,33
308_face0.jpg,308
304_face0.jpg,304
3_face0.jpg,3
298_face0.jpg,298
296_face0.jpg,296
285_face0.jpg,285
254_face0.jpg,254
246_face0.jpg,246
246_face1.jpg,246
189_face0.jpg,189
171_face0.jpg,171
171_face1.jpg,171
1504_face0.jpg,1504
1504_face1.jpg,1504
1504_face2.jpg,1504
1498_face0.jpg,1498
1483_face0.jpg,1483
1483_face1.jpg,1483
1311_face0.jpg,1311
1301_face0.jpg,1301
1300_face0.jpg,1300
130_face0.jpg,130
129_face0.jpg,129
1272_face0.jpg,1272
1262_face0.jpg,1262
1246_face0.jpg,1246
1229_face0.jpg,1229
1227_face0.jpg,1227
1227_face1.jpg,1227
1227_face2.jpg,1227
1226_face0.jpg,1226
1224_face0.jpg,1224
1224_face1.jpg,1224
1224_face2.jpg,1224
1224_face3.jpg,1224
998_face0.jpg,998
998_face1.jpg,998
998_face2.jpg,998
998_face3.jpg,998
995_face0.jpg,995
992_face0.jpg,992
989_face0.jpg,989
982_face0.jpg,982
982_face1.jpg,982
976_face0.jpg,976
966_face0.jpg,966
96_face0.jpg,96
96_face1.jpg,96
96_face2.jpg,96
953_face0.jpg,953
953_face1.jpg,953
927_face0.jpg,927
915_face0.jpg,915
889_face0.jpg,889
876_face0.jpg,876
874_face0.jpg,874
874_face1.jpg,874
840_face0.jpg,840
838_face0.jpg,838
838_face1.jpg,838
829_face0.jpg,829
819_face0.jpg,819
819_face1.jpg,819
808_face0.jpg,808
779_face0.jpg,779
774_face0.jpg,774
754_face0.jpg,754
751_face0.jpg,751
747_face0.jpg,747
747_face1.jpg,747
741_face0.jpg,741
707_face0.jpg,707
705_face0.jpg,705
703_face0.jpg,703
703_face1.jpg,703
698_face0.jpg,698
697_face0.jpg,697
684_face0.jpg,684
684_face1.jpg,684
684_face2.jpg,684
669_face0.jpg,669
669_face1.jpg,669
669_face2.jpg,669
669_face3.jpg,669
667_face0.jpg,667
664_face0.jpg,664
664_face1.jpg,664
658_face0.jpg,658
655_face0.jpg,655
652_face0.jpg,652
652_face1.jpg,652
652_face2.jpg,652
650_face0.jpg,650
645_face0.jpg,645
645_face1.jpg,645
645_face2.jpg,645
644_face0.jpg,644
644_face1.jpg,644
642_face0.jpg,642
634_face0.jpg,634
597_face0.jpg,597
597_face1.jpg,597
588_face0.jpg,588
588_face1.jpg,588
571_face0.jpg,571
570_face0.jpg,570
561_face0.jpg,561
561_face1.jpg,561
561_face2.jpg,561
552_face0.jpg,552
528_face0.jpg,528
519_face0.jpg,519
519_face1.jpg,519
494_face0.jpg,494
494_face1.jpg,494
481_face0.jpg,481
481_face1.jpg,481
466_face0.jpg,466
466_face1.jpg,466
458_face0.jpg,458
458_face1.jpg,458
454_face0.jpg,454
451_face0.jpg,451
444_face0.jpg,444
424_face0.jpg,424
424_face1.jpg,424
406_face0.jpg,406
403_face0.jpg,403
403_face1.jpg,403
401_face0.jpg,401
380_face0.jpg,380
373_face0.jpg,373
363_face0.jpg,363
360_face0.jpg,360
358_face0.jpg,358
355_face0.jpg,355
354_face0.jpg,354
352_face0.jpg,352
351_face0.jpg,351
351_face1.jpg,351
347_face0.jpg,347
259_face0.jpg,259
259_face1.jpg,259
251_face0.jpg,251
243_face0.jpg,243
218_face0.jpg,218
202_face0.jpg,202
149_face0.jpg,149
149_face1.jpg,149
1391_face0.jpg,1391
1391_face1.jpg,1391
136_face0.jpg,136
136_face1.jpg,136
992_face0.jpg,992
992_face1.jpg,992
955_face0.jpg,955
943_face0.jpg,943
936_face0.jpg,936
936_face1.jpg,936
935_face0.jpg,935
933_face0.jpg,933
922_face0.jpg,922
907_face0.jpg,907
900_face0.jpg,900
891_face0.jpg,891
885_face0.jpg,885
885_face1.jpg,885
885_face2.jpg,885
885_face3.jpg,885
867_face0.jpg,867
851_face0.jpg,851
851_face1.jpg,851
851_face2.jpg,851
851_face3.jpg,851
851_face4.jpg,851
847_face0.jpg,847
837_face0.jpg,837
837_face1.jpg,837
835_face0.jpg,835
807_face0.jpg,807
804_face0.jpg,804
789_face0.jpg,789
789_face1.jpg,789
783_face0.jpg,783
783_face1.jpg,783
779_face0.jpg,779
760_face0.jpg,760
759_face0.jpg,759
759_face1.jpg,759
759_face2.jpg,759
730_face0.jpg,730
720_face0.jpg,720
720_face1.jpg,720
710_face0.jpg,710
675_face0.jpg,675
675_face1.jpg,675
670_face0.jpg,670
670_face1.jpg,670
669_face0.jpg,669
669_face1.jpg,669
668_face0.jpg,668
668_face1.jpg,668
668_face2.jpg,668
646_face0.jpg,646
646_face1.jpg,646
646_face2.jpg,646
632_face0.jpg,632
631_face0.jpg,631
612_face0.jpg,612
612_face1.jpg,612
612_face2.jpg,612
597_face0.jpg,597
597_face1.jpg,597
597_face2.jpg,597
597_face3.jpg,597
597_face4.jpg,597
597_face5.jpg,597
587_face0.jpg,587
581_face0.jpg,581
569_face0.jpg,569
566_face0.jpg,566
565_face0.jpg,565
562_face0.jpg,562
558_face0.jpg,558
547_face0.jpg,547
547_face1.jpg,547
520_face0.jpg,520
520_face1.jpg,520
518_face0.jpg,518
518_face1.jpg,518
514_face0.jpg,514
513_face0.jpg,513
508_face0.jpg,508
505_face0.jpg,505
498_face0.jpg,498
471_face0.jpg,471
464_face0.jpg,464
462_face0.jpg,462
451_face0.jpg,451
447_face0.jpg,447
442_face0.jpg,442
431_face0.jpg,431
431_face1.jpg,431
422_face0.jpg,422
422_face1.jpg,422
422_face2.jpg,422
422_face3.jpg,422
420_face0.jpg,420
420_face1.jpg,420
417_face0.jpg,417
417_face1.jpg,417
417_face2.jpg,417
417_face3.jpg,417
410_face0.jpg,410
407_face0.jpg,407
398_face0.jpg,398
398_face1.jpg,398
398_face2.jpg,398
393_face0.jpg,393
387_face0.jpg,387
384_face0.jpg,384
384_face1.jpg,384
36_face0.jpg,36
279_face0.jpg,279
279_face1.jpg,279
279_face2.jpg,279
279_face3.jpg,279
279_face4.jpg,279
277_face0.jpg,277
276_face0.jpg,276
264_face0.jpg,264
264_face1.jpg,264
264_face2.jpg,264
264_face3.jpg,264
264_face4.jpg,264
98_face0.jpg,98
974_face0.jpg,974
958_face0.jpg,958
951_face0.jpg,951
951_face1.jpg,951
947_face0.jpg,947
913_face0.jpg,913
913_face1.jpg,913
891_face0.jpg,891
871_face0.jpg,871
869_face0.jpg,869
869_face1.jpg,869
841_face0.jpg,841
841_face1.jpg,841
841_face2.jpg,841
841_face3.jpg,841
839_face0.jpg,839
839_face1.jpg,839
825_face0.jpg,825
825_face1.jpg,825
825_face2.jpg,825
822_face0.jpg,822
80_face0.jpg,80
80_face1.jpg,80
80_face2.jpg,80
733_face0.jpg,733
733_face1.jpg,733
694_face0.jpg,694
682_face0.jpg,682
682_face1.jpg,682
679_face0.jpg,679
679_face1.jpg,679
64_face0.jpg,64
625_face0.jpg,625
625_face1.jpg,625
564_face0.jpg,564
562_face0.jpg,562
562_face1.jpg,562
560_face0.jpg,560
560_face1.jpg,560
559_face0.jpg,559
519_face0.jpg,519
519_face1.jpg,519
502_face0.jpg,502
490_face0.jpg,490
478_face0.jpg,478
478_face1.jpg,478
478_face2.jpg,478
478_face3.jpg,478
464_face0.jpg,464
448_face0.jpg,448
441_face0.jpg,441
416_face0.jpg,416
972_face0.jpg,972
972_face1.jpg,972
972_face2.jpg,972
968_face0.jpg,968
959_face0.jpg,959
959_face1.jpg,959
959_face2.jpg,959
959_face3.jpg,959
959_face4.jpg,959
959_face5.jpg,959
959_face6.jpg,959
959_face7.jpg,959
959_face8.jpg,959
952_face0.jpg,952
934_face0.jpg,934
934_face1.jpg,934
933_face0.jpg,933
933_face1.jpg,933
933_face2.jpg,933
930_face0.jpg,930
928_face0.jpg,928
926_face0.jpg,926
924_face0.jpg,924
911_face0.jpg,911
911_face1.jpg,911
911_face2.jpg,911
911_face3.jpg,911
911_face4.jpg,911
911_face5.jpg,911
911_face6.jpg,911
911_face7.jpg,911
882_face0.jpg,882
882_face1.jpg,882
882_face2.jpg,882
882_face3.jpg,882
882_face4.jpg,882
882_face5.jpg,882
854_face0.jpg,854
815_face0.jpg,815
815_face1.jpg,815
815_face2.jpg,815
812_face0.jpg,812
812_face1.jpg,812
812_face2.jpg,812
811_face0.jpg,811
811_face1.jpg,811
811_face2.jpg,811
81_face0.jpg,81
790_face0.jpg,790
768_face0.jpg,768
767_face0.jpg,767
761_face0.jpg,761
761_face1.jpg,761
711_face0.jpg,711
68_face0.jpg,68
669_face0.jpg,669
662_face0.jpg,662
648_face0.jpg,648
641_face0.jpg,641
64_face0.jpg,64
64_face1.jpg,64
64_face2.jpg,64
64_face3.jpg,64
64_face4.jpg,64
632_face0.jpg,632
613_face0.jpg,613
613_face1.jpg,613
613_face2.jpg,613
612_face0.jpg,612
612_face1.jpg,612
610_face0.jpg,610
605_face0.jpg,605
605_face1.jpg,605
564_face0.jpg,564
564_face1.jpg,564
564_face2.jpg,564
564_face3.jpg,564
539_face0.jpg,539
508_face0.jpg,508
505_face0.jpg,505
505_face1.jpg,505
501_face0.jpg,501
496_face0.jpg,496
477_face0.jpg,477
477_face1.jpg,477
472_face0.jpg,472
472_face1.jpg,472
472_face2.jpg,472
433_face0.jpg,433
418_face0.jpg,418
418_face1.jpg,418
418_face2.jpg,418
418_face3.jpg,418
416_face0.jpg,416
416_face1.jpg,416
416_face2.jpg,416
4_face0.jpg,4
387_face0.jpg,387
360_face0.jpg,360
993_face0.jpg,993
991_face0.jpg,991
981_face0.jpg,981
975_face0.jpg,975
960_face0.jpg,960
960_face1.jpg,960
960_face2.jpg,960
943_face0.jpg,943
917_face0.jpg,917
917_face1.jpg,917
917_face2.jpg,917
904_face0.jpg,904
903_face0.jpg,903
890_face0.jpg,890
888_face0.jpg,888
888_face1.jpg,888
888_face2.jpg,888
888_face3.jpg,888
888_face4.jpg,888
888_face5.jpg,888
888_face6.jpg,888
888_face7.jpg,888
88_face0.jpg,88
835_face0.jpg,835
835_face1.jpg,835
835_face2.jpg,835
833_face0.jpg,833
833_face1.jpg,833
816_face0.jpg,816
816_face1.jpg,816
791_face0.jpg,791
778_face0.jpg,778
778_face1.jpg,778
778_face2.jpg,778
76_face0.jpg,76
76_face1.jpg,76
722_face0.jpg,722
714_face0.jpg,714
714_face1.jpg,714
655_face0.jpg,655
651_face0.jpg,651
589_face0.jpg,589
580_face0.jpg,580
556_face0.jpg,556
514_face0.jpg,514
506_face0.jpg,506
506_face1.jpg,506
504_face0.jpg,504
500_face0.jpg,500
500_face1.jpg,500
500_face2.jpg,500
500_face3.jpg,500
500_face4.jpg,500
494_face0.jpg,494
472_face0.jpg,472
469_face0.jpg,469
433_face0.jpg,433
412_face0.jpg,412
412_face1.jpg,412
412_face2.jpg,412
361_face0.jpg,361
359_face0.jpg,359
35_face0.jpg,35
997_face0.jpg,997
964_face0.jpg,964
964_face1.jpg,964
964_face2.jpg,964
957_face0.jpg,957
957_face1.jpg,957
957_face2.jpg,957
957_face3.jpg,957
953_face0.jpg,953
953_face1.jpg,953
953_face2.jpg,953
953_face3.jpg,953
918_face0.jpg,918
917_face0.jpg,917
903_face0.jpg,903
903_face1.jpg,903
895_face0.jpg,895
895_face1.jpg,895
885_face0.jpg,885
884_face0.jpg,884
884_face1.jpg,884
884_face2.jpg,884
884_face3.jpg,884
884_face4.jpg,884
868_face0.jpg,868
868_face1.jpg,868
858_face0.jpg,858
858_face1.jpg,858
857_face0.jpg,857
856_face0.jpg,856
846_face0.jpg,846
846_face1.jpg,846
846_face2.jpg,846
838_face0.jpg,838
838_face1.jpg,838
833_face0.jpg,833
829_face0.jpg,829
829_face1.jpg,829
82_face0.jpg,82
798_face0.jpg,798
798_face1.jpg,798
798_face2.jpg,798
798_face3.jpg,798
795_face0.jpg,795
795_face1.jpg,795
795_face2.jpg,795
795_face3.jpg,795
795_face4.jpg,795
795_face5.jpg,795
795_face6.jpg,795
768_face0.jpg,768
756_face0.jpg,756
756_face1.jpg,756
756_face2.jpg,756
694_face0.jpg,694
688_face0.jpg,688
675_face0.jpg,675
675_face1.jpg,675
675_face2.jpg,675
675_face3.jpg,675
669_face0.jpg,669
656_face0.jpg,656
637_face0.jpg,637
637_face1.jpg,637
637_face2.jpg,637
629_face0.jpg,629
583_face0.jpg,583
571_face0.jpg,571
571_face1.jpg,571
571_face2.jpg,571
571_face3.jpg,571
536_face0.jpg,536
529_face0.jpg,529
518_face0.jpg,518
518_face1.jpg,518
508_face0.jpg,508
999_face0.jpg,999
997_face0.jpg,997
993_face0.jpg,993
99_face0.jpg,99
970_face0.jpg,970
957_face0.jpg,957
955_face0.jpg,955
950_face0.jpg,950
917_face0.jpg,917
917_face1.jpg,917
911_face0.jpg,911
902_face0.jpg,902
902_face1.jpg,902
900_face0.jpg,900
889_face0.jpg,889
877_face0.jpg,877
877_face1.jpg,877
868_face0.jpg,868
856_face0.jpg,856
856_face1.jpg,856
85_face0.jpg,85
8_face0.jpg,8
8_face1.jpg,8
794_face0.jpg,794
794_face1.jpg,794
794_face2.jpg,794
774_face0.jpg,774
754_face0.jpg,754
754_face1.jpg,754
754_face2.jpg,754
738_face0.jpg,738
738_face1.jpg,738
738_face2.jpg,738
737_face0.jpg,737
737_face1.jpg,737
737_face2.jpg,737
736_face0.jpg,736
730_face0.jpg,730
730_face1.jpg,730
730_face2.jpg,730
729_face0.jpg,729
729_face1.jpg,729
729_face2.jpg,729
728_face0.jpg,728
722_face0.jpg,722
719_face0.jpg,719
719_face1.jpg,719
719_face2.jpg,719
713_face0.jpg,713
708_face0.jpg,708
708_face1.jpg,708
705_face0.jpg,705
705_face1.jpg,705
705_face2.jpg,705
699_face0.jpg,699
696_face0.jpg,696
696_face1.jpg,696
696_face2.jpg,696
695_face0.jpg,695
695_face1.jpg,695
695_face2.jpg,695
694_face0.jpg,694
694_face1.jpg,694
69_face0.jpg,69
69_face1.jpg,69
652_face0.jpg,652
651_face0.jpg,651
618_face0.jpg,618
597_face0.jpg,597
575_face0.jpg,575
575_face1.jpg,575
575_face2.jpg,575
552_face0.jpg,552
552_face1.jpg,552
552_face2.jpg,552
506_face0.jpg,506
503_face0.jpg,503
501_face0.jpg,501
499_face0.jpg,499
499_face1.jpg,499
490_face0.jpg,490
490_face1.jpg,490
486_face0.jpg,486
483_face0.jpg,483
445_face0.jpg,445
445_face1.jpg,445
442_face0.jpg,442
430_face0.jpg,430
429_face0.jpg,429
405_face0.jpg,405
399_face0.jpg,399
396_face0.jpg,396
396_face1.jpg,396
379_face0.jpg,379
379_face1.jpg,379
379_face2.jpg,379
379_face3.jpg,379
378_face0.jpg,378
378_face1.jpg,378
375_face0.jpg,375
373_face0.jpg,373
373_face1.jpg,373
373_face2.jpg,373
372_face0.jpg,372
372_face1.jpg,372
366_face0.jpg,366
366_face1.jpg,366
360_face0.jpg,360
351_face0.jpg,351
338_face0.jpg,338
327_face0.jpg,327
322_face0.jpg,322
312_face0.jpg,312
312_face1.jpg,312
297_face0.jpg,297
296_face0.jpg,296
296_face1.jpg,296
287_face0.jpg,287
287_face1.jpg,287
287_face2.jpg,287
287_face3.jpg,287
287_face4.jpg,287
287_face5.jpg,287
263_face0.jpg,263
263_face1.jpg,263
263_face2.jpg,263
263_face3.jpg,263
244_face0.jpg,244
244_face1.jpg,244
238_face0.jpg,238
219_face0.jpg,219
212_face0.jpg,212
212_face1.jpg,212
212_face2.jpg,212
204_face0.jpg,204
201_face0.jpg,201
201_face1.jpg,201
991_face0.jpg,991
987_face0.jpg,987
958_face0.jpg,958
958_face1.jpg,958
943_face0.jpg,943
943_face1.jpg,943
920_face0.jpg,920
920_face1.jpg,920
907_face0.jpg,907
907_face1.jpg,907
906_face0.jpg,906
906_face1.jpg,906
903_face0.jpg,903
867_face0.jpg,867
867_face1.jpg,867
867_face2.jpg,867
867_face3.jpg,867
867_face4.jpg,867
867_face5.jpg,867
859_face0.jpg,859
859_face1.jpg,859
859_face2.jpg,859
848_face0.jpg,848
830_face0.jpg,830
828_face0.jpg,828
828_face1.jpg,828
824_face0.jpg,824
824_face1.jpg,824
823_face0.jpg,823
793_face0.jpg,793
793_face1.jpg,793
793_face2.jpg,793
781_face0.jpg,781
78_face0.jpg,78
78_face1.jpg,78
774_face0.jpg,774
774_face1.jpg,774
774_face2.jpg,774
768_face0.jpg,768
752_face0.jpg,752
732_face0.jpg,732
732_face1.jpg,732
732_face2.jpg,732
732_face3.jpg,732
732_face4.jpg,732
68_face0.jpg,68
68_face1.jpg,68
668_face0.jpg,668
668_face1.jpg,668
668_face2.jpg,668
668_face3.jpg,668
668_face4.jpg,668
668_face5.jpg,668
668_face6.jpg,668
668_face7.jpg,668
665_face0.jpg,665
665_face1.jpg,665
66_face0.jpg,66
622_face0.jpg,622
622_face1.jpg,622
622_face2.jpg,622
622_face3.jpg,622
622_face4.jpg,622
622_face5.jpg,622
622_face6.jpg,622
620_face0.jpg,620
620_face1.jpg,620
619_face0.jpg,619
61_face0.jpg,61
595_face0.jpg,595
580_face0.jpg,580
572_face0.jpg,572
560_face0.jpg,560
555_face0.jpg,555
552_face0.jpg,552
550_face0.jpg,550
550_face1.jpg,550
540_face0.jpg,540
540_face1.jpg,540
540_face2.jpg,540
540_face3.jpg,540
540_face4.jpg,540
540_face5.jpg,540
522_face0.jpg,522
500_face0.jpg,500
499_face0.jpg,499
499_face1.jpg,499
47_face0.jpg,47
47_face1.jpg,47
464_face0.jpg,464
458_face0.jpg,458
458_face1.jpg,458
458_face2.jpg,458
458_face3.jpg,458
434_face0.jpg,434
433_face0.jpg,433
428_face0.jpg,428
428_face1.jpg,428
422_face0.jpg,422
406_face0.jpg,406
406_face1.jpg,406
401_face0.jpg,401
401_face1.jpg,401
401_face2.jpg,401
401_face3.jpg,401
401_face4.jpg,401
397_face0.jpg,397
386_face0.jpg,386
386_face1.jpg,386
376_face0.jpg,376
373_face0.jpg,373
369_face0.jpg,369
368_face0.jpg,368
356_face0.jpg,356
350_face0.jpg,350
344_face0.jpg,344
308_face0.jpg,308
279_face0.jpg,279
267_face0.jpg,267
265_face0.jpg,265
248_face0.jpg,248
245_face0.jpg,245
245_face1.jpg,245
244_face0.jpg,244
231_face0.jpg,231
226_face0.jpg,226
997_face0.jpg,997
997_face1.jpg,997
991_face0.jpg,991
940_face0.jpg,940
940_face1.jpg,940
940_face2.jpg,940
940_face3.jpg,940
940_face4.jpg,940
934_face0.jpg,934
934_face1.jpg,934
932_face0.jpg,932
932_face1.jpg,932
93_face0.jpg,93
925_face0.jpg,925
925_face1.jpg,925
925_face2.jpg,925
924_face0.jpg,924
924_face1.jpg,924
924_face2.jpg,924
909_face0.jpg,909
907_face0.jpg,907
902_face0.jpg,902
866_face0.jpg,866
85_face0.jpg,85
85_face1.jpg,85
838_face0.jpg,838
806_face0.jpg,806
795_face0.jpg,795
769_face0.jpg,769
769_face1.jpg,769
769_face2.jpg,769
769_face3.jpg,769
75_face0.jpg,75
692_face0.jpg,692
631_face0.jpg,631
631_face1.jpg,631
63_face0.jpg,63
601_face0.jpg,601
588_face0.jpg,588
588_face1.jpg,588
1221_face0.jpg,1221
1221_face1.jpg,1221
1180_face0.jpg,1180
1178_face0.jpg,1178
1155_face0.jpg,1155
1154_face0.jpg,1154
1130_face0.jpg,1130
1128_face0.jpg,1128
1127_face0.jpg,1127
1109_face0.jpg,1109
1109_face1.jpg,1109
1101_face0.jpg,1101
1101_face1.jpg,1101
1087_face0.jpg,1087
1087_face1.jpg,1087
1087_face2.jpg,1087
1076_face0.jpg,1076
1076_face1.jpg,1076
1067_face0.jpg,1067
1067_face1.jpg,1067
1067_face2.jpg,1067
1066_face0.jpg,1066
1066_face1.jpg,1066
1066_face2.jpg,1066
1060_face0.jpg,1060
1060_face1.jpg,1060
1060_face2.jpg,1060
1056_face0.jpg,1056
1050_face0.jpg,1050
1046_face0.jpg,1046
1017_face0.jpg,1017
983_face0.jpg,983
928_face0.jpg,928
928_face1.jpg,928
928_face2.jpg,928
928_face3.jpg,928
928_face4.jpg,928
928_face5.jpg,928
917_face0.jpg,917
917_face1.jpg,917
905_face0.jpg,905
905_face1.jpg,905
905_face2.jpg,905
905_face3.jpg,905
904_face0.jpg,904
904_face1.jpg,904
89_face0.jpg,89
883_face0.jpg,883
883_face1.jpg,883
882_face0.jpg,882
882_face1.jpg,882
854_face0.jpg,854
854_face1.jpg,854
843_face0.jpg,843
843_face1.jpg,843
843_face2.jpg,843
841_face0.jpg,841
841_face1.jpg,841
84_face0.jpg,84
837_face0.jpg,837
837_face1.jpg,837
835_face0.jpg,835
835_face1.jpg,835
835_face2.jpg,835
835_face3.jpg,835
835_face4.jpg,835
827_face0.jpg,827
827_face1.jpg,827
827_face2.jpg,827
827_face3.jpg,827
827_face4.jpg,827
827_face5.jpg,827
827_face6.jpg,827
827_face7.jpg,827
827_face8.jpg,827
821_face0.jpg,821
821_face1.jpg,821
821_face2.jpg,821
821_face3.jpg,821
821_face4.jpg,821
821_face5.jpg,821
821_face6.jpg,821
811_face0.jpg,811
799_face0.jpg,799
799_face1.jpg,799
790_face0.jpg,790
790_face1.jpg,790
748_face0.jpg,748
738_face0.jpg,738
706_face0.jpg,706
686_face0.jpg,686
663_face0.jpg,663
663_face1.jpg,663
661_face0.jpg,661
661_face1.jpg,661
628_face0.jpg,628
559_face0.jpg,559
559_face1.jpg,559
55_face0.jpg,55
55_face1.jpg,55
545_face0.jpg,545
54_face0.jpg,54
54_face1.jpg,54
54_face2.jpg,54
515_face0.jpg,515
504_face0.jpg,504
491_face0.jpg,491
490_face0.jpg,490
941_face0.jpg,941
941_face1.jpg,941
842_face0.jpg,842
794_face0.jpg,794
790_face0.jpg,790
790_face1.jpg,790
779_face0.jpg,779
779_face1.jpg,779
771_face0.jpg,771
766_face0.jpg,766
760_face0.jpg,760
757_face0.jpg,757
733_face0.jpg,733
732_face0.jpg,732
718_face0.jpg,718
716_face0.jpg,716
705_face0.jpg,705
676_face0.jpg,676
67_face0.jpg,67
67_face1.jpg,67
642_face0.jpg,642
630_face0.jpg,630
626_face0.jpg,626
624_face0.jpg,624
618_face0.jpg,618
600_face0.jpg,600
591_face0.jpg,591
591_face1.jpg,591
588_face0.jpg,588
57_face0.jpg,57
993_face0.jpg,993
983_face0.jpg,983
975_face0.jpg,975
952_face0.jpg,952
950_face0.jpg,950
926_face0.jpg,926
923_face0.jpg,923
920_face0.jpg,920
920_face1.jpg,920
920_face2.jpg,920
920_face3.jpg,920
893_face0.jpg,893
890_face0.jpg,890
889_face0.jpg,889
889_face1.jpg,889
883_face0.jpg,883
881_face0.jpg,881
877_face0.jpg,877
877_face1.jpg,877
877_face2.jpg,877
877_face3.jpg,877
868_face0.jpg,868
859_face0.jpg,859
859_face1.jpg,859
814_face0.jpg,814
803_face0.jpg,803
801_face0.jpg,801
801_face1.jpg,801
794_face0.jpg,794
782_face0.jpg,782
774_face0.jpg,774
749_face0.jpg,749
747_face0.jpg,747
737_face0.jpg,737
732_face0.jpg,732
732_face1.jpg,732
732_face2.jpg,732
732_face3.jpg,732
720_face0.jpg,720
720_face1.jpg,720
720_face2.jpg,720
716_face0.jpg,716
705_face0.jpg,705
704_face0.jpg,704
675_face0.jpg,675
672_face0.jpg,672
672_face1.jpg,672
672_face2.jpg,672
672_face3.jpg,672
672_face4.jpg,672
672_face5.jpg,672
643_face0.jpg,643
625_face0.jpg,625
999_face0.jpg,999
994_face0.jpg,994
992_face0.jpg,992
974_face0.jpg,974
974_face1.jpg,974
974_face2.jpg,974
936_face0.jpg,936
936_face1.jpg,936
934_face0.jpg,934
922_face0.jpg,922
892_face0.jpg,892
892_face1.jpg,892
880_face0.jpg,880
879_face0.jpg,879
876_face0.jpg,876
876_face1.jpg,876
854_face0.jpg,854
854_face1.jpg,854
821_face0.jpg,821
818_face0.jpg,818
818_face1.jpg,818
79_face0.jpg,79
785_face0.jpg,785
766_face0.jpg,766
756_face0.jpg,756
756_face1.jpg,756
756_face2.jpg,756
756_face3.jpg,756
756_face4.jpg,756
756_face5.jpg,756
740_face0.jpg,740
740_face1.jpg,740
740_face2.jpg,740
693_face0.jpg,693
691_face0.jpg,691
685_face0.jpg,685
681_face0.jpg,681
669_face0.jpg,669
662_face0.jpg,662
662_face1.jpg,662
659_face0.jpg,659
63_face0.jpg,63
625_face0.jpg,625
998_face0.jpg,998
987_face0.jpg,987
970_face0.jpg,970
970_face1.jpg,970
969_face0.jpg,969
969_face1.jpg,969
968_face0.jpg,968
968_face1.jpg,968
967_face0.jpg,967
958_face0.jpg,958
903_face0.jpg,903
902_face0.jpg,902
880_face0.jpg,880
874_face0.jpg,874
866_face0.jpg,866
866_face1.jpg,866
866_face2.jpg,866
866_face3.jpg,866
859_face0.jpg,859
849_face0.jpg,849
845_face0.jpg,845
83_face0.jpg,83
83_face1.jpg,83
82_face0.jpg,82
82_face1.jpg,82
82_face2.jpg,82
777_face0.jpg,777
777_face1.jpg,777
773_face0.jpg,773
767_face0.jpg,767
767_face1.jpg,767
758_face0.jpg,758
743_face0.jpg,743
728_face0.jpg,728
715_face0.jpg,715
714_face0.jpg,714
714_face1.jpg,714
708_face0.jpg,708
699_face0.jpg,699
697_face0.jpg,697
697_face1.jpg,697
693_face0.jpg,693
693_face1.jpg,693
690_face0.jpg,690
690_face1.jpg,690
686_face0.jpg,686
686_face1.jpg,686
686_face2.jpg,686
686_face3.jpg,686
686_face4.jpg,686
686_face5.jpg,686
686_face6.jpg,686
684_face0.jpg,684
669_face0.jpg,669
664_face0.jpg,664
661_face0.jpg,661
660_face0.jpg,660
660_face1.jpg,660
653_face0.jpg,653
611_face0.jpg,611
597_face0.jpg,597
564_face0.jpg,564
557_face0.jpg,557
551_face0.jpg,551
494_face0.jpg,494
494_face1.jpg,494
494_face2.jpg,494
481_face0.jpg,481
481_face1.jpg,481
473_face0.jpg,473
473_face1.jpg,473
473_face2.jpg,473
473_face3.jpg,473
473_face4.jpg,473
471_face0.jpg,471
448_face0.jpg,448
448_face1.jpg,448
446_face0.jpg,446
446_face1.jpg,446
434_face0.jpg,434
421_face0.jpg,421
416_face0.jpg,416
38_face0.jpg,38
38_face1.jpg,38
363_face0.jpg,363
362_face0.jpg,362
358_face0.jpg,358
340_face0.jpg,340
330_face0.jpg,330
330_face1.jpg,330
328_face0.jpg,328
323_face0.jpg,323
319_face0.jpg,319
989_face0.jpg,989
985_face0.jpg,985
985_face1.jpg,985
98_face0.jpg,98
957_face0.jpg,957
957_face1.jpg,957
943_face0.jpg,943
938_face0.jpg,938
938_face1.jpg,938
916_face0.jpg,916
912_face0.jpg,912
911_face0.jpg,911
906_face0.jpg,906
892_face0.jpg,892
876_face0.jpg,876
865_face0.jpg,865
856_face0.jpg,856
850_face0.jpg,850
841_face0.jpg,841
796_face0.jpg,796
793_face0.jpg,793
777_face0.jpg,777
777_face1.jpg,777
774_face0.jpg,774
774_face1.jpg,774
773_face0.jpg,773
773_face1.jpg,773
745_face0.jpg,745
737_face0.jpg,737
732_face0.jpg,732
732_face1.jpg,732
732_face2.jpg,732
732_face3.jpg,732
732_face4.jpg,732
729_face0.jpg,729
712_face0.jpg,712
702_face0.jpg,702
702_face1.jpg,702
702_face2.jpg,702
702_face3.jpg,702
669_face0.jpg,669
669_face1.jpg,669
669_face2.jpg,669
652_face0.jpg,652
630_face0.jpg,630
627_face0.jpg,627
626_face0.jpg,626
620_face0.jpg,620
620_face1.jpg,620
620_face2.jpg,620
620_face3.jpg,620
604_face0.jpg,604
579_face0.jpg,579
574_face0.jpg,574
559_face0.jpg,559
559_face1.jpg,559
559_face2.jpg,559
558_face0.jpg,558
551_face0.jpg,551
544_face0.jpg,544
543_face0.jpg,543
541_face0.jpg,541
540_face0.jpg,540
533_face0.jpg,533
523_face0.jpg,523
523_face1.jpg,523
521_face0.jpg,521
521_face1.jpg,521
519_face0.jpg,519
511_face0.jpg,511
501_face0.jpg,501
501_face1.jpg,501
490_face0.jpg,490
490_face1.jpg,490
490_face2.jpg,490
490_face3.jpg,490
483_face0.jpg,483
483_face1.jpg,483
483_face2.jpg,483
483_face3.jpg,483
483_face4.jpg,483
463_face0.jpg,463
440_face0.jpg,440
434_face0.jpg,434
425_face0.jpg,425
425_face1.jpg,425
425_face2.jpg,425
425_face3.jpg,425
425_face4.jpg,425
404_face0.jpg,404
404_face1.jpg,404
370_face0.jpg,370
347_face0.jpg,347
347_face1.jpg,347
337_face0.jpg,337
335_face0.jpg,335
331_face0.jpg,331
331_face1.jpg,331
331_face2.jpg,331
331_face3.jpg,331
325_face0.jpg,325
325_face1.jpg,325
325_face2.jpg,325
325_face3.jpg,325
325_face4.jpg,325
324_face0.jpg,324
321_face0.jpg,321
321_face1.jpg,321
316_face0.jpg,316
316_face1.jpg,316
316_face2.jpg,316
316_face3.jpg,316
316_face4.jpg,316
991_face0.jpg,991
98_face0.jpg,98
98_face1.jpg,98
970_face0.jpg,970
970_face1.jpg,970
964_face0.jpg,964
919_face0.jpg,919
914_face0.jpg,914
870_face0.jpg,870
867_face0.jpg,867
864_face0.jpg,864
864_face1.jpg,864
845_face0.jpg,845
832_face0.jpg,832
831_face0.jpg,831
829_face0.jpg,829
828_face0.jpg,828
815_face0.jpg,815
815_face1.jpg,815
800_face0.jpg,800
800_face1.jpg,800
800_face2.jpg,800
788_face0.jpg,788
783_face0.jpg,783
772_face0.jpg,772
763_face0.jpg,763
763_face1.jpg,763
722_face0.jpg,722
714_face0.jpg,714
674_face0.jpg,674
672_face0.jpg,672
665_face0.jpg,665
653_face0.jpg,653
644_face0.jpg,644
644_face1.jpg,644
643_face0.jpg,643
643_face1.jpg,643
635_face0.jpg,635
635_face1.jpg,635
621_face0.jpg,621
621_face1.jpg,621
614_face0.jpg,614
603_face0.jpg,603
603_face1.jpg,603
570_face0.jpg,570
554_face0.jpg,554
542_face0.jpg,542
538_face0.jpg,538
536_face0.jpg,536
53_face0.jpg,53
526_face0.jpg,526
519_face0.jpg,519
518_face0.jpg,518
518_face1.jpg,518
517_face0.jpg,517
514_face0.jpg,514
505_face0.jpg,505
493_face0.jpg,493
488_face0.jpg,488
488_face1.jpg,488
477_face0.jpg,477
477_face1.jpg,477
466_face0.jpg,466
418_face0.jpg,418
408_face0.jpg,408
378_face0.jpg,378
365_face0.jpg,365
331_face0.jpg,331
331_face1.jpg,331
328_face0.jpg,328
328_face1.jpg,328
325_face0.jpg,325
325_face1.jpg,325
953_face0.jpg,953
95_face0.jpg,95
943_face0.jpg,943
943_face1.jpg,943
922_face0.jpg,922
913_face0.jpg,913
903_face0.jpg,903
903_face1.jpg,903
903_face2.jpg,903
885_face0.jpg,885
884_face0.jpg,884
882_face0.jpg,882
879_face0.jpg,879
879_face1.jpg,879
878_face0.jpg,878
871_face0.jpg,871
871_face1.jpg,871
864_face0.jpg,864
857_face0.jpg,857
857_face1.jpg,857
853_face0.jpg,853
853_face1.jpg,853
850_face0.jpg,850
850_face1.jpg,850
846_face0.jpg,846
846_face1.jpg,846
823_face0.jpg,823
823_face1.jpg,823
820_face0.jpg,820
811_face0.jpg,811
811_face1.jpg,811
811_face2.jpg,811
807_face0.jpg,807
807_face1.jpg,807
807_face2.jpg,807
794_face0.jpg,794
794_face1.jpg,794
789_face0.jpg,789
789_face1.jpg,789
725_face0.jpg,725
724_face0.jpg,724
719_face0.jpg,719
719_face1.jpg,719
715_face0.jpg,715
714_face0.jpg,714
713_face0.jpg,713
713_face1.jpg,713
702_face0.jpg,702
693_face0.jpg,693
689_face0.jpg,689
683_face0.jpg,683
658_face0.jpg,658
658_face1.jpg,658
650_face0.jpg,650
650_face1.jpg,650
648_face0.jpg,648
647_face0.jpg,647
640_face0.jpg,640
624_face0.jpg,624
624_face1.jpg,624
624_face2.jpg,624
621_face0.jpg,621
621_face1.jpg,621
621_face2.jpg,621
615_face0.jpg,615
604_face0.jpg,604
604_face1.jpg,604
600_face0.jpg,600
600_face1.jpg,600
6_face0.jpg,6
6_face1.jpg,6
6_face2.jpg,6
6_face3.jpg,6
6_face4.jpg,6
6_face5.jpg,6
6_face6.jpg,6
596_face0.jpg,596
572_face0.jpg,572
565_face0.jpg,565
967_face0.jpg,967
956_face0.jpg,956
940_face0.jpg,940
939_face0.jpg,939
93_face0.jpg,93
93_face1.jpg,93
93_face2.jpg,93
9_face0.jpg,9
896_face0.jpg,896
896_face1.jpg,896
896_face2.jpg,896
886_face0.jpg,886
867_face0.jpg,867
867_face1.jpg,867
851_face0.jpg,851
850_face0.jpg,850
847_face0.jpg,847
846_face0.jpg,846
845_face0.jpg,845
844_face0.jpg,844
842_face0.jpg,842
775_face0.jpg,775
734_face0.jpg,734
711_face0.jpg,711
710_face0.jpg,710
710_face1.jpg,710
686_face0.jpg,686
686_face1.jpg,686
681_face0.jpg,681
681_face1.jpg,681
673_face0.jpg,673
667_face0.jpg,667
662_face0.jpg,662
655_face0.jpg,655
626_face0.jpg,626
600_face0.jpg,600
600_face1.jpg,600
570_face0.jpg,570
562_face0.jpg,562
549_face0.jpg,549
534_face0.jpg,534
534_face1.jpg,534
53_face0.jpg,53
53_face1.jpg,53
974_face0.jpg,974
974_face1.jpg,974
953_face0.jpg,953
949_face0.jpg,949
925_face0.jpg,925
925_face1.jpg,925
925_face2.jpg,925
922_face0.jpg,922
920_face0.jpg,920
920_face1.jpg,920
920_face2.jpg,920
919_face0.jpg,919
913_face0.jpg,913
912_face0.jpg,912
912_face1.jpg,912
893_face0.jpg,893
872_face0.jpg,872
861_face0.jpg,861
861_face1.jpg,861
843_face0.jpg,843
814_face0.jpg,814
792_face0.jpg,792
792_face1.jpg,792
787_face0.jpg,787
765_face0.jpg,765
765_face1.jpg,765
765_face2.jpg,765
73_face0.jpg,73
73_face1.jpg,73
73_face2.jpg,73
687_face0.jpg,687
680_face0.jpg,680
671_face0.jpg,671
995_face0.jpg,995
995_face1.jpg,995
990_face0.jpg,990
990_face1.jpg,990
990_face2.jpg,990
960_face0.jpg,960
960_face1.jpg,960
960_face2.jpg,960
960_face3.jpg,960
960_face4.jpg,960
954_face0.jpg,954
954_face1.jpg,954
919_face0.jpg,919
919_face1.jpg,919
919_face2.jpg,919
9_face0.jpg,9
862_face0.jpg,862
862_face1.jpg,862
853_face0.jpg,853
823_face0.jpg,823
823_face1.jpg,823
823_face2.jpg,823
801_face0.jpg,801
801_face1.jpg,801
777_face0.jpg,777
771_face0.jpg,771
762_face0.jpg,762
758_face0.jpg,758
716_face0.jpg,716
703_face0.jpg,703
682_face0.jpg,682
658_face0.jpg,658
658_face1.jpg,658
642_face0.jpg,642
625_face0.jpg,625
614_face0.jpg,614
548_face0.jpg,548
540_face0.jpg,540
538_face0.jpg,538
535_face0.jpg,535
535_face1.jpg,535
535_face2.jpg,535
534_face0.jpg,534
534_face1.jpg,534
533_face0.jpg,533
533_face1.jpg,533
530_face0.jpg,530
528_face0.jpg,528
528_face1.jpg,528
526_face0.jpg,526
525_face0.jpg,525
522_face0.jpg,522
521_face0.jpg,521
521_face1.jpg,521
516_face0.jpg,516
484_face0.jpg,484
477_face0.jpg,477
468_face0.jpg,468
464_face0.jpg,464
464_face1.jpg,464
464_face2.jpg,464
454_face0.jpg,454
454_face1.jpg,454
447_face0.jpg,447
447_face1.jpg,447
435_face0.jpg,435
412_face0.jpg,412
411_face0.jpg,411
411_face1.jpg,411
393_face0.jpg,393
393_face1.jpg,393
393_face2.jpg,393
367_face0.jpg,367
354_face0.jpg,354
354_face1.jpg,354
354_face2.jpg,354
349_face0.jpg,349
312_face0.jpg,312
278_face0.jpg,278
255_face0.jpg,255
253_face0.jpg,253
253_face1.jpg,253
253_face2.jpg,253
253_face3.jpg,253
253_face4.jpg,253
253_face5.jpg,253
251_face0.jpg,251
986_face0.jpg,986
982_face0.jpg,982
982_face1.jpg,982
981_face0.jpg,981
981_face1.jpg,981
979_face0.jpg,979
954_face0.jpg,954
935_face0.jpg,935
910_face0.jpg,910
909_face0.jpg,909
902_face0.jpg,902
895_face0.jpg,895
892_face0.jpg,892
88_face0.jpg,88
88_face1.jpg,88
88_face2.jpg,88
86_face0.jpg,86
844_face0.jpg,844
843_face0.jpg,843
843_face1.jpg,843
843_face2.jpg,843
809_face0.jpg,809
809_face1.jpg,809
805_face0.jpg,805
802_face0.jpg,802
786_face0.jpg,786
783_face0.jpg,783
773_face0.jpg,773
749_face0.jpg,749
740_face0.jpg,740
740_face1.jpg,740
740_face2.jpg,740
734_face0.jpg,734
728_face0.jpg,728
728_face1.jpg,728
728_face2.jpg,728
673_face0.jpg,673
663_face0.jpg,663
663_face1.jpg,663
663_face2.jpg,663
663_face3.jpg,663
659_face0.jpg,659
657_face0.jpg,657
623_face0.jpg,623
623_face1.jpg,623
623_face2.jpg,623
623_face3.jpg,623
623_face4.jpg,623
959_face0.jpg,959
959_face1.jpg,959
917_face0.jpg,917
889_face0.jpg,889
873_face0.jpg,873
871_face0.jpg,871
853_face0.jpg,853
853_face1.jpg,853
853_face2.jpg,853
833_face0.jpg,833
809_face0.jpg,809
809_face1.jpg,809
808_face0.jpg,808
804_face0.jpg,804
804_face1.jpg,804
801_face0.jpg,801
799_face0.jpg,799
797_face0.jpg,797
790_face0.jpg,790
774_face0.jpg,774
721_face0.jpg,721
71_face0.jpg,71
705_face0.jpg,705
701_face0.jpg,701
701_face1.jpg,701
694_face0.jpg,694
690_face0.jpg,690
685_face0.jpg,685
659_face0.jpg,659
652_face0.jpg,652
652_face1.jpg,652
652_face2.jpg,652
650_face0.jpg,650
650_face1.jpg,650
646_face0.jpg,646
637_face0.jpg,637
611_face0.jpg,611
611_face1.jpg,611
611_face2.jpg,611
605_face0.jpg,605
594_face0.jpg,594
584_face0.jpg,584
583_face0.jpg,583
582_face0.jpg,582
581_face0.jpg,581
581_face1.jpg,581
581_face2.jpg,581
581_face3.jpg,581
580_face0.jpg,580
58_face0.jpg,58
577_face0.jpg,577
557_face0.jpg,557
557_face1.jpg,557
556_face0.jpg,556
556_face1.jpg,556
556_face2.jpg,556
549_face0.jpg,549
549_face1.jpg,549
545_face0.jpg,545
528_face0.jpg,528
514_face0.jpg,514
511_face0.jpg,511
511_face1.jpg,511
511_face2.jpg,511
511_face3.jpg,511
498_face0.jpg,498
498_face1.jpg,498
483_face0.jpg,483
482_face0.jpg,482
462_face0.jpg,462
447_face0.jpg,447
447_face1.jpg,447
440_face0.jpg,440
427_face0.jpg,427
424_face0.jpg,424
422_face0.jpg,422
421_face0.jpg,421
417_face0.jpg,417
411_face0.jpg,411
409_face0.jpg,409
406_face0.jpg,406
405_face0.jpg,405
404_face0.jpg,404
404_face1.jpg,404
403_face0.jpg,403
403_face1.jpg,403
403_face2.jpg,403
402_face0.jpg,402
386_face0.jpg,386
386_face1.jpg,386
386_face2.jpg,386
386_face3.jpg,386
386_face4.jpg,386
386_face5.jpg,386
379_face0.jpg,379
379_face1.jpg,379
379_face2.jpg,379
358_face0.jpg,358
355_face0.jpg,355
353_face0.jpg,353
353_face1.jpg,353
351_face0.jpg,351
351_face1.jpg,351
296_face0.jpg,296
296_face1.jpg,296
276_face0.jpg,276
276_face1.jpg,276
276_face2.jpg,276
276_face3.jpg,276
276_face4.jpg,276
276_face5.jpg,276
272_face0.jpg,272
204_face0.jpg,204
201_face0.jpg,201
991_face0.jpg,991
958_face0.jpg,958
952_face0.jpg,952
943_face0.jpg,943
943_face1.jpg,943
943_face2.jpg,943
915_face0.jpg,915
905_face0.jpg,905
905_face1.jpg,905
892_face0.jpg,892
890_face0.jpg,890
89_face0.jpg,89
89_face1.jpg,89
885_face0.jpg,885
862_face0.jpg,862
859_face0.jpg,859
853_face0.jpg,853
853_face1.jpg,853
831_face0.jpg,831
831_face1.jpg,831
814_face0.jpg,814
789_face0.jpg,789
789_face1.jpg,789
789_face2.jpg,789
789_face3.jpg,789
788_face0.jpg,788
788_face1.jpg,788
768_face0.jpg,768
762_face0.jpg,762
762_face1.jpg,762
762_face2.jpg,762
760_face0.jpg,760
756_face0.jpg,756
756_face1.jpg,756
740_face0.jpg,740
740_face1.jpg,740
739_face0.jpg,739
722_face0.jpg,722
677_face0.jpg,677
674_face0.jpg,674
674_face1.jpg,674
674_face2.jpg,674
659_face0.jpg,659
659_face1.jpg,659
613_face0.jpg,613
613_face1.jpg,613
609_face0.jpg,609
609_face1.jpg,609
609_face2.jpg,609
570_face0.jpg,570
560_face0.jpg,560
560_face1.jpg,560
541_face0.jpg,541
525_face0.jpg,525
523_face0.jpg,523
523_face1.jpg,523
514_face0.jpg,514
514_face1.jpg,514
514_face2.jpg,514
510_face0.jpg,510
506_face0.jpg,506
498_face0.jpg,498
454_face0.jpg,454
404_face0.jpg,404
393_face0.jpg,393
390_face0.jpg,390
390_face1.jpg,390
365_face0.jpg,365
314_face0.jpg,314
313_face0.jpg,313
30_face0.jpg,30
259_face0.jpg,259
258_face0.jpg,258
258_face1.jpg,258
958_face0.jpg,958
938_face0.jpg,938
907_face0.jpg,907
898_face0.jpg,898
892_face0.jpg,892
844_face0.jpg,844
801_face0.jpg,801
764_face0.jpg,764
764_face1.jpg,764
759_face0.jpg,759
756_face0.jpg,756
756_face1.jpg,756
677_face0.jpg,677
677_face1.jpg,677
576_face0.jpg,576
552_face0.jpg,552
551_face0.jpg,551
537_face0.jpg,537
512_face0.jpg,512
499_face0.jpg,499
498_face0.jpg,498
498_face1.jpg,498
491_face0.jpg,491
491_face1.jpg,491
481_face0.jpg,481
477_face0.jpg,477
448_face0.jpg,448
413_face0.jpg,413
335_face0.jpg,335
335_face1.jpg,335
310_face0.jpg,310
308_face0.jpg,308
307_face0.jpg,307
219_face0.jpg,219
1298_face0.jpg,1298
1290_face0.jpg,1290
1290_face1.jpg,1290
1262_face0.jpg,1262
126_face0.jpg,126
1255_face0.jpg,1255
1228_face0.jpg,1228
1226_face0.jpg,1226
1220_face0.jpg,1220
1194_face0.jpg,1194
1194_face1.jpg,1194
1194_face2.jpg,1194
1194_face3.jpg,1194
1194_face4.jpg,1194
1194_face5.jpg,1194
1194_face6.jpg,1194
1194_face7.jpg,1194
1189_face0.jpg,1189
1188_face0.jpg,1188
115_face0.jpg,115
1133_face0.jpg,1133
1122_face0.jpg,1122
942_face0.jpg,942
895_face0.jpg,895
858_face0.jpg,858
858_face1.jpg,858
832_face0.jpg,832
832_face1.jpg,832
815_face0.jpg,815
812_face0.jpg,812
812_face1.jpg,812
812_face2.jpg,812
811_face0.jpg,811
811_face1.jpg,811
811_face2.jpg,811
789_face0.jpg,789
783_face0.jpg,783
647_face0.jpg,647
647_face1.jpg,647
591_face0.jpg,591
528_face0.jpg,528
463_face0.jpg,463
463_face1.jpg,463
449_face0.jpg,449
446_face0.jpg,446
433_face0.jpg,433
410_face0.jpg,410
410_face1.jpg,410
394_face0.jpg,394
365_face0.jpg,365
315_face0.jpg,315
315_face1.jpg,315
304_face0.jpg,304
299_face0.jpg,299
299_face1.jpg,299
274_face0.jpg,274
263_face0.jpg,263
254_face0.jpg,254
254_face1.jpg,254
184_face0.jpg,184
173_face0.jpg,173
112_face0.jpg,112
977_face0.jpg,977
977_face1.jpg,977
976_face0.jpg,976
955_face0.jpg,955
955_face1.jpg,955
955_face2.jpg,955
955_face3.jpg,955
955_face4.jpg,955
909_face0.jpg,909
909_face1.jpg,909
909_face2.jpg,909
908_face0.jpg,908
903_face0.jpg,903
885_face0.jpg,885
885_face1.jpg,885
885_face2.jpg,885
874_face0.jpg,874
850_face0.jpg,850
843_face0.jpg,843
67_face0.jpg,67
667_face0.jpg,667
667_face1.jpg,667
64_face0.jpg,64
628_face0.jpg,628
619_face0.jpg,619
611_face0.jpg,611
59_face0.jpg,59
57_face0.jpg,57
539_face0.jpg,539
539_face1.jpg,539
52_face0.jpg,52
52_face1.jpg,52
52_face2.jpg,52
491_face0.jpg,491
467_face0.jpg,467
398_face0.jpg,398
126_face0.jpg,126
126_face1.jpg,126
126_face2.jpg,126
1062_face0.jpg,1062
1044_face0.jpg,1044
1029_face0.jpg,1029
1029_face1.jpg,1029
1029_face2.jpg,1029
1029_face3.jpg,1029
1020_face0.jpg,1020
1020_face1.jpg,1020
1020_face2.jpg,1020
1020_face3.jpg,1020
1000_face0.jpg,1000
1000_face1.jpg,1000
893_face0.jpg,893
893_face1.jpg,893
882_face0.jpg,882
870_face0.jpg,870
870_face1.jpg,870
854_face0.jpg,854
817_face0.jpg,817
81_face0.jpg,81
768_face0.jpg,768
768_face1.jpg,768
768_face2.jpg,768
744_face0.jpg,744
742_face0.jpg,742
742_face1.jpg,742
742_face2.jpg,742
73_face0.jpg,73
652_face0.jpg,652
652_face1.jpg,652
638_face0.jpg,638
637_face0.jpg,637
627_face0.jpg,627
621_face0.jpg,621
607_face0.jpg,607
607_face1.jpg,607
602_face0.jpg,602
596_face0.jpg,596
596_face1.jpg,596
595_face0.jpg,595
593_face0.jpg,593
548_face0.jpg,548
548_face1.jpg,548
534_face0.jpg,534
534_face1.jpg,534
529_face0.jpg,529
529_face1.jpg,529
527_face0.jpg,527
527_face1.jpg,527
517_face0.jpg,517
517_face1.jpg,517
516_face0.jpg,516
516_face1.jpg,516
498_face0.jpg,498
481_face0.jpg,481
470_face0.jpg,470
446_face0.jpg,446
446_face1.jpg,446
445_face0.jpg,445
445_face1.jpg,445
418_face0.jpg,418
402_face0.jpg,402
374_face0.jpg,374
365_face0.jpg,365
358_face0.jpg,358
334_face0.jpg,334
334_face1.jpg,334
330_face0.jpg,330
323_face0.jpg,323
323_face1.jpg,323
274_face0.jpg,274
1250_face0.jpg,1250
1250_face1.jpg,1250
1206_face0.jpg,1206
12_face0.jpg,12
1164_face0.jpg,1164
1131_face0.jpg,1131
1131_face1.jpg,1131
1005_face0.jpg,1005
1005_face1.jpg,1005
1005_face2.jpg,1005
1005_face3.jpg,1005
1005_face4.jpg,1005
1005_face5.jpg,1005
1005_face6.jpg,1005
1005_face7.jpg,1005
1005_face8.jpg,1005
1005_face9.jpg,1005
958_face0.jpg,958
958_face1.jpg,958
943_face0.jpg,943
943_face1.jpg,943
943_face2.jpg,943
908_face0.jpg,908
908_face1.jpg,908
908_face2.jpg,908
903_face0.jpg,903
903_face1.jpg,903
902_face0.jpg,902
891_face0.jpg,891
82_face0.jpg,82
777_face0.jpg,777
732_face0.jpg,732
575_face0.jpg,575
575_face1.jpg,575
559_face0.jpg,559
559_face1.jpg,559
535_face0.jpg,535
529_face0.jpg,529
498_face0.jpg,498
498_face1.jpg,498
491_face0.jpg,491
49_face0.jpg,49
466_face0.jpg,466
466_face1.jpg,466
454_face0.jpg,454
454_face1.jpg,454
449_face0.jpg,449
424_face0.jpg,424
371_face0.jpg,371
369_face0.jpg,369
344_face0.jpg,344
344_face1.jpg,344
296_face0.jpg,296
264_face0.jpg,264
219_face0.jpg,219
149_face0.jpg,149
149_face1.jpg,149
143_face0.jpg,143
143_face1.jpg,143
143_face2.jpg,143
1198_face0.jpg,1198
1197_face0.jpg,1197
1190_face0.jpg,1190
1190_face1.jpg,1190
1169_face0.jpg,1169
1163_face0.jpg,1163
1135_face0.jpg,1135
1127_face0.jpg,1127
1082_face0.jpg,1082
1063_face0.jpg,1063
1017_face0.jpg,1017
1015_face0.jpg,1015
814_face0.jpg,814
811_face0.jpg,811
8_face0.jpg,8
79_face0.jpg,79
79_face1.jpg,79
64_face0.jpg,64
635_face0.jpg,635
63_face0.jpg,63
63_face1.jpg,63
63_face2.jpg,63
628_face0.jpg,628
591_face0.jpg,591
581_face0.jpg,581
563_face0.jpg,563
563_face1.jpg,563
51_face0.jpg,51
5_face0.jpg,5
5_face1.jpg,5
463_face0.jpg,463
463_face1.jpg,463
452_face0.jpg,452
442_face0.jpg,442
429_face0.jpg,429
1174_face0.jpg,1174
1174_face1.jpg,1174
1157_face0.jpg,1157
1157_face1.jpg,1157
1057_face0.jpg,1057
1057_face1.jpg,1057
1057_face2.jpg,1057
1057_face3.jpg,1057
1013_face0.jpg,1013
1008_face0.jpg,1008
1001_face0.jpg,1001
938_face0.jpg,938
938_face1.jpg,938
892_face0.jpg,892
872_face0.jpg,872
848_face0.jpg,848
840_face0.jpg,840
836_face0.jpg,836
800_face0.jpg,800
800_face1.jpg,800
773_face0.jpg,773
678_face0.jpg,678
573_face0.jpg,573
573_face1.jpg,573
533_face0.jpg,533
533_face1.jpg,533
533_face2.jpg,533
533_face3.jpg,533
520_face0.jpg,520
520_face1.jpg,520
520_face2.jpg,520
520_face3.jpg,520
507_face0.jpg,507
507_face1.jpg,507
507_face2.jpg,507
467_face0.jpg,467
389_face0.jpg,389
350_face0.jpg,350
345_face0.jpg,345
245_face0.jpg,245
1275_face0.jpg,1275
1272_face0.jpg,1272
1255_face0.jpg,1255
1255_face1.jpg,1255
1255_face2.jpg,1255
1255_face3.jpg,1255
120_face0.jpg,120
120_face1.jpg,120
1178_face0.jpg,1178
1178_face1.jpg,1178
1178_face2.jpg,1178
1144_face0.jpg,1144
1144_face1.jpg,1144
111_face0.jpg,111
1091_face0.jpg,1091
104_face0.jpg,104
1018_face0.jpg,1018
987_face0.jpg,987
975_face0.jpg,975
964_face0.jpg,964
911_face0.jpg,911
878_face0.jpg,878
878_face1.jpg,878
790_face0.jpg,790
787_face0.jpg,787
787_face1.jpg,787
787_face2.jpg,787
787_face3.jpg,787
785_face0.jpg,785
785_face1.jpg,785
781_face0.jpg,781
781_face1.jpg,781
774_face0.jpg,774
774_face1.jpg,774
768_face0.jpg,768
764_face0.jpg,764
723_face0.jpg,723
700_face0.jpg,700
698_face0.jpg,698
697_face0.jpg,697
672_face0.jpg,672
672_face1.jpg,672
672_face2.jpg,672
672_face3.jpg,672
672_face4.jpg,672
590_face0.jpg,590
556_face0.jpg,556
556_face1.jpg,556
554_face0.jpg,554
554_face1.jpg,554
504_face0.jpg,504
496_face0.jpg,496
469_face0.jpg,469
469_face1.jpg,469
469_face2.jpg,469
469_face3.jpg,469
45_face0.jpg,45
45_face1.jpg,45
45_face2.jpg,45
44_face0.jpg,44
344_face0.jpg,344
344_face1.jpg,344
2_face0.jpg,2
197_face0.jpg,197
151_face0.jpg,151
151_face1.jpg,151
1395_face0.jpg,1395
1309_face0.jpg,1309
1289_face0.jpg,1289
1247_face0.jpg,1247
1239_face0.jpg,1239
1231_face0.jpg,1231
1215_face0.jpg,1215
1215_face1.jpg,1215
1215_face2.jpg,1215
1208_face0.jpg,1208
1208_face1.jpg,1208
120_face0.jpg,120
1129_face0.jpg,1129
1129_face1.jpg,1129
1129_face2.jpg,1129
1115_face0.jpg,1115
1115_face1.jpg,1115
1057_face0.jpg,1057
1057_face1.jpg,1057
1053_face0.jpg,1053
1052_face0.jpg,1052
994_face0.jpg,994
989_face0.jpg,989
989_face1.jpg,989
907_face0.jpg,907
898_face0.jpg,898
871_face0.jpg,871
866_face0.jpg,866
866_face1.jpg,866
813_face0.jpg,813
801_face0.jpg,801
800_face0.jpg,800
786_face0.jpg,786
786_face1.jpg,786
771_face0.jpg,771
771_face1.jpg,771
746_face0.jpg,746
746_face1.jpg,746
727_face0.jpg,727
726_face0.jpg,726
714_face0.jpg,714
710_face0.jpg,710
699_face0.jpg,699
688_face0.jpg,688
670_face0.jpg,670
654_face0.jpg,654
649_face0.jpg,649
637_face0.jpg,637
637_face1.jpg,637
637_face2.jpg,637
624_face0.jpg,624
624_face1.jpg,624
624_face2.jpg,624
624_face3.jpg,624
613_face0.jpg,613
583_face0.jpg,583
548_face0.jpg,548
548_face1.jpg,548
495_face0.jpg,495
489_face0.jpg,489
463_face0.jpg,463
443_face0.jpg,443
399_face0.jpg,399
382_face0.jpg,382
382_face1.jpg,382
382_face2.jpg,382
382_face3.jpg,382
340_face0.jpg,340
340_face1.jpg,340
340_face2.jpg,340
337_face0.jpg,337
337_face1.jpg,337
152_face0.jpg,152
149_face0.jpg,149
149_face1.jpg,149
1435_face0.jpg,1435
1368_face0.jpg,1368
1364_face0.jpg,1364
1328_face0.jpg,1328
1328_face1.jpg,1328
1296_face0.jpg,1296
1294_face0.jpg,1294
1250_face0.jpg,1250
1182_face0.jpg,1182
1173_face0.jpg,1173
1104_face0.jpg,1104
1104_face1.jpg,1104
1091_face0.jpg,1091
1091_face1.jpg,1091
1079_face0.jpg,1079
1079_face1.jpg,1079
1069_face0.jpg,1069
1060_face0.jpg,1060
1045_face0.jpg,1045
1021_face0.jpg,1021
1013_face0.jpg,1013
1013_face1.jpg,1013
1003_face0.jpg,1003
988_face0.jpg,988
956_face0.jpg,956
944_face0.jpg,944
943_face0.jpg,943
934_face0.jpg,934
934_face1.jpg,934
931_face0.jpg,931
900_face0.jpg,900
900_face1.jpg,900
900_face2.jpg,900
900_face3.jpg,900
888_face0.jpg,888
875_face0.jpg,875
867_face0.jpg,867
867_face1.jpg,867
81_face0.jpg,81
797_face0.jpg,797
789_face0.jpg,789
783_face0.jpg,783
740_face0.jpg,740
738_face0.jpg,738
737_face0.jpg,737
731_face0.jpg,731
731_face1.jpg,731
717_face0.jpg,717
717_face1.jpg,717
717_face2.jpg,717
717_face3.jpg,717
666_face0.jpg,666
666_face1.jpg,666
655_face0.jpg,655
655_face1.jpg,655
655_face2.jpg,655
655_face3.jpg,655
642_face0.jpg,642
642_face1.jpg,642
642_face2.jpg,642
633_face0.jpg,633
63_face0.jpg,63
63_face1.jpg,63
616_face0.jpg,616
61_face0.jpg,61
585_face0.jpg,585
585_face1.jpg,585
578_face0.jpg,578
544_face0.jpg,544
515_face0.jpg,515
508_face0.jpg,508
5_face0.jpg,5
499_face0.jpg,499
461_face0.jpg,461
461_face1.jpg,461
445_face0.jpg,445
429_face0.jpg,429
417_face0.jpg,417
363_face0.jpg,363
363_face1.jpg,363
328_face0.jpg,328
319_face0.jpg,319
312_face0.jpg,312
279_face0.jpg,279
279_face1.jpg,279
279_face2.jpg,279
279_face3.jpg,279
1430_face0.jpg,1430
1427_face0.jpg,1427
1421_face0.jpg,1421
137_face0.jpg,137
1366_face0.jpg,1366
1353_face0.jpg,1353
1353_face1.jpg,1353
1335_face0.jpg,1335
1323_face0.jpg,1323
1323_face1.jpg,1323
1310_face0.jpg,1310
125_face0.jpg,125
1173_face0.jpg,1173
1129_face0.jpg,1129
1126_face0.jpg,1126
1044_face0.jpg,1044
1001_face0.jpg,1001
997_face0.jpg,997
978_face0.jpg,978
972_face0.jpg,972
957_face0.jpg,957
957_face1.jpg,957
957_face2.jpg,957
950_face0.jpg,950
948_face0.jpg,948
936_face0.jpg,936
929_face0.jpg,929
929_face1.jpg,929
929_face2.jpg,929
926_face0.jpg,926
926_face1.jpg,926
926_face2.jpg,926
923_face0.jpg,923
919_face0.jpg,919
919_face1.jpg,919
919_face2.jpg,919
907_face0.jpg,907
907_face1.jpg,907
889_face0.jpg,889
877_face0.jpg,877
790_face0.jpg,790
771_face0.jpg,771
767_face0.jpg,767
727_face0.jpg,727
722_face0.jpg,722
722_face1.jpg,722
717_face0.jpg,717
698_face0.jpg,698
686_face0.jpg,686
686_face1.jpg,686
669_face0.jpg,669
655_face0.jpg,655
651_face0.jpg,651
640_face0.jpg,640
640_face1.jpg,640
625_face0.jpg,625
624_face0.jpg,624
624_face1.jpg,624
621_face0.jpg,621
621_face1.jpg,621
611_face0.jpg,611
611_face1.jpg,611
609_face0.jpg,609
609_face1.jpg,609
609_face2.jpg,609
601_face0.jpg,601
601_face1.jpg,601
601_face2.jpg,601
597_face0.jpg,597
596_face0.jpg,596
596_face1.jpg,596
581_face0.jpg,581
581_face1.jpg,581
560_face0.jpg,560
560_face1.jpg,560
557_face0.jpg,557
557_face1.jpg,557
545_face0.jpg,545
540_face0.jpg,540
537_face0.jpg,537
514_face0.jpg,514
504_face0.jpg,504
454_face0.jpg,454
403_face0.jpg,403
403_face1.jpg,403
331_face0.jpg,331
256_face0.jpg,256
210_face0.jpg,210
206_face0.jpg,206
206_face1.jpg,206
206_face2.jpg,206
156_face0.jpg,156
1288_face0.jpg,1288
1239_face0.jpg,1239
1231_face0.jpg,1231
1231_face1.jpg,1231
1231_face2.jpg,1231
1191_face0.jpg,1191
1165_face0.jpg,1165
1165_face1.jpg,1165
1165_face2.jpg,1165
1165_face3.jpg,1165
1158_face0.jpg,1158
1081_face0.jpg,1081
1008_face0.jpg,1008
1001_face0.jpg,1001
97_face0.jpg,97
957_face0.jpg,957
951_face0.jpg,951
95_face0.jpg,95
947_face0.jpg,947
947_face1.jpg,947
947_face2.jpg,947
947_face3.jpg,947
947_face4.jpg,947
947_face5.jpg,947
947_face6.jpg,947
941_face0.jpg,941
94_face0.jpg,94
94_face1.jpg,94
890_face0.jpg,890
875_face0.jpg,875
875_face1.jpg,875
874_face0.jpg,874
836_face0.jpg,836
821_face0.jpg,821
793_face0.jpg,793
791_face0.jpg,791
749_face0.jpg,749
740_face0.jpg,740
717_face0.jpg,717
696_face0.jpg,696
685_face0.jpg,685
685_face1.jpg,685
683_face0.jpg,683
683_face1.jpg,683
680_face0.jpg,680
680_face1.jpg,680
676_face0.jpg,676
674_face0.jpg,674
674_face1.jpg,674
672_face0.jpg,672
657_face0.jpg,657
649_face0.jpg,649
64_face0.jpg,64
639_face0.jpg,639
628_face0.jpg,628
628_face1.jpg,628
608_face0.jpg,608
581_face0.jpg,581
574_face0.jpg,574
549_face0.jpg,549
538_face0.jpg,538
537_face0.jpg,537
524_face0.jpg,524
509_face0.jpg,509
504_face0.jpg,504
492_face0.jpg,492
469_face0.jpg,469
469_face1.jpg,469
429_face0.jpg,429
420_face0.jpg,420
410_face0.jpg,410
410_face1.jpg,410
368_face0.jpg,368
368_face1.jpg,368
368_face2.jpg,368
183_face0.jpg,183
183_face1.jpg,183
183_face2.jpg,183
183_face3.jpg,183
143_face0.jpg,143
143_face1.jpg,143
143_face2.jpg,143
1305_face0.jpg,1305
1305_face1.jpg,1305
1301_face0.jpg,1301
1301_face1.jpg,1301
1283_face0.jpg,1283
1263_face0.jpg,1263
1263_face1.jpg,1263
125_face0.jpg,125
1236_face0.jpg,1236
1216_face0.jpg,1216
119_face0.jpg,119
119_face1.jpg,119
119_face2.jpg,119
119_face3.jpg,119
119_face4.jpg,119
11_face0.jpg,11
1038_face0.jpg,1038
1012_face0.jpg,1012
1012_face1.jpg,1012
954_face0.jpg,954
913_face0.jpg,913
883_face0.jpg,883
882_face0.jpg,882
872_face0.jpg,872
866_face0.jpg,866
861_face0.jpg,861
861_face1.jpg,861
859_face0.jpg,859
859_face1.jpg,859
814_face0.jpg,814
814_face1.jpg,814
814_face2.jpg,814
814_face3.jpg,814
800_face0.jpg,800
800_face1.jpg,800
779_face0.jpg,779
774_face0.jpg,774
774_face1.jpg,774
767_face0.jpg,767
767_face1.jpg,767
761_face0.jpg,761
757_face0.jpg,757
727_face0.jpg,727
701_face0.jpg,701
689_face0.jpg,689
672_face0.jpg,672
643_face0.jpg,643
579_face0.jpg,579
579_face1.jpg,579
541_face0.jpg,541
541_face1.jpg,541
540_face0.jpg,540
525_face0.jpg,525
519_face0.jpg,519
515_face0.jpg,515
459_face0.jpg,459
457_face0.jpg,457
455_face0.jpg,455
444_face0.jpg,444
444_face1.jpg,444
436_face0.jpg,436
435_face0.jpg,435
433_face0.jpg,433
433_face1.jpg,433
2064_face0.jpg,2064
2046_face0.jpg,2046
2019_face0.jpg,2019
2019_face1.jpg,2019
1975_face0.jpg,1975
1975_face1.jpg,1975
1975_face2.jpg,1975
1944_face0.jpg,1944
1944_face1.jpg,1944
1944_face2.jpg,1944
1944_face3.jpg,1944
1944_face4.jpg,1944
1944_face5.jpg,1944
1944_face6.jpg,1944
1944_face7.jpg,1944
1944_face8.jpg,1944
1942_face0.jpg,1942
1942_face1.jpg,1942
1942_face2.jpg,1942
1942_face3.jpg,1942
1942_face4.jpg,1942
1942_face5.jpg,1942
1942_face6.jpg,1942
1942_face7.jpg,1942
1887_face0.jpg,1887
1887_face1.jpg,1887
1763_face0.jpg,1763
1747_face0.jpg,1747
1732_face0.jpg,1732
1672_face0.jpg,1672
1603_face0.jpg,1603
1595_face0.jpg,1595
1583_face0.jpg,1583
1527_face0.jpg,1527
1521_face0.jpg,1521
1497_face0.jpg,1497
1427_face0.jpg,1427
1427_face1.jpg,1427
1424_face0.jpg,1424
1391_face0.jpg,1391
1339_face0.jpg,1339
1328_face0.jpg,1328
1293_face0.jpg,1293
1293_face1.jpg,1293
1285_face0.jpg,1285
1285_face1.jpg,1285
1255_face0.jpg,1255
1213_face0.jpg,1213
1175_face0.jpg,1175
1156_face0.jpg,1156
1156_face1.jpg,1156
1148_face0.jpg,1148
1134_face0.jpg,1134
1075_face0.jpg,1075
1074_face0.jpg,1074
1074_face1.jpg,1074
1052_face0.jpg,1052
1052_face1.jpg,1052
1049_face0.jpg,1049
1019_face0.jpg,1019
1019_face1.jpg,1019
1019_face2.jpg,1019
1019_face3.jpg,1019
1005_face0.jpg,1005
972_face0.jpg,972
966_face0.jpg,966
956_face0.jpg,956
927_face0.jpg,927
927_face1.jpg,927
927_face2.jpg,927
858_face0.jpg,858
846_face0.jpg,846
846_face1.jpg,846
820_face0.jpg,820
820_face1.jpg,820
739_face0.jpg,739
650_face0.jpg,650
643_face0.jpg,643
631_face0.jpg,631
524_face0.jpg,524
523_face0.jpg,523
517_face0.jpg,517
517_face1.jpg,517
517_face2.jpg,517
517_face3.jpg,517
517_face4.jpg,517
517_face5.jpg,517
517_face6.jpg,517
492_face0.jpg,492
492_face1.jpg,492
487_face0.jpg,487
389_face0.jpg,389
326_face0.jpg,326
326_face1.jpg,326
326_face2.jpg,326
320_face0.jpg,320
306_face0.jpg,306
295_face0.jpg,295
248_face0.jpg,248
248_face1.jpg,248
240_face0.jpg,240
240_face1.jpg,240
1488_face0.jpg,1488
1478_face0.jpg,1478
1451_face0.jpg,1451
1448_face0.jpg,1448
1444_face0.jpg,1444
1319_face0.jpg,1319
1319_face1.jpg,1319
1319_face2.jpg,1319
1319_face3.jpg,1319
1234_face0.jpg,1234
1195_face0.jpg,1195
1187_face0.jpg,1187
1103_face0.jpg,1103
1037_face0.jpg,1037
1037_face1.jpg,1037
1028_face0.jpg,1028
912_face0.jpg,912
912_face1.jpg,912
884_face0.jpg,884
884_face1.jpg,884
882_face0.jpg,882
882_face1.jpg,882
752_face0.jpg,752
734_face0.jpg,734
671_face0.jpg,671
671_face1.jpg,671
668_face0.jpg,668
65_face0.jpg,65
615_face0.jpg,615
615_face1.jpg,615
58_face0.jpg,58
58_face1.jpg,58
572_face0.jpg,572
555_face0.jpg,555
555_face1.jpg,555
504_face0.jpg,504
458_face0.jpg,458
435_face0.jpg,435
434_face0.jpg,434
432_face0.jpg,432
412_face0.jpg,412
393_face0.jpg,393
393_face1.jpg,393
221_face0.jpg,221
208_face0.jpg,208
1778_face0.jpg,1778
1759_face0.jpg,1759
1757_face0.jpg,1757
1757_face1.jpg,1757
1757_face2.jpg,1757
1757_face3.jpg,1757
1715_face0.jpg,1715
1711_face0.jpg,1711
1665_face0.jpg,1665
1660_face0.jpg,1660
1608_face0.jpg,1608
1591_face0.jpg,1591
1576_face0.jpg,1576
1553_face0.jpg,1553
1553_face1.jpg,1553
1549_face0.jpg,1549
1447_face0.jpg,1447
1358_face0.jpg,1358
1349_face0.jpg,1349
1349_face1.jpg,1349
1329_face0.jpg,1329
1310_face0.jpg,1310
1303_face0.jpg,1303
1302_face0.jpg,1302
1275_face0.jpg,1275
1274_face0.jpg,1274
1274_face1.jpg,1274
1273_face0.jpg,1273
1230_face0.jpg,1230
1164_face0.jpg,1164
1164_face1.jpg,1164
1148_face0.jpg,1148
1100_face0.jpg,1100
1099_face0.jpg,1099
1052_face0.jpg,1052
1052_face1.jpg,1052
1015_face0.jpg,1015
978_face0.jpg,978
959_face0.jpg,959
951_face0.jpg,951
944_face0.jpg,944
941_face0.jpg,941
939_face0.jpg,939
939_face1.jpg,939
924_face0.jpg,924
924_face1.jpg,924
924_face2.jpg,924
924_face3.jpg,924
924_face4.jpg,924
906_face0.jpg,906
900_face0.jpg,900
900_face1.jpg,900
900_face2.jpg,900
900_face3.jpg,900
87_face0.jpg,87
796_face0.jpg,796
71_face0.jpg,71
71_face1.jpg,71
706_face0.jpg,706
699_face0.jpg,699
652_face0.jpg,652
63_face0.jpg,63
63_face1.jpg,63
617_face0.jpg,617
617_face1.jpg,617
594_face0.jpg,594
594_face1.jpg,594
580_face0.jpg,580
575_face0.jpg,575
574_face0.jpg,574
574_face1.jpg,574
574_face2.jpg,574
574_face3.jpg,574
574_face4.jpg,574
560_face0.jpg,560
560_face1.jpg,560
560_face2.jpg,560
454_face0.jpg,454
444_face0.jpg,444
433_face0.jpg,433
392_face0.jpg,392
387_face0.jpg,387
305_face0.jpg,305
253_face0.jpg,253
205_face0.jpg,205
2029_face0.jpg,2029
2026_face0.jpg,2026
1974_face0.jpg,1974
1974_face1.jpg,1974
1974_face2.jpg,1974
1974_face3.jpg,1974
1964_face0.jpg,1964
1964_face1.jpg,1964
1964_face2.jpg,1964
1964_face3.jpg,1964
1964_face4.jpg,1964
1964_face5.jpg,1964
1964_face6.jpg,1964
1964_face7.jpg,1964
1964_face8.jpg,1964
1964_face9.jpg,1964
1964_face10.jpg,1964
1964_face11.jpg,1964
1954_face0.jpg,1954
1941_face0.jpg,1941
1932_face0.jpg,1932
1928_face0.jpg,1928
1913_face0.jpg,1913
1913_face1.jpg,1913
1909_face0.jpg,1909
1909_face1.jpg,1909
1881_face0.jpg,1881
1879_face0.jpg,1879
1879_face1.jpg,1879
1875_face0.jpg,1875
1875_face1.jpg,1875
1875_face2.jpg,1875
1842_face0.jpg,1842
1842_face1.jpg,1842
1827_face0.jpg,1827
1826_face0.jpg,1826
1821_face0.jpg,1821
1812_face0.jpg,1812
1792_face0.jpg,1792
1792_face1.jpg,1792
1792_face2.jpg,1792
1792_face3.jpg,1792
1784_face0.jpg,1784
1782_face0.jpg,1782
1782_face1.jpg,1782
1775_face0.jpg,1775
1760_face0.jpg,1760
1732_face0.jpg,1732
1725_face0.jpg,1725
1722_face0.jpg,1722
1715_face0.jpg,1715
1714_face0.jpg,1714
1695_face0.jpg,1695
1632_face0.jpg,1632
1613_face0.jpg,1613
1613_face1.jpg,1613
1613_face2.jpg,1613
161_face0.jpg,161
1587_face0.jpg,1587
1577_face0.jpg,1577
1577_face1.jpg,1577
1577_face2.jpg,1577
155_face0.jpg,155
150_face0.jpg,150
149_face0.jpg,149
1441_face0.jpg,1441
1441_face1.jpg,1441
1431_face0.jpg,1431
1393_face0.jpg,1393
138_face0.jpg,138
1353_face0.jpg,1353
1353_face1.jpg,1353
1345_face0.jpg,1345
1345_face1.jpg,1345
1345_face2.jpg,1345
1345_face3.jpg,1345
1345_face4.jpg,1345
1345_face5.jpg,1345
1327_face0.jpg,1327
1322_face0.jpg,1322
128_face0.jpg,128
126_face0.jpg,126
1237_face0.jpg,1237
1233_face0.jpg,1233
1231_face0.jpg,1231
123_face0.jpg,123
123_face1.jpg,123
123_face2.jpg,123
1202_face0.jpg,1202
120_face0.jpg,120
1195_face0.jpg,1195
1195_face1.jpg,1195
1195_face2.jpg,1195
1164_face0.jpg,1164
1164_face1.jpg,1164
1148_face0.jpg,1148
1148_face1.jpg,1148
1133_face0.jpg,1133
1124_face0.jpg,1124
1098_face0.jpg,1098
1072_face0.jpg,1072
1072_face1.jpg,1072
1072_face2.jpg,1072
1072_face3.jpg,1072
1072_face4.jpg,1072
1066_face0.jpg,1066
1049_face0.jpg,1049
1046_face0.jpg,1046
1046_face1.jpg,1046
1046_face2.jpg,1046
1046_face3.jpg,1046
1046_face4.jpg,1046
1046_face5.jpg,1046
1046_face6.jpg,1046
1010_face0.jpg,1010
973_face0.jpg,973
973_face1.jpg,973
971_face0.jpg,971
969_face0.jpg,969
969_face1.jpg,969
969_face2.jpg,969
969_face3.jpg,969
969_face4.jpg,969
969_face5.jpg,969
969_face6.jpg,969
969_face7.jpg,969
959_face0.jpg,959
935_face0.jpg,935
932_face0.jpg,932
849_face0.jpg,849
842_face0.jpg,842
842_face1.jpg,842
832_face0.jpg,832
813_face0.jpg,813
794_face0.jpg,794
763_face0.jpg,763
748_face0.jpg,748
732_face0.jpg,732
730_face0.jpg,730
720_face0.jpg,720
719_face0.jpg,719
715_face0.jpg,715
715_face1.jpg,715
715_face2.jpg,715
715_face3.jpg,715
646_face0.jpg,646
646_face1.jpg,646
646_face2.jpg,646
618_face0.jpg,618
606_face0.jpg,606
606_face1.jpg,606
606_face2.jpg,606
580_face0.jpg,580
565_face0.jpg,565
560_face0.jpg,560
560_face1.jpg,560
550_face0.jpg,550
536_face0.jpg,536
499_face0.jpg,499
499_face1.jpg,499
499_face2.jpg,499
396_face0.jpg,396
374_face0.jpg,374
346_face0.jpg,346
346_face1.jpg,346
346_face2.jpg,346
343_face0.jpg,343
340_face0.jpg,340
330_face0.jpg,330
330_face1.jpg,330
330_face2.jpg,330
330_face3.jpg,330
330_face4.jpg,330
33_face0.jpg,33
33_face1.jpg,33
327_face0.jpg,327
318_face0.jpg,318
317_face0.jpg,317
317_face1.jpg,317
317_face2.jpg,317
314_face0.jpg,314
288_face0.jpg,288
282_face0.jpg,282
282_face1.jpg,282
266_face0.jpg,266
1615_face0.jpg,1615
1610_face0.jpg,1610
1592_face0.jpg,1592
1583_face0.jpg,1583
1583_face1.jpg,1583
1566_face0.jpg,1566
1533_face0.jpg,1533
1533_face1.jpg,1533
1519_face0.jpg,1519
1511_face0.jpg,1511
1480_face0.jpg,1480
1431_face0.jpg,1431
1399_face0.jpg,1399
1397_face0.jpg,1397
1397_face1.jpg,1397
1389_face0.jpg,1389
1389_face1.jpg,1389
1368_face0.jpg,1368
1305_face0.jpg,1305
1298_face0.jpg,1298
1270_face0.jpg,1270
1261_face0.jpg,1261
1258_face0.jpg,1258
1252_face0.jpg,1252
1251_face0.jpg,1251
1251_face1.jpg,1251
1251_face2.jpg,1251
1251_face3.jpg,1251
1251_face4.jpg,1251
1235_face0.jpg,1235
1198_face0.jpg,1198
1151_face0.jpg,1151
1066_face0.jpg,1066
1065_face0.jpg,1065
1061_face0.jpg,1061
1050_face0.jpg,1050
1028_face0.jpg,1028
1028_face1.jpg,1028
1028_face2.jpg,1028
1008_face0.jpg,1008
1008_face1.jpg,1008
1008_face2.jpg,1008
1008_face3.jpg,1008
1_face0.jpg,1
985_face0.jpg,985
981_face0.jpg,981
981_face1.jpg,981
976_face0.jpg,976
911_face0.jpg,911
880_face0.jpg,880
809_face0.jpg,809
808_face0.jpg,808
805_face0.jpg,805
790_face0.jpg,790
78_face0.jpg,78
760_face0.jpg,760
759_face0.jpg,759
729_face0.jpg,729
722_face0.jpg,722
708_face0.jpg,708
7_face0.jpg,7
697_face0.jpg,697
683_face0.jpg,683
683_face1.jpg,683
677_face0.jpg,677
676_face0.jpg,676
666_face0.jpg,666
657_face0.jpg,657
657_face1.jpg,657
657_face2.jpg,657
617_face0.jpg,617
617_face1.jpg,617
578_face0.jpg,578
578_face1.jpg,578
540_face0.jpg,540
540_face1.jpg,540
519_face0.jpg,519
519_face1.jpg,519
519_face2.jpg,519
5_face0.jpg,5
491_face0.jpg,491
474_face0.jpg,474
422_face0.jpg,422
420_face0.jpg,420
420_face1.jpg,420
380_face0.jpg,380
380_face1.jpg,380
367_face0.jpg,367
367_face1.jpg,367
332_face0.jpg,332
330_face0.jpg,330
320_face0.jpg,320
318_face0.jpg,318
318_face1.jpg,318
318_face2.jpg,318
318_face3.jpg,318
318_face4.jpg,318
318_face5.jpg,318
318_face6.jpg,318
318_face7.jpg,318
318_face8.jpg,318
304_face0.jpg,304
290_face0.jpg,290
290_face1.jpg,290
290_face2.jpg,290
290_face3.jpg,290
290_face4.jpg,290
275_face0.jpg,275
215_face0.jpg,215
21_face0.jpg,21
21_face1.jpg,21
21_face2.jpg,21
207_face0.jpg,207
2_face0.jpg,2
192_face0.jpg,192
13_face0.jpg,13
129_face0.jpg,129
1246_face0.jpg,1246
1239_face0.jpg,1239
1239_face1.jpg,1239
1235_face0.jpg,1235
1210_face0.jpg,1210
1207_face0.jpg,1207
1185_face0.jpg,1185
1174_face0.jpg,1174
1144_face0.jpg,1144
1144_face1.jpg,1144
1144_face2.jpg,1144
1133_face0.jpg,1133
1118_face0.jpg,1118
1118_face1.jpg,1118
1106_face0.jpg,1106
1100_face0.jpg,1100
1096_face0.jpg,1096
1095_face0.jpg,1095
1092_face0.jpg,1092
1092_face1.jpg,1092
1092_face2.jpg,1092
1092_face3.jpg,1092
1091_face0.jpg,1091
1091_face1.jpg,1091
1091_face2.jpg,1091
1091_face3.jpg,1091
1067_face0.jpg,1067
1063_face0.jpg,1063
992_face0.jpg,992
992_face1.jpg,992
992_face2.jpg,992
980_face0.jpg,980
980_face1.jpg,980
967_face0.jpg,967
967_face1.jpg,967
950_face0.jpg,950
950_face1.jpg,950
950_face2.jpg,950
946_face0.jpg,946
934_face0.jpg,934
929_face0.jpg,929
922_face0.jpg,922
917_face0.jpg,917
886_face0.jpg,886
852_face0.jpg,852
852_face1.jpg,852
852_face2.jpg,852
849_face0.jpg,849
849_face1.jpg,849
842_face0.jpg,842
832_face0.jpg,832
814_face0.jpg,814
795_face0.jpg,795
795_face1.jpg,795
790_face0.jpg,790
776_face0.jpg,776
761_face0.jpg,761
759_face0.jpg,759
742_face0.jpg,742
737_face0.jpg,737
722_face0.jpg,722
705_face0.jpg,705
699_face0.jpg,699
690_face0.jpg,690
674_face0.jpg,674
668_face0.jpg,668
668_face1.jpg,668
668_face2.jpg,668
668_face3.jpg,668
660_face0.jpg,660
660_face1.jpg,660
660_face2.jpg,660
660_face3.jpg,660
65_face0.jpg,65
642_face0.jpg,642
637_face0.jpg,637
634_face0.jpg,634
620_face0.jpg,620
620_face1.jpg,620
620_face2.jpg,620
62_face0.jpg,62
594_face0.jpg,594
590_face0.jpg,590
576_face0.jpg,576
527_face0.jpg,527
527_face1.jpg,527
527_face2.jpg,527
527_face3.jpg,527
527_face4.jpg,527
489_face0.jpg,489
485_face0.jpg,485
479_face0.jpg,479
477_face0.jpg,477
475_face0.jpg,475
471_face0.jpg,471
470_face0.jpg,470
466_face0.jpg,466
466_face1.jpg,466
466_face2.jpg,466
457_face0.jpg,457
437_face0.jpg,437
435_face0.jpg,435
399_face0.jpg,399
372_face0.jpg,372
371_face0.jpg,371
370_face0.jpg,370
370_face1.jpg,370
366_face0.jpg,366
358_face0.jpg,358
342_face0.jpg,342
340_face0.jpg,340
333_face0.jpg,333
323_face0.jpg,323
321_face0.jpg,321
313_face0.jpg,313
310_face0.jpg,310
301_face0.jpg,301
298_face0.jpg,298
297_face0.jpg,297
274_face0.jpg,274
251_face0.jpg,251
168_face0.jpg,168
156_face0.jpg,156
155_face0.jpg,155
148_face0.jpg,148
145_face0.jpg,145
1341_face0.jpg,1341
1341_face1.jpg,1341
1334_face0.jpg,1334
1319_face0.jpg,1319
1300_face0.jpg,1300
1299_face0.jpg,1299
1297_face0.jpg,1297
1297_face1.jpg,1297
1297_face2.jpg,1297
1297_face3.jpg,1297
1290_face0.jpg,1290
1282_face0.jpg,1282
1281_face0.jpg,1281
1218_face0.jpg,1218
1212_face0.jpg,1212
1168_face0.jpg,1168
1164_face0.jpg,1164
1161_face0.jpg,1161
1149_face0.jpg,1149
1144_face0.jpg,1144
1142_face0.jpg,1142
1141_face0.jpg,1141
1141_face1.jpg,1141
1137_face0.jpg,1137
1124_face0.jpg,1124
1118_face0.jpg,1118
1088_face0.jpg,1088
1055_face0.jpg,1055
960_face0.jpg,960
960_face1.jpg,960
950_face0.jpg,950
937_face0.jpg,937
937_face1.jpg,937
937_face2.jpg,937
919_face0.jpg,919
919_face1.jpg,919
919_face2.jpg,919
917_face0.jpg,917
917_face1.jpg,917
910_face0.jpg,910
905_face0.jpg,905
905_face1.jpg,905
891_face0.jpg,891
854_face0.jpg,854
854_face1.jpg,854
854_face2.jpg,854
85_face0.jpg,85
85_face1.jpg,85
842_face0.jpg,842
842_face1.jpg,842
840_face0.jpg,840
840_face1.jpg,840
840_face2.jpg,840
811_face0.jpg,811
810_face0.jpg,810
757_face0.jpg,757
749_face0.jpg,749
739_face0.jpg,739
737_face0.jpg,737
731_face0.jpg,731
726_face0.jpg,726
726_face1.jpg,726
726_face2.jpg,726
721_face0.jpg,721
721_face1.jpg,721
720_face0.jpg,720
713_face0.jpg,713
713_face1.jpg,713
673_face0.jpg,673
668_face0.jpg,668
668_face1.jpg,668
667_face0.jpg,667
648_face0.jpg,648
648_face1.jpg,648
647_face0.jpg,647
645_face0.jpg,645
638_face0.jpg,638
597_face0.jpg,597
593_face0.jpg,593
570_face0.jpg,570
554_face0.jpg,554
548_face0.jpg,548
548_face1.jpg,548
548_face2.jpg,548
536_face0.jpg,536
536_face1.jpg,536
536_face2.jpg,536
519_face0.jpg,519
516_face0.jpg,516
516_face1.jpg,516
516_face2.jpg,516
498_face0.jpg,498
498_face1.jpg,498
487_face0.jpg,487
487_face1.jpg,487
477_face0.jpg,477
473_face0.jpg,473
465_face0.jpg,465
465_face1.jpg,465
465_face2.jpg,465
465_face3.jpg,465
463_face0.jpg,463
463_face1.jpg,463
399_face0.jpg,399
394_face0.jpg,394
391_face0.jpg,391
373_face0.jpg,373
373_face1.jpg,373
252_face0.jpg,252
252_face1.jpg,252
22_face0.jpg,22
2_face0.jpg,2
149_face0.jpg,149
149_face1.jpg,149
149_face2.jpg,149
137_face0.jpg,137
1354_face0.jpg,1354
1321_face0.jpg,1321
132_face0.jpg,132
1307_face0.jpg,1307
1295_face0.jpg,1295
1294_face0.jpg,1294
1291_face0.jpg,1291
129_face0.jpg,129
1286_face0.jpg,1286
1286_face1.jpg,1286
1277_face0.jpg,1277
1266_face0.jpg,1266
1259_face0.jpg,1259
124_face0.jpg,124
1128_face0.jpg,1128
1128_face1.jpg,1128
1126_face0.jpg,1126
1124_face0.jpg,1124
1009_face0.jpg,1009
1009_face1.jpg,1009
997_face0.jpg,997
96_face0.jpg,96
96_face1.jpg,96
953_face0.jpg,953
949_face0.jpg,949
924_face0.jpg,924
924_face1.jpg,924
924_face2.jpg,924
92_face0.jpg,92
92_face1.jpg,92
893_face0.jpg,893
893_face1.jpg,893
893_face2.jpg,893
893_face3.jpg,893
893_face4.jpg,893
881_face0.jpg,881
877_face0.jpg,877
860_face0.jpg,860
720_face0.jpg,720
690_face0.jpg,690
639_face0.jpg,639
62_face0.jpg,62
62_face1.jpg,62
613_face0.jpg,613
613_face1.jpg,613
521_face0.jpg,521
521_face1.jpg,521
521_face2.jpg,521
513_face0.jpg,513
513_face1.jpg,513
513_face2.jpg,513
507_face0.jpg,507
500_face0.jpg,500
45_face0.jpg,45
45_face1.jpg,45
424_face0.jpg,424
424_face1.jpg,424
421_face0.jpg,421
421_face1.jpg,421
316_face0.jpg,316
316_face1.jpg,316
316_face2.jpg,316
282_face0.jpg,282
273_face0.jpg,273
24_face0.jpg,24
24_face1.jpg,24
24_face2.jpg,24
18_face0.jpg,18
1186_face0.jpg,1186
100_face0.jpg,100
100_face1.jpg,100
998_face0.jpg,998
996_face0.jpg,996
995_face0.jpg,995
990_face0.jpg,990
942_face0.jpg,942
933_face0.jpg,933
933_face1.jpg,933
932_face0.jpg,932
932_face1.jpg,932
921_face0.jpg,921
921_face1.jpg,921
909_face0.jpg,909
903_face0.jpg,903
890_face0.jpg,890
889_face0.jpg,889
834_face0.jpg,834
825_face0.jpg,825
816_face0.jpg,816
815_face0.jpg,815
793_face0.jpg,793
792_face0.jpg,792
792_face1.jpg,792
781_face0.jpg,781
781_face1.jpg,781
775_face0.jpg,775
742_face0.jpg,742
741_face0.jpg,741
712_face0.jpg,712
685_face0.jpg,685
684_face0.jpg,684
684_face1.jpg,684
681_face0.jpg,681
678_face0.jpg,678
678_face1.jpg,678
663_face0.jpg,663
658_face0.jpg,658
657_face0.jpg,657
591_face0.jpg,591
50_face0.jpg,50
50_face1.jpg,50
5_face0.jpg,5
448_face0.jpg,448
404_face0.jpg,404
404_face1.jpg,404
404_face2.jpg,404
404_face3.jpg,404
404_face4.jpg,404
404_face5.jpg,404
362_face0.jpg,362
362_face1.jpg,362
357_face0.jpg,357
357_face1.jpg,357
357_face2.jpg,357
321_face0.jpg,321
320_face0.jpg,320
320_face1.jpg,320
320_face2.jpg,320
320_face3.jpg,320
316_face0.jpg,316
316_face1.jpg,316
316_face2.jpg,316
164_face0.jpg,164
164_face1.jpg,164
1523_face0.jpg,1523
1523_face1.jpg,1523
152_face0.jpg,152
152_face1.jpg,152
1512_face0.jpg,1512
1512_face1.jpg,1512
1469_face0.jpg,1469
1457_face0.jpg,1457
1452_face0.jpg,1452
1452_face1.jpg,1452
1404_face0.jpg,1404
1403_face0.jpg,1403
1402_face0.jpg,1402
1401_face0.jpg,1401
1401_face1.jpg,1401
1401_face2.jpg,1401
1401_face3.jpg,1401
1384_face0.jpg,1384
1373_face0.jpg,1373
1373_face1.jpg,1373
1373_face2.jpg,1373
1373_face3.jpg,1373
1373_face4.jpg,1373
1373_face5.jpg,1373
1373_face6.jpg,1373
1367_face0.jpg,1367
1366_face0.jpg,1366
1359_face0.jpg,1359
1354_face0.jpg,1354
1354_face1.jpg,1354
1354_face2.jpg,1354
1323_face0.jpg,1323
1323_face1.jpg,1323
1323_face2.jpg,1323
1323_face3.jpg,1323
1297_face0.jpg,1297
1295_face0.jpg,1295
1279_face0.jpg,1279
1279_face1.jpg,1279
1265_face0.jpg,1265
1265_face1.jpg,1265
1253_face0.jpg,1253
1229_face0.jpg,1229
1215_face0.jpg,1215
1204_face0.jpg,1204
1204_face1.jpg,1204
1201_face0.jpg,1201
1201_face1.jpg,1201
1201_face2.jpg,1201
1147_face0.jpg,1147
1142_face0.jpg,1142
1142_face1.jpg,1142
1141_face0.jpg,1141
1141_face1.jpg,1141
1141_face2.jpg,1141
1140_face0.jpg,1140
1140_face1.jpg,1140
1132_face0.jpg,1132
1128_face0.jpg,1128
1123_face0.jpg,1123
1117_face0.jpg,1117
1117_face1.jpg,1117
1117_face2.jpg,1117
1117_face3.jpg,1117
1110_face0.jpg,1110
1110_face1.jpg,1110
1110_face2.jpg,1110
1110_face3.jpg,1110
1098_face0.jpg,1098
1098_face1.jpg,1098
1087_face0.jpg,1087
1080_face0.jpg,1080
1080_face1.jpg,1080
1057_face0.jpg,1057
1053_face0.jpg,1053
1051_face0.jpg,1051
1050_face0.jpg,1050
1046_face0.jpg,1046
1018_face0.jpg,1018
1010_face0.jpg,1010
1009_face0.jpg,1009
1005_face0.jpg,1005
1005_face1.jpg,1005
1001_face0.jpg,1001
1001_face1.jpg,1001
1001_face2.jpg,1001
1001_face3.jpg,1001
1000_face0.jpg,1000
999_face0.jpg,999
999_face1.jpg,999
995_face0.jpg,995
975_face0.jpg,975
966_face0.jpg,966
950_face0.jpg,950
941_face0.jpg,941
938_face0.jpg,938
938_face1.jpg,938
884_face0.jpg,884
884_face1.jpg,884
854_face0.jpg,854
854_face1.jpg,854
848_face0.jpg,848
848_face1.jpg,848
838_face0.jpg,838
838_face1.jpg,838
838_face2.jpg,838
809_face0.jpg,809
809_face1.jpg,809
808_face0.jpg,808
808_face1.jpg,808
808_face2.jpg,808
789_face0.jpg,789
744_face0.jpg,744
721_face0.jpg,721
721_face1.jpg,721
688_face0.jpg,688
68_face0.jpg,68
674_face0.jpg,674
672_face0.jpg,672
672_face1.jpg,672
672_face2.jpg,672
672_face3.jpg,672
671_face0.jpg,671
671_face1.jpg,671
671_face2.jpg,671
671_face3.jpg,671
671_face4.jpg,671
67_face0.jpg,67
640_face0.jpg,640
637_face0.jpg,637
631_face0.jpg,631
629_face0.jpg,629
618_face0.jpg,618
591_face0.jpg,591
591_face1.jpg,591
591_face2.jpg,591
591_face3.jpg,591
581_face0.jpg,581
581_face1.jpg,581
581_face2.jpg,581
581_face3.jpg,581
56_face0.jpg,56
522_face0.jpg,522
494_face0.jpg,494
494_face1.jpg,494
47_face0.jpg,47
47_face1.jpg,47
407_face0.jpg,407
407_face1.jpg,407
405_face0.jpg,405
405_face1.jpg,405
405_face2.jpg,405
403_face0.jpg,403
403_face1.jpg,403
383_face0.jpg,383
383_face1.jpg,383
379_face0.jpg,379
377_face0.jpg,377
377_face1.jpg,377
377_face2.jpg,377
377_face3.jpg,377
360_face0.jpg,360
36_face0.jpg,36
340_face0.jpg,340
322_face0.jpg,322
322_face1.jpg,322
322_face2.jpg,322
322_face3.jpg,322
322_face4.jpg,322
288_face0.jpg,288
288_face1.jpg,288
288_face2.jpg,288
270_face0.jpg,270
270_face1.jpg,270
270_face2.jpg,270
258_face0.jpg,258
227_face0.jpg,227
227_face1.jpg,227
227_face2.jpg,227
225_face0.jpg,225
225_face1.jpg,225
220_face0.jpg,220
213_face0.jpg,213
206_face0.jpg,206
205_face0.jpg,205
205_face1.jpg,205
178_face0.jpg,178
171_face0.jpg,171
16_face0.jpg,16
1521_face0.jpg,1521
1514_face0.jpg,1514
1514_face1.jpg,1514
1514_face2.jpg,1514
1514_face3.jpg,1514
1495_face0.jpg,1495
1476_face0.jpg,1476
1460_face0.jpg,1460
1435_face0.jpg,1435
1435_face1.jpg,1435
14_face0.jpg,14
1394_face0.jpg,1394
1347_face0.jpg,1347
1346_face0.jpg,1346
1337_face0.jpg,1337
1328_face0.jpg,1328
1255_face0.jpg,1255
1255_face1.jpg,1255
1255_face2.jpg,1255
1255_face3.jpg,1255
1230_face0.jpg,1230
1218_face0.jpg,1218
1216_face0.jpg,1216
1212_face0.jpg,1212
1148_face0.jpg,1148
1144_face0.jpg,1144
1140_face0.jpg,1140
1135_face0.jpg,1135
1135_face1.jpg,1135
1132_face0.jpg,1132
1128_face0.jpg,1128
1119_face0.jpg,1119
1119_face1.jpg,1119
1119_face2.jpg,1119
1106_face0.jpg,1106
1106_face1.jpg,1106
1102_face0.jpg,1102
1087_face0.jpg,1087
1071_face0.jpg,1071
1069_face0.jpg,1069
1027_face0.jpg,1027
1014_face0.jpg,1014
1014_face1.jpg,1014
1003_face0.jpg,1003
1001_face0.jpg,1001
916_face0.jpg,916
916_face1.jpg,916
9_face0.jpg,9
855_face0.jpg,855
852_face0.jpg,852
852_face1.jpg,852
852_face2.jpg,852
852_face3.jpg,852
852_face4.jpg,852
852_face5.jpg,852
852_face6.jpg,852
839_face0.jpg,839
839_face1.jpg,839
839_face2.jpg,839
837_face0.jpg,837
837_face1.jpg,837
823_face0.jpg,823
817_face0.jpg,817
814_face0.jpg,814
786_face0.jpg,786
719_face0.jpg,719
714_face0.jpg,714
714_face1.jpg,714
705_face0.jpg,705
664_face0.jpg,664
660_face0.jpg,660
660_face1.jpg,660
660_face2.jpg,660
646_face0.jpg,646
646_face1.jpg,646
646_face2.jpg,646
64_face0.jpg,64
64_face1.jpg,64
64_face2.jpg,64
637_face0.jpg,637
637_face1.jpg,637
633_face0.jpg,633
633_face1.jpg,633
632_face0.jpg,632
632_face1.jpg,632
632_face2.jpg,632
621_face0.jpg,621
621_face1.jpg,621
506_face0.jpg,506
497_face0.jpg,497
497_face1.jpg,497
489_face0.jpg,489
488_face0.jpg,488
445_face0.jpg,445
438_face0.jpg,438
438_face1.jpg,438
426_face0.jpg,426
413_face0.jpg,413
413_face1.jpg,413
372_face0.jpg,372
343_face0.jpg,343
343_face1.jpg,343
342_face0.jpg,342
287_face0.jpg,287
286_face0.jpg,286
241_face0.jpg,241
241_face1.jpg,241
226_face0.jpg,226
190_face0.jpg,190
183_face0.jpg,183
183_face1.jpg,183
182_face0.jpg,182
182_face1.jpg,182
182_face2.jpg,182
153_face0.jpg,153
153_face1.jpg,153
1299_face0.jpg,1299
1295_face0.jpg,1295
1295_face1.jpg,1295
1295_face2.jpg,1295
1293_face0.jpg,1293
1244_face0.jpg,1244
1240_face0.jpg,1240
1232_face0.jpg,1232
1221_face0.jpg,1221
1210_face0.jpg,1210
1210_face1.jpg,1210
1183_face0.jpg,1183
1158_face0.jpg,1158
1147_face0.jpg,1147
1147_face1.jpg,1147
1147_face2.jpg,1147
1147_face3.jpg,1147
1147_face4.jpg,1147
1147_face5.jpg,1147
1117_face0.jpg,1117
1094_face0.jpg,1094
1091_face0.jpg,1091
1091_face1.jpg,1091
106_face0.jpg,106
106_face1.jpg,106
1056_face0.jpg,1056
1056_face1.jpg,1056
1056_face2.jpg,1056
1056_face3.jpg,1056
1054_face0.jpg,1054
1016_face0.jpg,1016
1012_face0.jpg,1012
984_face0.jpg,984
982_face0.jpg,982
953_face0.jpg,953
922_face0.jpg,922
920_face0.jpg,920
917_face0.jpg,917
917_face1.jpg,917
900_face0.jpg,900
877_face0.jpg,877
877_face1.jpg,877
867_face0.jpg,867
858_face0.jpg,858
858_face1.jpg,858
858_face2.jpg,858
858_face3.jpg,858
835_face0.jpg,835
832_face0.jpg,832
832_face1.jpg,832
832_face2.jpg,832
822_face0.jpg,822
803_face0.jpg,803
801_face0.jpg,801
801_face1.jpg,801
8_face0.jpg,8
788_face0.jpg,788
768_face0.jpg,768
768_face1.jpg,768
768_face2.jpg,768
764_face0.jpg,764
756_face0.jpg,756
741_face0.jpg,741
739_face0.jpg,739
737_face0.jpg,737
732_face0.jpg,732
731_face0.jpg,731
731_face1.jpg,731
725_face0.jpg,725
714_face0.jpg,714
714_face1.jpg,714
713_face0.jpg,713
704_face0.jpg,704
7_face0.jpg,7
7_face1.jpg,7
7_face2.jpg,7
698_face0.jpg,698
698_face1.jpg,698
695_face0.jpg,695
689_face0.jpg,689
689_face1.jpg,689
688_face0.jpg,688
688_face1.jpg,688
686_face0.jpg,686
683_face0.jpg,683
654_face0.jpg,654
654_face1.jpg,654
654_face2.jpg,654
643_face0.jpg,643
636_face0.jpg,636
597_face0.jpg,597
597_face1.jpg,597
571_face0.jpg,571
571_face1.jpg,571
562_face0.jpg,562
538_face0.jpg,538
509_face0.jpg,509
436_face0.jpg,436
436_face1.jpg,436
433_face0.jpg,433
410_face0.jpg,410
393_face0.jpg,393
389_face0.jpg,389
389_face1.jpg,389
389_face2.jpg,389
389_face3.jpg,389
386_face0.jpg,386
383_face0.jpg,383
383_face1.jpg,383
383_face2.jpg,383
372_face0.jpg,372
264_face0.jpg,264
264_face1.jpg,264
217_face0.jpg,217
157_face0.jpg,157
155_face0.jpg,155
152_face0.jpg,152
148_face0.jpg,148
1236_face0.jpg,1236
1236_face1.jpg,1236
1236_face2.jpg,1236
1232_face0.jpg,1232
1217_face0.jpg,1217
1210_face0.jpg,1210
1210_face1.jpg,1210
1203_face0.jpg,1203
1200_face0.jpg,1200
1192_face0.jpg,1192
1192_face1.jpg,1192
1192_face2.jpg,1192
1191_face0.jpg,1191
1181_face0.jpg,1181
1181_face1.jpg,1181
118_face0.jpg,118
1152_face0.jpg,1152
1139_face0.jpg,1139
1121_face0.jpg,1121
1116_face0.jpg,1116
1046_face0.jpg,1046
1046_face1.jpg,1046
1018_face0.jpg,1018
981_face0.jpg,981
981_face1.jpg,981
973_face0.jpg,973
973_face1.jpg,973
973_face2.jpg,973
973_face3.jpg,973
973_face4.jpg,973
957_face0.jpg,957
954_face0.jpg,954
954_face1.jpg,954
954_face2.jpg,954
954_face3.jpg,954
954_face4.jpg,954
954_face5.jpg,954
927_face0.jpg,927
915_face0.jpg,915
903_face0.jpg,903
901_face0.jpg,901
891_face0.jpg,891
888_face0.jpg,888
887_face0.jpg,887
874_face0.jpg,874
874_face1.jpg,874
853_face0.jpg,853
853_face1.jpg,853
821_face0.jpg,821
817_face0.jpg,817
816_face0.jpg,816
807_face0.jpg,807
807_face1.jpg,807
800_face0.jpg,800
800_face1.jpg,800
748_face0.jpg,748
748_face1.jpg,748
718_face0.jpg,718
718_face1.jpg,718
718_face2.jpg,718
711_face0.jpg,711
71_face0.jpg,71
691_face0.jpg,691
684_face0.jpg,684
684_face1.jpg,684
684_face2.jpg,684
653_face0.jpg,653
650_face0.jpg,650
649_face0.jpg,649
648_face0.jpg,648
647_face0.jpg,647
646_face0.jpg,646
635_face0.jpg,635
633_face0.jpg,633
632_face0.jpg,632
599_face0.jpg,599
592_face0.jpg,592
592_face1.jpg,592
585_face0.jpg,585
584_face0.jpg,584
584_face1.jpg,584
584_face2.jpg,584
582_face0.jpg,582
577_face0.jpg,577
575_face0.jpg,575
574_face0.jpg,574
570_face0.jpg,570
570_face1.jpg,570
570_face2.jpg,570
570_face3.jpg,570
57_face0.jpg,57
566_face0.jpg,566
559_face0.jpg,559
549_face0.jpg,549
537_face0.jpg,537
537_face1.jpg,537
527_face0.jpg,527
527_face1.jpg,527
524_face0.jpg,524
520_face0.jpg,520
520_face1.jpg,520
520_face2.jpg,520
518_face0.jpg,518
518_face1.jpg,518
499_face0.jpg,499
477_face0.jpg,477
467_face0.jpg,467
467_face1.jpg,467
431_face0.jpg,431
429_face0.jpg,429
418_face0.jpg,418
418_face1.jpg,418
399_face0.jpg,399
399_face1.jpg,399
394_face0.jpg,394
394_face1.jpg,394
394_face2.jpg,394
383_face0.jpg,383
383_face1.jpg,383
368_face0.jpg,368
34_face0.jpg,34
327_face0.jpg,327
327_face1.jpg,327
300_face0.jpg,300
300_face1.jpg,300
28_face0.jpg,28
28_face1.jpg,28
267_face0.jpg,267
264_face0.jpg,264
26_face0.jpg,26
222_face0.jpg,222
222_face1.jpg,222
222_face2.jpg,222
135_face0.jpg,135
1189_face0.jpg,1189
1189_face1.jpg,1189
1177_face0.jpg,1177
1177_face1.jpg,1177
1167_face0.jpg,1167
1107_face0.jpg,1107
1106_face0.jpg,1106
1092_face0.jpg,1092
1090_face0.jpg,1090
1089_face0.jpg,1089
1085_face0.jpg,1085
1073_face0.jpg,1073
1073_face1.jpg,1073
1073_face2.jpg,1073
1070_face0.jpg,1070
1040_face0.jpg,1040
961_face0.jpg,961
961_face1.jpg,961
947_face0.jpg,947
947_face1.jpg,947
946_face0.jpg,946
91_face0.jpg,91
909_face0.jpg,909
897_face0.jpg,897
897_face1.jpg,897
894_face0.jpg,894
876_face0.jpg,876
842_face0.jpg,842
838_face0.jpg,838
836_face0.jpg,836
834_face0.jpg,834
817_face0.jpg,817
8_face0.jpg,8
794_face0.jpg,794
762_face0.jpg,762
614_face0.jpg,614
614_face1.jpg,614
614_face2.jpg,614
614_face3.jpg,614
596_face0.jpg,596
596_face1.jpg,596
588_face0.jpg,588
522_face0.jpg,522
522_face1.jpg,522
496_face0.jpg,496
496_face1.jpg,496
496_face2.jpg,496
496_face3.jpg,496
487_face0.jpg,487
487_face1.jpg,487
487_face2.jpg,487
487_face3.jpg,487
487_face4.jpg,487
451_face0.jpg,451
446_face0.jpg,446
426_face0.jpg,426
422_face0.jpg,422
39_face0.jpg,39
39_face1.jpg,39
39_face2.jpg,39
39_face3.jpg,39
39_face4.jpg,39
359_face0.jpg,359
350_face0.jpg,350
350_face1.jpg,350
350_face2.jpg,350
347_face0.jpg,347
347_face1.jpg,347
347_face2.jpg,347
347_face3.jpg,347
328_face0.jpg,328
328_face1.jpg,328
302_face0.jpg,302
279_face0.jpg,279
269_face0.jpg,269
257_face0.jpg,257
245_face0.jpg,245
245_face1.jpg,245
245_face2.jpg,245
245_face3.jpg,245
243_face0.jpg,243
206_face0.jpg,206
205_face0.jpg,205
164_face0.jpg,164
163_face0.jpg,163
157_face0.jpg,157
157_face1.jpg,157
153_face0.jpg,153
153_face1.jpg,153
151_face0.jpg,151
144_face0.jpg,144
136_face0.jpg,136
1282_face0.jpg,1282
1282_face1.jpg,1282
1278_face0.jpg,1278
1278_face1.jpg,1278
1248_face0.jpg,1248
1248_face1.jpg,1248
121_face0.jpg,121
120_face0.jpg,120
1174_face0.jpg,1174
1162_face0.jpg,1162
1161_face0.jpg,1161
116_face0.jpg,116
116_face1.jpg,116
116_face2.jpg,116
1143_face0.jpg,1143
1129_face0.jpg,1129
1098_face0.jpg,1098
1078_face0.jpg,1078
106_face0.jpg,106
1040_face0.jpg,1040
1040_face1.jpg,1040
1040_face2.jpg,1040
102_face0.jpg,102
100_face0.jpg,100
986_face0.jpg,986
986_face1.jpg,986
986_face2.jpg,986
947_face0.jpg,947
947_face1.jpg,947
860_face0.jpg,860
857_face0.jpg,857
853_face0.jpg,853
853_face1.jpg,853
825_face0.jpg,825
824_face0.jpg,824
824_face1.jpg,824
824_face2.jpg,824
824_face3.jpg,824
824_face4.jpg,824
704_face0.jpg,704
620_face0.jpg,620
620_face1.jpg,620
531_face0.jpg,531
531_face1.jpg,531
531_face2.jpg,531
531_face3.jpg,531
458_face0.jpg,458
450_face0.jpg,450
450_face1.jpg,450
361_face0.jpg,361
34_face0.jpg,34
34_face1.jpg,34
34_face2.jpg,34
34_face3.jpg,34
34_face4.jpg,34
25_face0.jpg,25
227_face0.jpg,227
227_face1.jpg,227
227_face2.jpg,227
197_face0.jpg,197
197_face1.jpg,197
197_face2.jpg,197
1152_face0.jpg,1152
1136_face0.jpg,1136
1133_face0.jpg,1133
1125_face0.jpg,1125
1121_face0.jpg,1121
111_face0.jpg,111
111_face1.jpg,111
111_face2.jpg,111
111_face3.jpg,111
111_face4.jpg,111
111_face5.jpg,111
111_face6.jpg,111
1109_face0.jpg,1109
1102_face0.jpg,1102
1088_face0.jpg,1088
1082_face0.jpg,1082
1082_face1.jpg,1082
1082_face2.jpg,1082
1082_face3.jpg,1082
1082_face4.jpg,1082
1082_face5.jpg,1082
1043_face0.jpg,1043
1043_face1.jpg,1043
1019_face0.jpg,1019
986_face0.jpg,986
986_face1.jpg,986
967_face0.jpg,967
964_face0.jpg,964
930_face0.jpg,930
913_face0.jpg,913
913_face1.jpg,913
910_face0.jpg,910
910_face1.jpg,910
90_face0.jpg,90
90_face1.jpg,90
886_face0.jpg,886
886_face1.jpg,886
886_face2.jpg,886
886_face3.jpg,886
854_face0.jpg,854
854_face1.jpg,854
853_face0.jpg,853
853_face1.jpg,853
852_face0.jpg,852
849_face0.jpg,849
844_face0.jpg,844
827_face0.jpg,827
827_face1.jpg,827
827_face2.jpg,827
827_face3.jpg,827
827_face4.jpg,827
827_face5.jpg,827
814_face0.jpg,814
814_face1.jpg,814
807_face0.jpg,807
807_face1.jpg,807
807_face2.jpg,807
807_face3.jpg,807
804_face0.jpg,804
802_face0.jpg,802
801_face0.jpg,801
801_face1.jpg,801
794_face0.jpg,794
794_face1.jpg,794
750_face0.jpg,750
750_face1.jpg,750
747_face0.jpg,747
747_face1.jpg,747
737_face0.jpg,737
737_face1.jpg,737
732_face0.jpg,732
729_face0.jpg,729
729_face1.jpg,729
72_face0.jpg,72
703_face0.jpg,703
701_face0.jpg,701
694_face0.jpg,694
682_face0.jpg,682
680_face0.jpg,680
680_face1.jpg,680
611_face0.jpg,611
61_face0.jpg,61
598_face0.jpg,598
598_face1.jpg,598
57_face0.jpg,57
54_face0.jpg,54
535_face0.jpg,535
501_face0.jpg,501
495_face0.jpg,495
482_face0.jpg,482
473_face0.jpg,473
470_face0.jpg,470
466_face0.jpg,466
460_face0.jpg,460
454_face0.jpg,454
45_face0.jpg,45
45_face1.jpg,45
448_face0.jpg,448
445_face0.jpg,445
443_face0.jpg,443
438_face0.jpg,438
434_face0.jpg,434
42_face0.jpg,42
42_face1.jpg,42
411_face0.jpg,411
41_face0.jpg,41
39_face0.jpg,39
39_face1.jpg,39
36_face0.jpg,36
35_face0.jpg,35
32_face0.jpg,32
32_face1.jpg,32
314_face0.jpg,314
311_face0.jpg,311
300_face0.jpg,300
300_face1.jpg,300
300_face2.jpg,300
218_face0.jpg,218
209_face0.jpg,209
160_face0.jpg,160
160_face1.jpg,160
158_face0.jpg,158
158_face1.jpg,158
1235_face0.jpg,1235
1219_face0.jpg,1219
1196_face0.jpg,1196
1170_face0.jpg,1170
1170_face1.jpg,1170
1170_face2.jpg,1170
1170_face3.jpg,1170
1170_face4.jpg,1170
1170_face5.jpg,1170
1153_face0.jpg,1153
1146_face0.jpg,1146
1119_face0.jpg,1119
1118_face0.jpg,1118
1117_face0.jpg,1117
1116_face0.jpg,1116
1091_face0.jpg,1091
1067_face0.jpg,1067
1067_face1.jpg,1067
1062_face0.jpg,1062
1059_face0.jpg,1059
1055_face0.jpg,1055
1021_face0.jpg,1021
1021_face1.jpg,1021
1013_face0.jpg,1013
1013_face1.jpg,1013
1012_face0.jpg,1012
1_face0.jpg,1
957_face0.jpg,957
947_face0.jpg,947
947_face1.jpg,947
947_face2.jpg,947
941_face0.jpg,941
934_face0.jpg,934
915_face0.jpg,915
896_face0.jpg,896
890_face0.jpg,890
87_face0.jpg,87
85_face0.jpg,85
85_face1.jpg,85
831_face0.jpg,831
812_face0.jpg,812
808_face0.jpg,808
807_face0.jpg,807
785_face0.jpg,785
77_face0.jpg,77
762_face0.jpg,762
754_face0.jpg,754
754_face1.jpg,754
754_face2.jpg,754
754_face3.jpg,754
744_face0.jpg,744
744_face1.jpg,744
744_face2.jpg,744
744_face3.jpg,744
679_face0.jpg,679
632_face0.jpg,632
624_face0.jpg,624
617_face0.jpg,617
606_face0.jpg,606
559_face0.jpg,559
518_face0.jpg,518
518_face1.jpg,518
505_face0.jpg,505
48_face0.jpg,48
48_face1.jpg,48
457_face0.jpg,457
457_face1.jpg,457
457_face2.jpg,457
438_face0.jpg,438
417_face0.jpg,417
410_face0.jpg,410
41_face0.jpg,41
387_face0.jpg,387
381_face0.jpg,381
380_face0.jpg,380
373_face0.jpg,373
358_face0.jpg,358
356_face0.jpg,356
323_face0.jpg,323
309_face0.jpg,309
305_face0.jpg,305
300_face0.jpg,300
295_face0.jpg,295
292_face0.jpg,292
290_face0.jpg,290
289_face0.jpg,289
283_face0.jpg,283
268_face0.jpg,268
229_face0.jpg,229
221_face0.jpg,221
212_face0.jpg,212
207_face0.jpg,207
206_face0.jpg,206
200_face0.jpg,200
197_face0.jpg,197
196_face0.jpg,196
194_face0.jpg,194
193_face0.jpg,193
192_face0.jpg,192
177_face0.jpg,177
165_face0.jpg,165
159_face0.jpg,159
154_face0.jpg,154
1228_face0.jpg,1228
1227_face0.jpg,1227
1165_face0.jpg,1165
1163_face0.jpg,1163
1098_face0.jpg,1098
1098_face1.jpg,1098
1078_face0.jpg,1078
1034_face0.jpg,1034
994_face0.jpg,994
994_face1.jpg,994
994_face2.jpg,994
93_face0.jpg,93
93_face1.jpg,93
83_face0.jpg,83
83_face1.jpg,83
770_face0.jpg,770
740_face0.jpg,740
740_face1.jpg,740
691_face0.jpg,691
684_face0.jpg,684
671_face0.jpg,671
670_face0.jpg,670
659_face0.jpg,659
631_face0.jpg,631
627_face0.jpg,627
615_face0.jpg,615
590_face0.jpg,590
575_face0.jpg,575
575_face1.jpg,575
568_face0.jpg,568
568_face1.jpg,568
558_face0.jpg,558
503_face0.jpg,503
453_face0.jpg,453
420_face0.jpg,420
41_face0.jpg,41
397_face0.jpg,397
395_face0.jpg,395
354_face0.jpg,354
349_face0.jpg,349
347_face0.jpg,347
221_face0.jpg,221
218_face0.jpg,218
136_face0.jpg,136
136_face1.jpg,136
136_face2.jpg,136
136_face3.jpg,136
136_face4.jpg,136
136_face5.jpg,136
1301_face0.jpg,1301
1301_face1.jpg,1301
1301_face2.jpg,1301
13_face0.jpg,13
1298_face0.jpg,1298
1298_face1.jpg,1298
1298_face2.jpg,1298
1298_face3.jpg,1298
1253_face0.jpg,1253
1252_face0.jpg,1252
1231_face0.jpg,1231
1230_face0.jpg,1230
1224_face0.jpg,1224
1224_face1.jpg,1224
1223_face0.jpg,1223
1219_face0.jpg,1219
1217_face0.jpg,1217
12_face0.jpg,12
12_face1.jpg,12
1191_face0.jpg,1191
1187_face0.jpg,1187
1163_face0.jpg,1163
115_face0.jpg,115
115_face1.jpg,115
115_face2.jpg,115
115_face3.jpg,115
115_face4.jpg,115
1141_face0.jpg,1141
1141_face1.jpg,1141
1141_face2.jpg,1141
1141_face3.jpg,1141
114_face0.jpg,114
114_face1.jpg,114
1138_face0.jpg,1138
1137_face0.jpg,1137
1130_face0.jpg,1130
1127_face0.jpg,1127
1121_face0.jpg,1121
1110_face0.jpg,1110
1102_face0.jpg,1102
1102_face1.jpg,1102
1102_face2.jpg,1102
1102_face3.jpg,1102
1098_face0.jpg,1098
1074_face0.jpg,1074
1074_face1.jpg,1074
1070_face0.jpg,1070
968_face0.jpg,968
963_face0.jpg,963
962_face0.jpg,962
891_face0.jpg,891
891_face1.jpg,891
890_face0.jpg,890
890_face1.jpg,890
880_face0.jpg,880
871_face0.jpg,871
856_face0.jpg,856
856_face1.jpg,856
813_face0.jpg,813
8_face0.jpg,8
787_face0.jpg,787
776_face0.jpg,776
776_face1.jpg,776
676_face0.jpg,676
676_face1.jpg,676
672_face0.jpg,672
672_face1.jpg,672
672_face2.jpg,672
672_face3.jpg,672
672_face4.jpg,672
669_face0.jpg,669
668_face0.jpg,668
668_face1.jpg,668
665_face0.jpg,665
665_face1.jpg,665
665_face2.jpg,665
665_face3.jpg,665
664_face0.jpg,664
664_face1.jpg,664
664_face2.jpg,664
664_face3.jpg,664
660_face0.jpg,660
660_face1.jpg,660
641_face0.jpg,641
641_face1.jpg,641
601_face0.jpg,601
601_face1.jpg,601
580_face0.jpg,580
580_face1.jpg,580
510_face0.jpg,510
493_face0.jpg,493
471_face0.jpg,471
448_face0.jpg,448
421_face0.jpg,421
421_face1.jpg,421
417_face0.jpg,417
417_face1.jpg,417
416_face0.jpg,416
406_face0.jpg,406
365_face0.jpg,365
298_face0.jpg,298
282_face0.jpg,282
274_face0.jpg,274
274_face1.jpg,274
274_face2.jpg,274
274_face3.jpg,274
254_face0.jpg,254
200_face0.jpg,200
195_face0.jpg,195
193_face0.jpg,193
193_face1.jpg,193
175_face0.jpg,175
175_face1.jpg,175
175_face2.jpg,175
167_face0.jpg,167
167_face1.jpg,167
154_face0.jpg,154
150_face0.jpg,150
1190_face0.jpg,1190
1190_face1.jpg,1190
1189_face0.jpg,1189
1189_face1.jpg,1189
1175_face0.jpg,1175
1173_face0.jpg,1173
1147_face0.jpg,1147
11_face0.jpg,11
1024_face0.jpg,1024
1021_face0.jpg,1021
1016_face0.jpg,1016
1016_face1.jpg,1016
1011_face0.jpg,1011
960_face0.jpg,960
960_face1.jpg,960
960_face2.jpg,960
960_face3.jpg,960
938_face0.jpg,938
935_face0.jpg,935
907_face0.jpg,907
899_face0.jpg,899
857_face0.jpg,857
827_face0.jpg,827
816_face0.jpg,816
81_face0.jpg,81
802_face0.jpg,802
802_face1.jpg,802
802_face2.jpg,802
772_face0.jpg,772
772_face1.jpg,772
766_face0.jpg,766
766_face1.jpg,766
757_face0.jpg,757
703_face0.jpg,703
703_face1.jpg,703
703_face2.jpg,703
703_face3.jpg,703
681_face0.jpg,681
676_face0.jpg,676
67_face0.jpg,67
628_face0.jpg,628
628_face1.jpg,628
624_face0.jpg,624
624_face1.jpg,624
615_face0.jpg,615
535_face0.jpg,535
534_face0.jpg,534
479_face0.jpg,479
479_face1.jpg,479
436_face0.jpg,436
418_face0.jpg,418
418_face1.jpg,418
418_face2.jpg,418
418_face3.jpg,418
416_face0.jpg,416
381_face0.jpg,381
381_face1.jpg,381
3_face0.jpg,3
268_face0.jpg,268
268_face1.jpg,268
268_face2.jpg,268
175_face0.jpg,175
175_face1.jpg,175
175_face2.jpg,175
175_face3.jpg,175
175_face4.jpg,175
175_face5.jpg,175
175_face6.jpg,175
175_face7.jpg,175
175_face8.jpg,175
175_face9.jpg,175
175_face10.jpg,175
175_face11.jpg,175
175_face12.jpg,175
175_face13.jpg,175
162_face0.jpg,162
112_face0.jpg,112
1005_face0.jpg,1005
957_face0.jpg,957
957_face1.jpg,957
957_face2.jpg,957
948_face0.jpg,948
936_face0.jpg,936
936_face1.jpg,936
936_face2.jpg,936
934_face0.jpg,934
934_face1.jpg,934
930_face0.jpg,930
887_face0.jpg,887
887_face1.jpg,887
876_face0.jpg,876
871_face0.jpg,871
871_face1.jpg,871
871_face2.jpg,871
865_face0.jpg,865
865_face1.jpg,865
865_face2.jpg,865
865_face3.jpg,865
865_face4.jpg,865
865_face5.jpg,865
848_face0.jpg,848
808_face0.jpg,808
808_face1.jpg,808
808_face2.jpg,808
808_face3.jpg,808
808_face4.jpg,808
808_face5.jpg,808
808_face6.jpg,808
782_face0.jpg,782
781_face0.jpg,781
781_face1.jpg,781
781_face2.jpg,781
781_face3.jpg,781
781_face4.jpg,781
781_face5.jpg,781
781_face6.jpg,781
778_face0.jpg,778
778_face1.jpg,778
778_face2.jpg,778
778_face3.jpg,778
778_face4.jpg,778
778_face5.jpg,778
778_face6.jpg,778
759_face0.jpg,759
720_face0.jpg,720
696_face0.jpg,696
696_face1.jpg,696
680_face0.jpg,680
639_face0.jpg,639
633_face0.jpg,633
633_face1.jpg,633
633_face2.jpg,633
627_face0.jpg,627
627_face1.jpg,627
587_face0.jpg,587
557_face0.jpg,557
535_face0.jpg,535
49_face0.jpg,49
46_face0.jpg,46
46_face1.jpg,46
438_face0.jpg,438
428_face0.jpg,428
428_face1.jpg,428
422_face0.jpg,422
38_face0.jpg,38
337_face0.jpg,337
308_face0.jpg,308
289_face0.jpg,289
275_face0.jpg,275
263_face0.jpg,263
20_face0.jpg,20
194_face0.jpg,194
1190_face0.jpg,1190
1189_face0.jpg,1189
1185_face0.jpg,1185
1185_face1.jpg,1185
1182_face0.jpg,1182
1180_face0.jpg,1180
1155_face0.jpg,1155
1154_face0.jpg,1154
1130_face0.jpg,1130
1129_face0.jpg,1129
1124_face0.jpg,1124
1123_face0.jpg,1123
1123_face1.jpg,1123
1121_face0.jpg,1121
1121_face1.jpg,1121
1119_face0.jpg,1119
1018_face0.jpg,1018
1018_face1.jpg,1018
1004_face0.jpg,1004
1001_face0.jpg,1001
972_face0.jpg,972
961_face0.jpg,961
915_face0.jpg,915
909_face0.jpg,909
901_face0.jpg,901
901_face1.jpg,901
885_face0.jpg,885
870_face0.jpg,870
870_face1.jpg,870
775_face0.jpg,775
775_face1.jpg,775
775_face2.jpg,775
748_face0.jpg,748
717_face0.jpg,717
717_face1.jpg,717
717_face2.jpg,717
717_face3.jpg,717
717_face4.jpg,717
717_face5.jpg,717
717_face6.jpg,717
679_face0.jpg,679
677_face0.jpg,677
673_face0.jpg,673
661_face0.jpg,661
660_face0.jpg,660
660_face1.jpg,660
660_face2.jpg,660
660_face3.jpg,660
660_face4.jpg,660
660_face5.jpg,660
660_face6.jpg,660
659_face0.jpg,659
659_face1.jpg,659
659_face2.jpg,659
659_face3.jpg,659
659_face4.jpg,659
659_face5.jpg,659
659_face6.jpg,659
644_face0.jpg,644
639_face0.jpg,639
635_face0.jpg,635
635_face1.jpg,635
629_face0.jpg,629
629_face1.jpg,629
629_face2.jpg,629
629_face3.jpg,629
629_face4.jpg,629
629_face5.jpg,629
629_face6.jpg,629
522_face0.jpg,522
451_face0.jpg,451
426_face0.jpg,426
387_face0.jpg,387
387_face1.jpg,387
376_face0.jpg,376
376_face1.jpg,376
376_face2.jpg,376
348_face0.jpg,348
171_face0.jpg,171
171_face1.jpg,171
147_face0.jpg,147
1353_face0.jpg,1353
1353_face1.jpg,1353
1353_face2.jpg,1353
1300_face0.jpg,1300
1300_face1.jpg,1300
1272_face0.jpg,1272
1272_face1.jpg,1272
1272_face2.jpg,1272
1272_face3.jpg,1272
1272_face4.jpg,1272
1258_face0.jpg,1258
1192_face0.jpg,1192
1192_face1.jpg,1192
1166_face0.jpg,1166
107_face0.jpg,107
107_face1.jpg,107
107_face2.jpg,107
106_face0.jpg,106
106_face1.jpg,106
1050_face0.jpg,1050
1050_face1.jpg,1050
1050_face2.jpg,1050
1038_face0.jpg,1038
991_face0.jpg,991
985_face0.jpg,985
985_face1.jpg,985
985_face2.jpg,985
980_face0.jpg,980
980_face1.jpg,980
978_face0.jpg,978
906_face0.jpg,906
856_face0.jpg,856
856_face1.jpg,856
856_face2.jpg,856
830_face0.jpg,830
824_face0.jpg,824
782_face0.jpg,782
773_face0.jpg,773
773_face1.jpg,773
773_face2.jpg,773
762_face0.jpg,762
740_face0.jpg,740
729_face0.jpg,729
729_face1.jpg,729
714_face0.jpg,714
689_face0.jpg,689
684_face0.jpg,684
678_face0.jpg,678
678_face1.jpg,678
655_face0.jpg,655
63_face0.jpg,63
606_face0.jpg,606
587_face0.jpg,587
542_face0.jpg,542
540_face0.jpg,540
53_face0.jpg,53
53_face1.jpg,53
53_face2.jpg,53
53_face3.jpg,53
53_face4.jpg,53
496_face0.jpg,496
395_face0.jpg,395
395_face1.jpg,395
346_face0.jpg,346
312_face0.jpg,312
31_face0.jpg,31
304_face0.jpg,304
240_face0.jpg,240
240_face1.jpg,240
240_face2.jpg,240
240_face3.jpg,240
187_face0.jpg,187
135_face0.jpg,135
135_face1.jpg,135
1198_face0.jpg,1198
1186_face0.jpg,1186
1186_face1.jpg,1186
1186_face2.jpg,1186
1154_face0.jpg,1154
1133_face0.jpg,1133
1113_face0.jpg,1113
1113_face1.jpg,1113
1113_face2.jpg,1113
1113_face3.jpg,1113
1112_face0.jpg,1112
1105_face0.jpg,1105
1105_face1.jpg,1105
1096_face0.jpg,1096
1096_face1.jpg,1096
1093_face0.jpg,1093
1093_face1.jpg,1093
1093_face2.jpg,1093
1080_face0.jpg,1080
1080_face1.jpg,1080
1071_face0.jpg,1071
1056_face0.jpg,1056
1056_face1.jpg,1056
996_face0.jpg,996
993_face0.jpg,993
979_face0.jpg,979
979_face1.jpg,979
979_face2.jpg,979
960_face0.jpg,960
960_face1.jpg,960
960_face2.jpg,960
960_face3.jpg,960
960_face4.jpg,960
949_face0.jpg,949
949_face1.jpg,949
934_face0.jpg,934
934_face1.jpg,934
845_face0.jpg,845
822_face0.jpg,822
806_face0.jpg,806
793_face0.jpg,793
786_face0.jpg,786
786_face1.jpg,786
786_face2.jpg,786
777_face0.jpg,777
777_face1.jpg,777
775_face0.jpg,775
775_face1.jpg,775
775_face2.jpg,775
671_face0.jpg,671
660_face0.jpg,660
657_face0.jpg,657
653_face0.jpg,653
649_face0.jpg,649
643_face0.jpg,643
623_face0.jpg,623
617_face0.jpg,617
617_face1.jpg,617
617_face2.jpg,617
617_face3.jpg,617
603_face0.jpg,603
603_face1.jpg,603
603_face2.jpg,603
601_face0.jpg,601
593_face0.jpg,593
59_face0.jpg,59
59_face1.jpg,59
572_face0.jpg,572
561_face0.jpg,561
558_face0.jpg,558
558_face1.jpg,558
528_face0.jpg,528
522_face0.jpg,522
522_face1.jpg,522
501_face0.jpg,501
501_face1.jpg,501
501_face2.jpg,501
497_face0.jpg,497
497_face1.jpg,497
497_face2.jpg,497
469_face0.jpg,469
469_face1.jpg,469
453_face0.jpg,453
453_face1.jpg,453
453_face2.jpg,453
453_face3.jpg,453
453_face4.jpg,453
447_face0.jpg,447
447_face1.jpg,447
440_face0.jpg,440
440_face1.jpg,440
437_face0.jpg,437
437_face1.jpg,437
437_face2.jpg,437
42_face0.jpg,42
42_face1.jpg,42
415_face0.jpg,415
397_face0.jpg,397
393_face0.jpg,393
392_face0.jpg,392
39_face0.jpg,39
39_face1.jpg,39
388_face0.jpg,388
345_face0.jpg,345
345_face1.jpg,345
263_face0.jpg,263
263_face1.jpg,263
263_face2.jpg,263
263_face3.jpg,263
244_face0.jpg,244
244_face1.jpg,244
244_face2.jpg,244
237_face0.jpg,237
235_face0.jpg,235
234_face0.jpg,234
234_face1.jpg,234
229_face0.jpg,229
204_face0.jpg,204
204_face1.jpg,204
204_face2.jpg,204
202_face0.jpg,202
202_face1.jpg,202
202_face2.jpg,202
150_face0.jpg,150
1407_face0.jpg,1407
1407_face1.jpg,1407
1403_face0.jpg,1403
1403_face1.jpg,1403
1403_face2.jpg,1403
1374_face0.jpg,1374
1373_face0.jpg,1373
1373_face1.jpg,1373
1332_face0.jpg,1332
1314_face0.jpg,1314
1310_face0.jpg,1310
1301_face0.jpg,1301
1292_face0.jpg,1292
1245_face0.jpg,1245
1245_face1.jpg,1245
1218_face0.jpg,1218
1214_face0.jpg,1214
1192_face0.jpg,1192
1189_face0.jpg,1189
1131_face0.jpg,1131
1125_face0.jpg,1125
1111_face0.jpg,1111
1111_face1.jpg,1111
1111_face2.jpg,1111
1105_face0.jpg,1105
1094_face0.jpg,1094
1083_face0.jpg,1083
1083_face1.jpg,1083
1083_face2.jpg,1083
1079_face0.jpg,1079
1078_face0.jpg,1078
1027_face0.jpg,1027
1016_face0.jpg,1016
1000_face0.jpg,1000
992_face0.jpg,992
988_face0.jpg,988
988_face1.jpg,988
978_face0.jpg,978
978_face1.jpg,978
975_face0.jpg,975
968_face0.jpg,968
968_face1.jpg,968
968_face2.jpg,968
964_face0.jpg,964
951_face0.jpg,951
951_face1.jpg,951
951_face2.jpg,951
919_face0.jpg,919
896_face0.jpg,896
8_face0.jpg,8
793_face0.jpg,793
778_face0.jpg,778
772_face0.jpg,772
728_face0.jpg,728
718_face0.jpg,718
712_face0.jpg,712
667_face0.jpg,667
667_face1.jpg,667
657_face0.jpg,657
657_face1.jpg,657
655_face0.jpg,655
655_face1.jpg,655
617_face0.jpg,617
611_face0.jpg,611
611_face1.jpg,611
610_face0.jpg,610
597_face0.jpg,597
597_face1.jpg,597
587_face0.jpg,587
54_face0.jpg,54
54_face1.jpg,54
54_face2.jpg,54
513_face0.jpg,513
513_face1.jpg,513
509_face0.jpg,509
509_face1.jpg,509
503_face0.jpg,503
485_face0.jpg,485
457_face0.jpg,457
457_face1.jpg,457
436_face0.jpg,436
407_face0.jpg,407
407_face1.jpg,407
404_face0.jpg,404
404_face1.jpg,404
404_face2.jpg,404
399_face0.jpg,399
398_face0.jpg,398
398_face1.jpg,398
398_face2.jpg,398
395_face0.jpg,395
392_face0.jpg,392
392_face1.jpg,392
379_face0.jpg,379
373_face0.jpg,373
372_face0.jpg,372
371_face0.jpg,371
370_face0.jpg,370
362_face0.jpg,362
36_face0.jpg,36
336_face0.jpg,336
335_face0.jpg,335
331_face0.jpg,331
318_face0.jpg,318
318_face1.jpg,318
314_face0.jpg,314
310_face0.jpg,310
305_face0.jpg,305
305_face1.jpg,305
301_face0.jpg,301
287_face0.jpg,287
267_face0.jpg,267
267_face1.jpg,267
267_face2.jpg,267
265_face0.jpg,265
265_face1.jpg,265
265_face2.jpg,265
260_face0.jpg,260
244_face0.jpg,244
244_face1.jpg,244
157_face0.jpg,157
1397_face0.jpg,1397
1343_face0.jpg,1343
1343_face1.jpg,1343
1342_face0.jpg,1342
1342_face1.jpg,1342
1342_face2.jpg,1342
1324_face0.jpg,1324
1324_face1.jpg,1324
1302_face0.jpg,1302
1302_face1.jpg,1302
1287_face0.jpg,1287
1258_face0.jpg,1258
1214_face0.jpg,1214
1214_face1.jpg,1214
1213_face0.jpg,1213
1197_face0.jpg,1197
1113_face0.jpg,1113
1072_face0.jpg,1072
1067_face0.jpg,1067
1067_face1.jpg,1067
1067_face2.jpg,1067
1061_face0.jpg,1061
1040_face0.jpg,1040
1013_face0.jpg,1013
1005_face0.jpg,1005
1005_face1.jpg,1005
99_face0.jpg,99
983_face0.jpg,983
982_face0.jpg,982
977_face0.jpg,977
968_face0.jpg,968
94_face0.jpg,94
917_face0.jpg,917
909_face0.jpg,909
9_face0.jpg,9
897_face0.jpg,897
894_face0.jpg,894
875_face0.jpg,875
872_face0.jpg,872
869_face0.jpg,869
869_face1.jpg,869
859_face0.jpg,859
853_face0.jpg,853
853_face1.jpg,853
84_face0.jpg,84
84_face1.jpg,84
84_face2.jpg,84
834_face0.jpg,834
834_face1.jpg,834
799_face0.jpg,799
767_face0.jpg,767
73_face0.jpg,73
73_face1.jpg,73
73_face2.jpg,73
73_face3.jpg,73
73_face4.jpg,73
718_face0.jpg,718
718_face1.jpg,718
716_face0.jpg,716
697_face0.jpg,697
697_face1.jpg,697
697_face2.jpg,697
694_face0.jpg,694
687_face0.jpg,687
667_face0.jpg,667
667_face1.jpg,667
666_face0.jpg,666
660_face0.jpg,660
630_face0.jpg,630
630_face1.jpg,630
620_face0.jpg,620
620_face1.jpg,620
529_face0.jpg,529
495_face0.jpg,495
48_face0.jpg,48
475_face0.jpg,475
470_face0.jpg,470
470_face1.jpg,470
468_face0.jpg,468
46_face0.jpg,46
436_face0.jpg,436
423_face0.jpg,423
41_face0.jpg,41
41_face1.jpg,41
4_face0.jpg,4
399_face0.jpg,399
397_face0.jpg,397
39_face0.jpg,39
39_face1.jpg,39
387_face0.jpg,387
385_face0.jpg,385
381_face0.jpg,381
370_face0.jpg,370
366_face0.jpg,366
354_face0.jpg,354
333_face0.jpg,333
313_face0.jpg,313
313_face1.jpg,313
302_face0.jpg,302
302_face1.jpg,302
297_face0.jpg,297
297_face1.jpg,297
281_face0.jpg,281
18_face0.jpg,18
160_face0.jpg,160
16_face0.jpg,16
16_face1.jpg,16
16_face2.jpg,16
15_face0.jpg,15
13_face0.jpg,13
1191_face0.jpg,1191
1191_face1.jpg,1191
1191_face2.jpg,1191
1146_face0.jpg,1146
1145_face0.jpg,1145
1145_face1.jpg,1145
1125_face0.jpg,1125
1093_face0.jpg,1093
1090_face0.jpg,1090
1090_face1.jpg,1090
1090_face2.jpg,1090
1024_face0.jpg,1024
1020_face0.jpg,1020
1015_face0.jpg,1015
1005_face0.jpg,1005
100_face0.jpg,100
1_face0.jpg,1
1_face1.jpg,1
994_face0.jpg,994
994_face1.jpg,994
994_face2.jpg,994
992_face0.jpg,992
992_face1.jpg,992
992_face2.jpg,992
980_face0.jpg,980
968_face0.jpg,968
968_face1.jpg,968
915_face0.jpg,915
915_face1.jpg,915
914_face0.jpg,914
914_face1.jpg,914
894_face0.jpg,894
881_face0.jpg,881
881_face1.jpg,881
870_face0.jpg,870
868_face0.jpg,868
849_face0.jpg,849
849_face1.jpg,849
840_face0.jpg,840
834_face0.jpg,834
821_face0.jpg,821
820_face0.jpg,820
818_face0.jpg,818
812_face0.jpg,812
790_face0.jpg,790
790_face1.jpg,790
770_face0.jpg,770
763_face0.jpg,763
763_face1.jpg,763
750_face0.jpg,750
735_face0.jpg,735
726_face0.jpg,726
726_face1.jpg,726
711_face0.jpg,711
699_face0.jpg,699
699_face1.jpg,699
698_face0.jpg,698
698_face1.jpg,698
696_face0.jpg,696
696_face1.jpg,696
696_face2.jpg,696
696_face3.jpg,696
693_face0.jpg,693
685_face0.jpg,685
685_face1.jpg,685
670_face0.jpg,670
662_face0.jpg,662
661_face0.jpg,661
661_face1.jpg,661
659_face0.jpg,659
646_face0.jpg,646
635_face0.jpg,635
634_face0.jpg,634
634_face1.jpg,634
634_face2.jpg,634
634_face3.jpg,634
605_face0.jpg,605
605_face1.jpg,605
605_face2.jpg,605
558_face0.jpg,558
558_face1.jpg,558
558_face2.jpg,558
540_face0.jpg,540
533_face0.jpg,533
531_face0.jpg,531
531_face1.jpg,531
531_face2.jpg,531
531_face3.jpg,531
531_face4.jpg,531
531_face5.jpg,531
531_face6.jpg,531
531_face7.jpg,531
510_face0.jpg,510
510_face1.jpg,510
510_face2.jpg,510
510_face3.jpg,510
502_face0.jpg,502
468_face0.jpg,468
39_face0.jpg,39
39_face1.jpg,39
380_face0.jpg,380
369_face0.jpg,369
362_face0.jpg,362
361_face0.jpg,361
361_face1.jpg,361
352_face0.jpg,352
352_face1.jpg,352
352_face2.jpg,352
338_face0.jpg,338
337_face0.jpg,337
337_face1.jpg,337
337_face2.jpg,337
337_face3.jpg,337
337_face4.jpg,337
331_face0.jpg,331
323_face0.jpg,323
323_face1.jpg,323
28_face0.jpg,28
27_face0.jpg,27
25_face0.jpg,25
25_face1.jpg,25
23_face0.jpg,23
190_face0.jpg,190
185_face0.jpg,185
18_face0.jpg,18
18_face1.jpg,18
159_face0.jpg,159
145_face0.jpg,145
145_face1.jpg,145
145_face2.jpg,145
128_face0.jpg,128
122_face0.jpg,122
1052_face0.jpg,1052
1052_face1.jpg,1052
1052_face2.jpg,1052
103_face0.jpg,103
1011_face0.jpg,1011
1007_face0.jpg,1007
958_face0.jpg,958
946_face0.jpg,946
920_face0.jpg,920
920_face1.jpg,920
916_face0.jpg,916
915_face0.jpg,915
909_face0.jpg,909
907_face0.jpg,907
907_face1.jpg,907
9_face0.jpg,9
9_face1.jpg,9
887_face0.jpg,887
886_face0.jpg,886
874_face0.jpg,874
870_face0.jpg,870
869_face0.jpg,869
853_face0.jpg,853
842_face0.jpg,842
842_face1.jpg,842
829_face0.jpg,829
829_face1.jpg,829
818_face0.jpg,818
815_face0.jpg,815
815_face1.jpg,815
815_face2.jpg,815
720_face0.jpg,720
709_face0.jpg,709
703_face0.jpg,703
7_face0.jpg,7
7_face1.jpg,7
694_face0.jpg,694
694_face1.jpg,694
686_face0.jpg,686
686_face1.jpg,686
675_face0.jpg,675
675_face1.jpg,675
675_face2.jpg,675
675_face3.jpg,675
675_face4.jpg,675
673_face0.jpg,673
673_face1.jpg,673
669_face0.jpg,669
610_face0.jpg,610
610_face1.jpg,610
610_face2.jpg,610
547_face0.jpg,547
533_face0.jpg,533
533_face1.jpg,533
533_face2.jpg,533
533_face3.jpg,533
533_face4.jpg,533
533_face5.jpg,533
517_face0.jpg,517
509_face0.jpg,509
507_face0.jpg,507
507_face1.jpg,507
505_face0.jpg,505
451_face0.jpg,451
451_face1.jpg,451
371_face0.jpg,371
37_face0.jpg,37
37_face1.jpg,37
37_face2.jpg,37
367_face0.jpg,367
361_face0.jpg,361
354_face0.jpg,354
353_face0.jpg,353
350_face0.jpg,350
350_face1.jpg,350
346_face0.jpg,346
346_face1.jpg,346
339_face0.jpg,339
337_face0.jpg,337
327_face0.jpg,327
303_face0.jpg,303
303_face1.jpg,303
293_face0.jpg,293
279_face0.jpg,279
279_face1.jpg,279
254_face0.jpg,254
239_face0.jpg,239
239_face1.jpg,239
234_face0.jpg,234
229_face0.jpg,229
227_face0.jpg,227
221_face0.jpg,221
219_face0.jpg,219
215_face0.jpg,215
214_face0.jpg,214
209_face0.jpg,209
209_face1.jpg,209
209_face2.jpg,209
201_face0.jpg,201
201_face1.jpg,201
196_face0.jpg,196
196_face1.jpg,196
195_face0.jpg,195
195_face1.jpg,195
194_face0.jpg,194
194_face1.jpg,194
187_face0.jpg,187
144_face0.jpg,144
144_face1.jpg,144
1414_face0.jpg,1414
1409_face0.jpg,1409
1409_face1.jpg,1409
1409_face2.jpg,1409
1409_face3.jpg,1409
1391_face0.jpg,1391
1391_face1.jpg,1391
1391_face2.jpg,1391
1391_face3.jpg,1391
1389_face0.jpg,1389
1370_face0.jpg,1370
1370_face1.jpg,1370
1370_face2.jpg,1370
1369_face0.jpg,1369
1369_face1.jpg,1369
1369_face2.jpg,1369
1369_face3.jpg,1369
1332_face0.jpg,1332
1332_face1.jpg,1332
1332_face2.jpg,1332
1315_face0.jpg,1315
1315_face1.jpg,1315
1315_face2.jpg,1315
1314_face0.jpg,1314
1314_face1.jpg,1314
1307_face0.jpg,1307
1302_face0.jpg,1302
1302_face1.jpg,1302
1302_face2.jpg,1302
1302_face3.jpg,1302
125_face0.jpg,125
124_face0.jpg,124
1236_face0.jpg,1236
1226_face0.jpg,1226
1216_face0.jpg,1216
1163_face0.jpg,1163
1163_face1.jpg,1163
1163_face2.jpg,1163
1163_face3.jpg,1163
1159_face0.jpg,1159
1108_face0.jpg,1108
1087_face0.jpg,1087
1087_face1.jpg,1087
1087_face2.jpg,1087
1087_face3.jpg,1087
1087_face4.jpg,1087
1087_face5.jpg,1087
1087_face6.jpg,1087
1087_face7.jpg,1087
1063_face0.jpg,1063
1063_face1.jpg,1063
1063_face2.jpg,1063
1063_face3.jpg,1063
1063_face4.jpg,1063
1063_face5.jpg,1063
1063_face6.jpg,1063
1058_face0.jpg,1058
1058_face1.jpg,1058
1054_face0.jpg,1054
1054_face1.jpg,1054
1052_face0.jpg,1052
1052_face1.jpg,1052
1012_face0.jpg,1012
1009_face0.jpg,1009
1009_face1.jpg,1009
1002_face0.jpg,1002
10_face0.jpg,10
963_face0.jpg,963
93_face0.jpg,93
93_face1.jpg,93
93_face2.jpg,93
90_face0.jpg,90
896_face0.jpg,896
891_face0.jpg,891
851_face0.jpg,851
819_face0.jpg,819
819_face1.jpg,819
812_face0.jpg,812
812_face1.jpg,812
800_face0.jpg,800
76_face0.jpg,76
751_face0.jpg,751
750_face0.jpg,750
750_face1.jpg,750
746_face0.jpg,746
700_face0.jpg,700
700_face1.jpg,700
700_face2.jpg,700
651_face0.jpg,651
648_face0.jpg,648
622_face0.jpg,622
622_face1.jpg,622
596_face0.jpg,596
596_face1.jpg,596
560_face0.jpg,560
560_face1.jpg,560
464_face0.jpg,464
45_face0.jpg,45
446_face0.jpg,446
43_face0.jpg,43
380_face0.jpg,380
356_face0.jpg,356
343_face0.jpg,343
343_face1.jpg,343
342_face0.jpg,342
341_face0.jpg,341
341_face1.jpg,341
334_face0.jpg,334
334_face1.jpg,334
328_face0.jpg,328
31_face0.jpg,31
306_face0.jpg,306
304_face0.jpg,304
304_face1.jpg,304
297_face0.jpg,297
297_face1.jpg,297
288_face0.jpg,288
288_face1.jpg,288
28_face0.jpg,28
28_face1.jpg,28
28_face2.jpg,28
28_face3.jpg,28
2_face0.jpg,2
196_face0.jpg,196
192_face0.jpg,192
1093_face0.jpg,1093
1079_face0.jpg,1079
1079_face1.jpg,1079
1079_face2.jpg,1079
1077_face0.jpg,1077
1074_face0.jpg,1074
1074_face1.jpg,1074
1042_face0.jpg,1042
1039_face0.jpg,1039
1039_face1.jpg,1039
1034_face0.jpg,1034
1034_face1.jpg,1034
984_face0.jpg,984
984_face1.jpg,984
984_face2.jpg,984
956_face0.jpg,956
922_face0.jpg,922
916_face0.jpg,916
915_face0.jpg,915
894_face0.jpg,894
893_face0.jpg,893
87_face0.jpg,87
860_face0.jpg,860
846_face0.jpg,846
823_face0.jpg,823
802_face0.jpg,802
802_face1.jpg,802
793_face0.jpg,793
754_face0.jpg,754
703_face0.jpg,703
697_face0.jpg,697
679_face0.jpg,679
670_face0.jpg,670
649_face0.jpg,649
645_face0.jpg,645
597_face0.jpg,597
590_face0.jpg,590
57_face0.jpg,57
568_face0.jpg,568
568_face1.jpg,568
545_face0.jpg,545
540_face0.jpg,540
540_face1.jpg,540
500_face0.jpg,500
500_face1.jpg,500
500_face2.jpg,500
486_face0.jpg,486
484_face0.jpg,484
480_face0.jpg,480
480_face1.jpg,480
480_face2.jpg,480
473_face0.jpg,473
473_face1.jpg,473
442_face0.jpg,442
36_face0.jpg,36
333_face0.jpg,333
304_face0.jpg,304
304_face1.jpg,304
3_face0.jpg,3
297_face0.jpg,297
297_face1.jpg,297
229_face0.jpg,229
216_face0.jpg,216
191_face0.jpg,191
191_face1.jpg,191
191_face2.jpg,191
19_face0.jpg,19
185_face0.jpg,185
185_face1.jpg,185
185_face2.jpg,185
185_face3.jpg,185
17_face0.jpg,17
161_face0.jpg,161
16_face0.jpg,16
152_face0.jpg,152
151_face0.jpg,151
137_face0.jpg,137
1170_face0.jpg,1170
1159_face0.jpg,1159
1154_face0.jpg,1154
1154_face1.jpg,1154
1121_face0.jpg,1121
1121_face1.jpg,1121
1121_face2.jpg,1121
110_face0.jpg,110
110_face1.jpg,110
110_face2.jpg,110
110_face3.jpg,110
110_face4.jpg,110
110_face5.jpg,110
1081_face0.jpg,1081
1079_face0.jpg,1079
1079_face1.jpg,1079
1079_face2.jpg,1079
1079_face3.jpg,1079
1079_face4.jpg,1079
1079_face5.jpg,1079
1072_face0.jpg,1072
107_face0.jpg,107
1057_face0.jpg,1057
1048_face0.jpg,1048
1041_face0.jpg,1041
1041_face1.jpg,1041
1031_face0.jpg,1031
1030_face0.jpg,1030
1030_face1.jpg,1030
1029_face0.jpg,1029
1029_face1.jpg,1029
1029_face2.jpg,1029
967_face0.jpg,967
900_face0.jpg,900
897_face0.jpg,897
864_face0.jpg,864
859_face0.jpg,859
857_face0.jpg,857
850_face0.jpg,850
809_face0.jpg,809
809_face1.jpg,809
789_face0.jpg,789
789_face1.jpg,789
759_face0.jpg,759
743_face0.jpg,743
694_face0.jpg,694
694_face1.jpg,694
687_face0.jpg,687
685_face0.jpg,685
685_face1.jpg,685
671_face0.jpg,671
646_face0.jpg,646
631_face0.jpg,631
630_face0.jpg,630
630_face1.jpg,630
615_face0.jpg,615
615_face1.jpg,615
613_face0.jpg,613
599_face0.jpg,599
583_face0.jpg,583
574_face0.jpg,574
52_face0.jpg,52
518_face0.jpg,518
518_face1.jpg,518
516_face0.jpg,516
515_face0.jpg,515
506_face0.jpg,506
492_face0.jpg,492
49_face0.jpg,49
49_face1.jpg,49
479_face0.jpg,479
479_face1.jpg,479
474_face0.jpg,474
469_face0.jpg,469
463_face0.jpg,463
459_face0.jpg,459
459_face1.jpg,459
454_face0.jpg,454
447_face0.jpg,447
447_face1.jpg,447
447_face2.jpg,447
440_face0.jpg,440
411_face0.jpg,411
404_face0.jpg,404
394_face0.jpg,394
390_face0.jpg,390
385_face0.jpg,385
380_face0.jpg,380
371_face0.jpg,371
371_face1.jpg,371
371_face2.jpg,371
359_face0.jpg,359
338_face0.jpg,338
30_face0.jpg,30
3_face0.jpg,3
291_face0.jpg,291
291_face1.jpg,291
218_face0.jpg,218
218_face1.jpg,218
218_face2.jpg,218
206_face0.jpg,206
119_face0.jpg,119
1093_face0.jpg,1093
1079_face0.jpg,1079
1074_face0.jpg,1074
1061_face0.jpg,1061
1026_face0.jpg,1026
1015_face0.jpg,1015
904_face0.jpg,904
894_face0.jpg,894
894_face1.jpg,894
871_face0.jpg,871
87_face0.jpg,87
87_face1.jpg,87
87_face2.jpg,87
87_face3.jpg,87
869_face0.jpg,869
864_face0.jpg,864
857_face0.jpg,857
855_face0.jpg,855
831_face0.jpg,831
831_face1.jpg,831
825_face0.jpg,825
803_face0.jpg,803
803_face1.jpg,803
796_face0.jpg,796
796_face1.jpg,796
764_face0.jpg,764
760_face0.jpg,760
760_face1.jpg,760
68_face0.jpg,68
68_face1.jpg,68
68_face2.jpg,68
658_face0.jpg,658
658_face1.jpg,658
643_face0.jpg,643
619_face0.jpg,619
619_face1.jpg,619
585_face0.jpg,585
545_face0.jpg,545
532_face0.jpg,532
532_face1.jpg,532
53_face0.jpg,53
505_face0.jpg,505
477_face0.jpg,477
47_face0.jpg,47
47_face1.jpg,47
47_face2.jpg,47
455_face0.jpg,455
450_face0.jpg,450
448_face0.jpg,448
44_face0.jpg,44
438_face0.jpg,438
389_face0.jpg,389
372_face0.jpg,372
30_face0.jpg,30
130_face0.jpg,130
126_face0.jpg,126
1139_face0.jpg,1139
1133_face0.jpg,1133
1128_face0.jpg,1128
1082_face0.jpg,1082
1022_face0.jpg,1022
1022_face1.jpg,1022
1021_face0.jpg,1021
1018_face0.jpg,1018
1018_face1.jpg,1018
991_face0.jpg,991
967_face0.jpg,967
930_face0.jpg,930
927_face0.jpg,927
914_face0.jpg,914
914_face1.jpg,914
910_face0.jpg,910
895_face0.jpg,895
871_face0.jpg,871
868_face0.jpg,868
868_face1.jpg,868
868_face2.jpg,868
867_face0.jpg,867
836_face0.jpg,836
795_face0.jpg,795
795_face1.jpg,795
792_face0.jpg,792
79_face0.jpg,79
762_face0.jpg,762
762_face1.jpg,762
753_face0.jpg,753
753_face1.jpg,753
753_face2.jpg,753
740_face0.jpg,740
717_face0.jpg,717
707_face0.jpg,707
682_face0.jpg,682
673_face0.jpg,673
671_face0.jpg,671
651_face0.jpg,651
640_face0.jpg,640
629_face0.jpg,629
619_face0.jpg,619
607_face0.jpg,607
537_face0.jpg,537
531_face0.jpg,531
531_face1.jpg,531
531_face2.jpg,531
529_face0.jpg,529
529_face1.jpg,529
526_face0.jpg,526
526_face1.jpg,526
520_face0.jpg,520
52_face0.jpg,52
52_face1.jpg,52
519_face0.jpg,519
516_face0.jpg,516
504_face0.jpg,504
500_face0.jpg,500
487_face0.jpg,487
467_face0.jpg,467
438_face0.jpg,438
436_face0.jpg,436
435_face0.jpg,435
428_face0.jpg,428
428_face1.jpg,428
424_face0.jpg,424
389_face0.jpg,389
388_face0.jpg,388
388_face1.jpg,388
388_face2.jpg,388
388_face3.jpg,388
388_face4.jpg,388
383_face0.jpg,383
374_face0.jpg,374
374_face1.jpg,374
374_face2.jpg,374
374_face3.jpg,374
369_face0.jpg,369
364_face0.jpg,364
364_face1.jpg,364
364_face2.jpg,364
364_face3.jpg,364
364_face4.jpg,364
332_face0.jpg,332
332_face1.jpg,332
331_face0.jpg,331
327_face0.jpg,327
327_face1.jpg,327
307_face0.jpg,307
307_face1.jpg,307
307_face2.jpg,307
241_face0.jpg,241
241_face1.jpg,241
234_face0.jpg,234
231_face0.jpg,231
231_face1.jpg,231
23_face0.jpg,23
23_face1.jpg,23
163_face0.jpg,163
139_face0.jpg,139
139_face1.jpg,139
139_face2.jpg,139
139_face3.jpg,139
139_face4.jpg,139
112_face0.jpg,112
112_face1.jpg,112
1107_face0.jpg,1107
1101_face0.jpg,1101
1101_face1.jpg,1101
1047_face0.jpg,1047
1047_face1.jpg,1047
1047_face2.jpg,1047
1013_face0.jpg,1013
1006_face0.jpg,1006
1000_face0.jpg,1000
930_face0.jpg,930
926_face0.jpg,926
914_face0.jpg,914
914_face1.jpg,914
914_face2.jpg,914
911_face0.jpg,911
911_face1.jpg,911
906_face0.jpg,906
901_face0.jpg,901
883_face0.jpg,883
840_face0.jpg,840
824_face0.jpg,824
824_face1.jpg,824
801_face0.jpg,801
791_face0.jpg,791
773_face0.jpg,773
773_face1.jpg,773
770_face0.jpg,770
770_face1.jpg,770
770_face2.jpg,770
770_face3.jpg,770
770_face4.jpg,770
770_face5.jpg,770
766_face0.jpg,766
766_face1.jpg,766
766_face2.jpg,766
766_face3.jpg,766
766_face4.jpg,766
766_face5.jpg,766
753_face0.jpg,753
753_face1.jpg,753
698_face0.jpg,698
693_face0.jpg,693
693_face1.jpg,693
693_face2.jpg,693
692_face0.jpg,692
692_face1.jpg,692
691_face0.jpg,691
691_face1.jpg,691
691_face2.jpg,691
660_face0.jpg,660
633_face0.jpg,633
630_face0.jpg,630
625_face0.jpg,625
588_face0.jpg,588
588_face1.jpg,588
588_face2.jpg,588
588_face3.jpg,588
588_face4.jpg,588
588_face5.jpg,588
588_face6.jpg,588
588_face7.jpg,588
588_face8.jpg,588
48_face0.jpg,48
48_face1.jpg,48
48_face2.jpg,48
48_face3.jpg,48
467_face0.jpg,467
467_face1.jpg,467
367_face0.jpg,367
364_face0.jpg,364
364_face1.jpg,364
364_face2.jpg,364
364_face3.jpg,364
364_face4.jpg,364
345_face0.jpg,345
345_face1.jpg,345
327_face0.jpg,327
327_face1.jpg,327
323_face0.jpg,323
320_face0.jpg,320
318_face0.jpg,318
318_face1.jpg,318
316_face0.jpg,316
316_face1.jpg,316
298_face0.jpg,298
298_face1.jpg,298
297_face0.jpg,297
27_face0.jpg,27
234_face0.jpg,234
234_face1.jpg,234
234_face2.jpg,234
234_face3.jpg,234
234_face4.jpg,234
214_face0.jpg,214
208_face0.jpg,208
107_face0.jpg,107
99_face0.jpg,99
953_face0.jpg,953
951_face0.jpg,951
93_face0.jpg,93
904_face0.jpg,904
865_face0.jpg,865
865_face1.jpg,865
865_face2.jpg,865
865_face3.jpg,865
865_face4.jpg,865
865_face5.jpg,865
865_face6.jpg,865
85_face0.jpg,85
825_face0.jpg,825
77_face0.jpg,77
76_face0.jpg,76
754_face0.jpg,754
751_face0.jpg,751
744_face0.jpg,744
741_face0.jpg,741
739_face0.jpg,739
737_face0.jpg,737
736_face0.jpg,736
736_face1.jpg,736
736_face2.jpg,736
735_face0.jpg,735
732_face0.jpg,732
730_face0.jpg,730
729_face0.jpg,729
728_face0.jpg,728
725_face0.jpg,725
695_face0.jpg,695
695_face1.jpg,695
695_face2.jpg,695
695_face3.jpg,695
695_face4.jpg,695
695_face5.jpg,695
673_face0.jpg,673
673_face1.jpg,673
673_face2.jpg,673
673_face3.jpg,673
673_face4.jpg,673
669_face0.jpg,669
66_face0.jpg,66
632_face0.jpg,632
631_face0.jpg,631
620_face0.jpg,620
620_face1.jpg,620
551_face0.jpg,551
500_face0.jpg,500
469_face0.jpg,469
435_face0.jpg,435
435_face1.jpg,435
435_face2.jpg,435
432_face0.jpg,432
415_face0.jpg,415
400_face0.jpg,400
400_face1.jpg,400
400_face2.jpg,400
366_face0.jpg,366
366_face1.jpg,366
33_face0.jpg,33
27_face0.jpg,27
249_face0.jpg,249
246_face0.jpg,246
150_face0.jpg,150
150_face1.jpg,150
124_face0.jpg,124
104_face0.jpg,104
10_face0.jpg,10
985_face0.jpg,985
985_face1.jpg,985
985_face2.jpg,985
936_face0.jpg,936
933_face0.jpg,933
926_face0.jpg,926
786_face0.jpg,786
740_face0.jpg,740
723_face0.jpg,723
722_face0.jpg,722
722_face1.jpg,722
722_face2.jpg,722
71_face0.jpg,71
71_face1.jpg,71
71_face2.jpg,71
71_face3.jpg,71
71_face4.jpg,71
71_face5.jpg,71
71_face6.jpg,71
698_face0.jpg,698
698_face1.jpg,698
684_face0.jpg,684
676_face0.jpg,676
646_face0.jpg,646
583_face0.jpg,583
569_face0.jpg,569
566_face0.jpg,566
45_face0.jpg,45
45_face1.jpg,45
43_face0.jpg,43
43_face1.jpg,43
384_face0.jpg,384
384_face1.jpg,384
346_face0.jpg,346
339_face0.jpg,339
310_face0.jpg,310
310_face1.jpg,310
310_face2.jpg,310
310_face3.jpg,310
310_face4.jpg,310
308_face0.jpg,308
308_face1.jpg,308
308_face2.jpg,308
308_face3.jpg,308
308_face4.jpg,308
215_face0.jpg,215
200_face0.jpg,200
200_face1.jpg,200
131_face0.jpg,131
1242_face0.jpg,1242
1242_face1.jpg,1242
1227_face0.jpg,1227
1186_face0.jpg,1186
1186_face1.jpg,1186
1186_face2.jpg,1186
1186_face3.jpg,1186
1186_face4.jpg,1186
1173_face0.jpg,1173
1140_face0.jpg,1140
1140_face1.jpg,1140
1136_face0.jpg,1136
1136_face1.jpg,1136
1136_face2.jpg,1136
1114_face0.jpg,1114
1100_face0.jpg,1100
1072_face0.jpg,1072
1042_face0.jpg,1042
1041_face0.jpg,1041
1041_face1.jpg,1041
1039_face0.jpg,1039
1012_face0.jpg,1012
955_face0.jpg,955
955_face1.jpg,955
955_face2.jpg,955
947_face0.jpg,947
942_face0.jpg,942
935_face0.jpg,935
935_face1.jpg,935
935_face2.jpg,935
935_face3.jpg,935
935_face4.jpg,935
929_face0.jpg,929
922_face0.jpg,922
920_face0.jpg,920
920_face1.jpg,920
859_face0.jpg,859
841_face0.jpg,841
833_face0.jpg,833
825_face0.jpg,825
823_face0.jpg,823
821_face0.jpg,821
783_face0.jpg,783
757_face0.jpg,757
730_face0.jpg,730
728_face0.jpg,728
728_face1.jpg,728
728_face2.jpg,728
714_face0.jpg,714
714_face1.jpg,714
703_face0.jpg,703
702_face0.jpg,702
702_face1.jpg,702
667_face0.jpg,667
630_face0.jpg,630
630_face1.jpg,630
617_face0.jpg,617
617_face1.jpg,617
588_face0.jpg,588
588_face1.jpg,588
588_face2.jpg,588
588_face3.jpg,588
588_face4.jpg,588
588_face5.jpg,588
588_face6.jpg,588
588_face7.jpg,588
586_face0.jpg,586
586_face1.jpg,586
586_face2.jpg,586
553_face0.jpg,553
553_face1.jpg,553
552_face0.jpg,552
552_face1.jpg,552
552_face2.jpg,552
54_face0.jpg,54
54_face1.jpg,54
54_face2.jpg,54
500_face0.jpg,500
500_face1.jpg,500
498_face0.jpg,498
498_face1.jpg,498
498_face2.jpg,498
485_face0.jpg,485
474_face0.jpg,474
449_face0.jpg,449
444_face0.jpg,444
376_face0.jpg,376
376_face1.jpg,376
376_face2.jpg,376
366_face0.jpg,366
366_face1.jpg,366
35_face0.jpg,35
257_face0.jpg,257
257_face1.jpg,257
247_face0.jpg,247
247_face1.jpg,247
247_face2.jpg,247
247_face3.jpg,247
223_face0.jpg,223
223_face1.jpg,223
15_face0.jpg,15
133_face0.jpg,133
133_face1.jpg,133
1188_face0.jpg,1188
1188_face1.jpg,1188
1155_face0.jpg,1155
1155_face1.jpg,1155
1155_face2.jpg,1155
1147_face0.jpg,1147
1147_face1.jpg,1147
1147_face2.jpg,1147
1142_face0.jpg,1142
1136_face0.jpg,1136
1136_face1.jpg,1136
1136_face2.jpg,1136
1134_face0.jpg,1134
109_face0.jpg,109
1080_face0.jpg,1080
1029_face0.jpg,1029
10_face0.jpg,10
940_face0.jpg,940
935_face0.jpg,935
93_face0.jpg,93
93_face1.jpg,93
908_face0.jpg,908
908_face1.jpg,908
908_face2.jpg,908
903_face0.jpg,903
888_face0.jpg,888
888_face1.jpg,888
888_face2.jpg,888
885_face0.jpg,885
885_face1.jpg,885
885_face2.jpg,885
882_face0.jpg,882
882_face1.jpg,882
882_face2.jpg,882
881_face0.jpg,881
880_face0.jpg,880
880_face1.jpg,880
873_face0.jpg,873
828_face0.jpg,828
809_face0.jpg,809
787_face0.jpg,787
787_face1.jpg,787
75_face0.jpg,75
75_face1.jpg,75
73_face0.jpg,73
73_face1.jpg,73
71_face0.jpg,71
699_face0.jpg,699
680_face0.jpg,680
642_face0.jpg,642
64_face0.jpg,64
631_face0.jpg,631
620_face0.jpg,620
620_face1.jpg,620
620_face2.jpg,620
62_face0.jpg,62
62_face1.jpg,62
617_face0.jpg,617
617_face1.jpg,617
617_face2.jpg,617
617_face3.jpg,617
589_face0.jpg,589
589_face1.jpg,589
566_face0.jpg,566
560_face0.jpg,560
541_face0.jpg,541
541_face1.jpg,541
54_face0.jpg,54
537_face0.jpg,537
504_face0.jpg,504
499_face0.jpg,499
499_face1.jpg,499
494_face0.jpg,494
494_face1.jpg,494
488_face0.jpg,488
484_face0.jpg,484
476_face0.jpg,476
476_face1.jpg,476
475_face0.jpg,475
448_face0.jpg,448
424_face0.jpg,424
407_face0.jpg,407
396_face0.jpg,396
395_face0.jpg,395
393_face0.jpg,393
393_face1.jpg,393
261_face0.jpg,261
241_face0.jpg,241
223_face0.jpg,223
171_face0.jpg,171
17_face0.jpg,17
156_face0.jpg,156
1206_face0.jpg,1206
120_face0.jpg,120
1179_face0.jpg,1179
1159_face0.jpg,1159
1156_face0.jpg,1156
1155_face0.jpg,1155
1152_face0.jpg,1152
1151_face0.jpg,1151
1146_face0.jpg,1146
1136_face0.jpg,1136
1131_face0.jpg,1131
1127_face0.jpg,1127
1119_face0.jpg,1119
1112_face0.jpg,1112
1082_face0.jpg,1082
1082_face1.jpg,1082
1067_face0.jpg,1067
1039_face0.jpg,1039
1039_face1.jpg,1039
1039_face2.jpg,1039
1039_face3.jpg,1039
1012_face0.jpg,1012
1004_face0.jpg,1004
100_face0.jpg,100
986_face0.jpg,986
984_face0.jpg,984
984_face1.jpg,984
974_face0.jpg,974
974_face1.jpg,974
974_face2.jpg,974
974_face3.jpg,974
974_face4.jpg,974
949_face0.jpg,949
935_face0.jpg,935
935_face1.jpg,935
935_face2.jpg,935
935_face3.jpg,935
935_face4.jpg,935
935_face5.jpg,935
926_face0.jpg,926
926_face1.jpg,926
898_face0.jpg,898
888_face0.jpg,888
837_face0.jpg,837
836_face0.jpg,836
825_face0.jpg,825
823_face0.jpg,823
821_face0.jpg,821
821_face1.jpg,821
789_face0.jpg,789
789_face1.jpg,789
781_face0.jpg,781
776_face0.jpg,776
768_face0.jpg,768
766_face0.jpg,766
748_face0.jpg,748
748_face1.jpg,748
718_face0.jpg,718
703_face0.jpg,703
682_face0.jpg,682
655_face0.jpg,655
650_face0.jpg,650
648_face0.jpg,648
643_face0.jpg,643
601_face0.jpg,601
599_face0.jpg,599
586_face0.jpg,586
581_face0.jpg,581
580_face0.jpg,580
579_face0.jpg,579
563_face0.jpg,563
555_face0.jpg,555
549_face0.jpg,549
539_face0.jpg,539
536_face0.jpg,536
529_face0.jpg,529
521_face0.jpg,521
52_face0.jpg,52
52_face1.jpg,52
487_face0.jpg,487
470_face0.jpg,470
470_face1.jpg,470
324_face0.jpg,324
324_face1.jpg,324
324_face2.jpg,324
319_face0.jpg,319
319_face1.jpg,319
252_face0.jpg,252
252_face1.jpg,252
252_face2.jpg,252
252_face3.jpg,252
1310_face0.jpg,1310
1258_face0.jpg,1258
1258_face1.jpg,1258
1257_face0.jpg,1257
1257_face1.jpg,1257
1237_face0.jpg,1237
1234_face0.jpg,1234
1136_face0.jpg,1136
1097_face0.jpg,1097
1097_face1.jpg,1097
1097_face2.jpg,1097
107_face0.jpg,107
1032_face0.jpg,1032
995_face0.jpg,995
959_face0.jpg,959
958_face0.jpg,958
929_face0.jpg,929
929_face1.jpg,929
929_face2.jpg,929
914_face0.jpg,914
914_face1.jpg,914
913_face0.jpg,913
834_face0.jpg,834
824_face0.jpg,824
803_face0.jpg,803
798_face0.jpg,798
767_face0.jpg,767
763_face0.jpg,763
743_face0.jpg,743
739_face0.jpg,739
739_face1.jpg,739
739_face2.jpg,739
731_face0.jpg,731
730_face0.jpg,730
729_face0.jpg,729
726_face0.jpg,726
718_face0.jpg,718
707_face0.jpg,707
669_face0.jpg,669
669_face1.jpg,669
669_face2.jpg,669
647_face0.jpg,647
637_face0.jpg,637
626_face0.jpg,626
617_face0.jpg,617
612_face0.jpg,612
586_face0.jpg,586
579_face0.jpg,579
523_face0.jpg,523
521_face0.jpg,521
518_face0.jpg,518
515_face0.jpg,515
509_face0.jpg,509
496_face0.jpg,496
472_face0.jpg,472
427_face0.jpg,427
423_face0.jpg,423
417_face0.jpg,417
398_face0.jpg,398
398_face1.jpg,398
397_face0.jpg,397
396_face0.jpg,396
394_face0.jpg,394
391_face0.jpg,391
389_face0.jpg,389
389_face1.jpg,389
34_face0.jpg,34
282_face0.jpg,282
282_face1.jpg,282
275_face0.jpg,275
275_face1.jpg,275
168_face0.jpg,168
165_face0.jpg,165
163_face0.jpg,163
125_face0.jpg,125
1218_face0.jpg,1218
1218_face1.jpg,1218
1183_face0.jpg,1183
1183_face1.jpg,1183
1183_face2.jpg,1183
1183_face3.jpg,1183
1165_face0.jpg,1165
1161_face0.jpg,1161
1130_face0.jpg,1130
1109_face0.jpg,1109
1109_face1.jpg,1109
1109_face2.jpg,1109
1108_face0.jpg,1108
1085_face0.jpg,1085
1085_face1.jpg,1085
1085_face2.jpg,1085
1085_face3.jpg,1085
1085_face4.jpg,1085
1085_face5.jpg,1085
1085_face6.jpg,1085
1085_face7.jpg,1085
1063_face0.jpg,1063
1037_face0.jpg,1037
1021_face0.jpg,1021
1021_face1.jpg,1021
1021_face2.jpg,1021
1019_face0.jpg,1019
996_face0.jpg,996
99_face0.jpg,99
985_face0.jpg,985
981_face0.jpg,981
949_face0.jpg,949
944_face0.jpg,944
942_face0.jpg,942
929_face0.jpg,929
929_face1.jpg,929
915_face0.jpg,915
915_face1.jpg,915
893_face0.jpg,893
890_face0.jpg,890
882_face0.jpg,882
866_face0.jpg,866
866_face1.jpg,866
866_face2.jpg,866
772_face0.jpg,772
770_face0.jpg,770
762_face0.jpg,762
759_face0.jpg,759
743_face0.jpg,743
731_face0.jpg,731
731_face1.jpg,731
711_face0.jpg,711
711_face1.jpg,711
69_face0.jpg,69
69_face1.jpg,69
69_face2.jpg,69
687_face0.jpg,687
655_face0.jpg,655
635_face0.jpg,635
635_face1.jpg,635
63_face0.jpg,63
611_face0.jpg,611
6_face0.jpg,6
58_face0.jpg,58
569_face0.jpg,569
565_face0.jpg,565
544_face0.jpg,544
539_face0.jpg,539
521_face0.jpg,521
488_face0.jpg,488
481_face0.jpg,481
464_face0.jpg,464
464_face1.jpg,464
464_face2.jpg,464
462_face0.jpg,462
462_face1.jpg,462
459_face0.jpg,459
458_face0.jpg,458
448_face0.jpg,448
442_face0.jpg,442
441_face0.jpg,441
439_face0.jpg,439
436_face0.jpg,436
421_face0.jpg,421
421_face1.jpg,421
420_face0.jpg,420
410_face0.jpg,410
389_face0.jpg,389
380_face0.jpg,380
380_face1.jpg,380
367_face0.jpg,367
367_face1.jpg,367
367_face2.jpg,367
353_face0.jpg,353
349_face0.jpg,349
297_face0.jpg,297
297_face1.jpg,297
297_face2.jpg,297
297_face3.jpg,297
297_face4.jpg,297
297_face5.jpg,297
297_face6.jpg,297
297_face7.jpg,297
290_face0.jpg,290
284_face0.jpg,284
279_face0.jpg,279
269_face0.jpg,269
269_face1.jpg,269
234_face0.jpg,234
234_face1.jpg,234
232_face0.jpg,232
206_face0.jpg,206
196_face0.jpg,196
196_face1.jpg,196
196_face2.jpg,196
196_face3.jpg,196
196_face4.jpg,196
19_face0.jpg,19
186_face0.jpg,186
185_face0.jpg,185
18_face0.jpg,18
18_face1.jpg,18
174_face0.jpg,174
170_face0.jpg,170
170_face1.jpg,170
17_face0.jpg,17
121_face0.jpg,121
1065_face0.jpg,1065
1056_face0.jpg,1056
1048_face0.jpg,1048
1022_face0.jpg,1022
1021_face0.jpg,1021
1020_face0.jpg,1020
1016_face0.jpg,1016
1016_face1.jpg,1016
1016_face2.jpg,1016
1008_face0.jpg,1008
1008_face1.jpg,1008
1001_face0.jpg,1001
966_face0.jpg,966
961_face0.jpg,961
956_face0.jpg,956
947_face0.jpg,947
947_face1.jpg,947
947_face2.jpg,947
947_face3.jpg,947
93_face0.jpg,93
93_face1.jpg,93
914_face0.jpg,914
913_face0.jpg,913
913_face1.jpg,913
905_face0.jpg,905
9_face0.jpg,9
884_face0.jpg,884
847_face0.jpg,847
846_face0.jpg,846
766_face0.jpg,766
766_face1.jpg,766
766_face2.jpg,766
746_face0.jpg,746
739_face0.jpg,739
735_face0.jpg,735
723_face0.jpg,723
723_face1.jpg,723
715_face0.jpg,715
715_face1.jpg,715
715_face2.jpg,715
674_face0.jpg,674
668_face0.jpg,668
667_face0.jpg,667
6_face0.jpg,6
549_face0.jpg,549
549_face1.jpg,549
549_face2.jpg,549
549_face3.jpg,549
549_face4.jpg,549
542_face0.jpg,542
527_face0.jpg,527
524_face0.jpg,524
522_face0.jpg,522
522_face1.jpg,522
410_face0.jpg,410
410_face1.jpg,410
410_face2.jpg,410
410_face3.jpg,410
410_face4.jpg,410
410_face5.jpg,410
410_face6.jpg,410
394_face0.jpg,394
367_face0.jpg,367
367_face1.jpg,367
360_face0.jpg,360
349_face0.jpg,349
324_face0.jpg,324
321_face0.jpg,321
321_face1.jpg,321
319_face0.jpg,319
319_face1.jpg,319
306_face0.jpg,306
306_face1.jpg,306
30_face0.jpg,30
256_face0.jpg,256
233_face0.jpg,233
233_face1.jpg,233
229_face0.jpg,229
229_face1.jpg,229
227_face0.jpg,227
225_face0.jpg,225
223_face0.jpg,223
207_face0.jpg,207
204_face0.jpg,204
197_face0.jpg,197
197_face1.jpg,197
191_face0.jpg,191
152_face0.jpg,152
152_face1.jpg,152
1146_face0.jpg,1146
1086_face0.jpg,1086
1084_face0.jpg,1084
1033_face0.jpg,1033
1028_face0.jpg,1028
1028_face1.jpg,1028
1028_face2.jpg,1028
1019_face0.jpg,1019
1019_face1.jpg,1019
1019_face2.jpg,1019
991_face0.jpg,991
941_face0.jpg,941
923_face0.jpg,923
923_face1.jpg,923
923_face2.jpg,923
919_face0.jpg,919
887_face0.jpg,887
887_face1.jpg,887
887_face2.jpg,887
863_face0.jpg,863
863_face1.jpg,863
863_face2.jpg,863
863_face3.jpg,863
859_face0.jpg,859
857_face0.jpg,857
857_face1.jpg,857
857_face2.jpg,857
855_face0.jpg,855
849_face0.jpg,849
849_face1.jpg,849
837_face0.jpg,837
804_face0.jpg,804
804_face1.jpg,804
800_face0.jpg,800
800_face1.jpg,800
800_face2.jpg,800
800_face3.jpg,800
791_face0.jpg,791
789_face0.jpg,789
789_face1.jpg,789
785_face0.jpg,785
783_face0.jpg,783
724_face0.jpg,724
718_face0.jpg,718
718_face1.jpg,718
714_face0.jpg,714
707_face0.jpg,707
707_face1.jpg,707
707_face2.jpg,707
696_face0.jpg,696
648_face0.jpg,648
648_face1.jpg,648
648_face2.jpg,648
647_face0.jpg,647
647_face1.jpg,647
63_face0.jpg,63
599_face0.jpg,599
599_face1.jpg,599
599_face2.jpg,599
597_face0.jpg,597
597_face1.jpg,597
590_face0.jpg,590
554_face0.jpg,554
554_face1.jpg,554
435_face0.jpg,435
426_face0.jpg,426
388_face0.jpg,388
388_face1.jpg,388
388_face2.jpg,388
374_face0.jpg,374
374_face1.jpg,374
374_face2.jpg,374
374_face3.jpg,374
374_face4.jpg,374
374_face5.jpg,374
271_face0.jpg,271
271_face1.jpg,271
271_face2.jpg,271
235_face0.jpg,235
231_face0.jpg,231
225_face0.jpg,225
224_face0.jpg,224
208_face0.jpg,208
192_face0.jpg,192
176_face0.jpg,176
174_face0.jpg,174
12_face0.jpg,12
12_face1.jpg,12
1067_face0.jpg,1067
1067_face1.jpg,1067
1056_face0.jpg,1056
1056_face1.jpg,1056
1056_face2.jpg,1056
1056_face3.jpg,1056
1056_face4.jpg,1056
103_face0.jpg,103
103_face1.jpg,103
10_face0.jpg,10
10_face1.jpg,10
989_face0.jpg,989
957_face0.jpg,957
949_face0.jpg,949
925_face0.jpg,925
912_face0.jpg,912
892_face0.jpg,892
892_face1.jpg,892
875_face0.jpg,875
875_face1.jpg,875
865_face0.jpg,865
815_face0.jpg,815
815_face1.jpg,815
796_face0.jpg,796
796_face1.jpg,796
793_face0.jpg,793
793_face1.jpg,793
771_face0.jpg,771
753_face0.jpg,753
744_face0.jpg,744
744_face1.jpg,744
721_face0.jpg,721
698_face0.jpg,698
677_face0.jpg,677
676_face0.jpg,676
66_face0.jpg,66
636_face0.jpg,636
596_face0.jpg,596
595_face0.jpg,595
593_face0.jpg,593
587_face0.jpg,587
580_face0.jpg,580
578_face0.jpg,578
571_face0.jpg,571
570_face0.jpg,570
570_face1.jpg,570
57_face0.jpg,57
549_face0.jpg,549
542_face0.jpg,542
542_face1.jpg,542
542_face2.jpg,542
537_face0.jpg,537
526_face0.jpg,526
526_face1.jpg,526
526_face2.jpg,526
525_face0.jpg,525
525_face1.jpg,525
522_face0.jpg,522
522_face1.jpg,522
522_face2.jpg,522
519_face0.jpg,519
484_face0.jpg,484
48_face0.jpg,48
470_face0.jpg,470
468_face0.jpg,468
466_face0.jpg,466
466_face1.jpg,466
464_face0.jpg,464
456_face0.jpg,456
419_face0.jpg,419
412_face0.jpg,412
398_face0.jpg,398
398_face1.jpg,398
375_face0.jpg,375
372_face0.jpg,372
333_face0.jpg,333
331_face0.jpg,331
33_face0.jpg,33
33_face1.jpg,33
315_face0.jpg,315
299_face0.jpg,299
293_face0.jpg,293
29_face0.jpg,29
272_face0.jpg,272
270_face0.jpg,270
267_face0.jpg,267
266_face0.jpg,266
256_face0.jpg,256
242_face0.jpg,242
237_face0.jpg,237
226_face0.jpg,226
20_face0.jpg,20
194_face0.jpg,194
174_face0.jpg,174
172_face0.jpg,172
166_face0.jpg,166
165_face0.jpg,165
161_face0.jpg,161
161_face1.jpg,161
161_face2.jpg,161
161_face3.jpg,161
16_face0.jpg,16
133_face0.jpg,133
1076_face0.jpg,1076
1070_face0.jpg,1070
1069_face0.jpg,1069
1046_face0.jpg,1046
1045_face0.jpg,1045
1034_face0.jpg,1034
1033_face0.jpg,1033
1025_face0.jpg,1025
1025_face1.jpg,1025
1025_face2.jpg,1025
1014_face0.jpg,1014
985_face0.jpg,985
938_face0.jpg,938
938_face1.jpg,938
931_face0.jpg,931
924_face0.jpg,924
921_face0.jpg,921
916_face0.jpg,916
916_face1.jpg,916
9_face0.jpg,9
9_face1.jpg,9
889_face0.jpg,889
889_face1.jpg,889
882_face0.jpg,882
882_face1.jpg,882
882_face2.jpg,882
882_face3.jpg,882
830_face0.jpg,830
830_face1.jpg,830
82_face0.jpg,82
82_face1.jpg,82
805_face0.jpg,805
794_face0.jpg,794
785_face0.jpg,785
770_face0.jpg,770
761_face0.jpg,761
758_face0.jpg,758
758_face1.jpg,758
754_face0.jpg,754
754_face1.jpg,754
753_face0.jpg,753
752_face0.jpg,752
752_face1.jpg,752
752_face2.jpg,752
740_face0.jpg,740
740_face1.jpg,740
735_face0.jpg,735
735_face1.jpg,735
728_face0.jpg,728
728_face1.jpg,728
720_face0.jpg,720
720_face1.jpg,720
704_face0.jpg,704
686_face0.jpg,686
679_face0.jpg,679
679_face1.jpg,679
651_face0.jpg,651
651_face1.jpg,651
649_face0.jpg,649
649_face1.jpg,649
646_face0.jpg,646
644_face0.jpg,644
64_face0.jpg,64
623_face0.jpg,623
623_face1.jpg,623
612_face0.jpg,612
608_face0.jpg,608
608_face1.jpg,608
607_face0.jpg,607
583_face0.jpg,583
571_face0.jpg,571
561_face0.jpg,561
556_face0.jpg,556
556_face1.jpg,556
536_face0.jpg,536
530_face0.jpg,530
530_face1.jpg,530
527_face0.jpg,527
524_face0.jpg,524
523_face0.jpg,523
518_face0.jpg,518
517_face0.jpg,517
512_face0.jpg,512
509_face0.jpg,509
505_face0.jpg,505
505_face1.jpg,505
493_face0.jpg,493
483_face0.jpg,483
483_face1.jpg,483
481_face0.jpg,481
471_face0.jpg,471
460_face0.jpg,460
452_face0.jpg,452
452_face1.jpg,452
452_face2.jpg,452
447_face0.jpg,447
447_face1.jpg,447
444_face0.jpg,444
441_face0.jpg,441
439_face0.jpg,439
429_face0.jpg,429
423_face0.jpg,423
423_face1.jpg,423
413_face0.jpg,413
413_face1.jpg,413
407_face0.jpg,407
400_face0.jpg,400
395_face0.jpg,395
374_face0.jpg,374
362_face0.jpg,362
362_face1.jpg,362
359_face0.jpg,359
356_face0.jpg,356
356_face1.jpg,356
346_face0.jpg,346
342_face0.jpg,342
341_face0.jpg,341
341_face1.jpg,341
334_face0.jpg,334
331_face0.jpg,331
324_face0.jpg,324
321_face0.jpg,321
321_face1.jpg,321
321_face2.jpg,321
320_face0.jpg,320
317_face0.jpg,317
316_face0.jpg,316
316_face1.jpg,316
313_face0.jpg,313
311_face0.jpg,311
305_face0.jpg,305
305_face1.jpg,305
304_face0.jpg,304
303_face0.jpg,303
298_face0.jpg,298
297_face0.jpg,297
295_face0.jpg,295
292_face0.jpg,292
202_face0.jpg,202
192_face0.jpg,192
172_face0.jpg,172
159_face0.jpg,159
1033_face0.jpg,1033
1033_face1.jpg,1033
992_face0.jpg,992
984_face0.jpg,984
959_face0.jpg,959
959_face1.jpg,959
955_face0.jpg,955
955_face1.jpg,955
951_face0.jpg,951
934_face0.jpg,934
934_face1.jpg,934
910_face0.jpg,910
910_face1.jpg,910
899_face0.jpg,899
855_face0.jpg,855
854_face0.jpg,854
854_face1.jpg,854
854_face2.jpg,854
854_face3.jpg,854
851_face0.jpg,851
851_face1.jpg,851
851_face2.jpg,851
844_face0.jpg,844
844_face1.jpg,844
844_face2.jpg,844
831_face0.jpg,831
820_face0.jpg,820
803_face0.jpg,803
803_face1.jpg,803
799_face0.jpg,799
788_face0.jpg,788
780_face0.jpg,780
777_face0.jpg,777
777_face1.jpg,777
776_face0.jpg,776
774_face0.jpg,774
747_face0.jpg,747
741_face0.jpg,741
741_face1.jpg,741
723_face0.jpg,723
723_face1.jpg,723
723_face2.jpg,723
687_face0.jpg,687
684_face0.jpg,684
684_face1.jpg,684
684_face2.jpg,684
684_face3.jpg,684
684_face4.jpg,684
683_face0.jpg,683
679_face0.jpg,679
650_face0.jpg,650
650_face1.jpg,650
645_face0.jpg,645
633_face0.jpg,633
633_face1.jpg,633
63_face0.jpg,63
628_face0.jpg,628
628_face1.jpg,628
614_face0.jpg,614
602_face0.jpg,602
598_face0.jpg,598
591_face0.jpg,591
59_face0.jpg,59
59_face1.jpg,59
59_face2.jpg,59
582_face0.jpg,582
581_face0.jpg,581
579_face0.jpg,579
579_face1.jpg,579
578_face0.jpg,578
576_face0.jpg,576
564_face0.jpg,564
564_face1.jpg,564
549_face0.jpg,549
549_face1.jpg,549
529_face0.jpg,529
528_face0.jpg,528
527_face0.jpg,527
527_face1.jpg,527
525_face0.jpg,525
500_face0.jpg,500
500_face1.jpg,500
500_face2.jpg,500
494_face0.jpg,494
494_face1.jpg,494
493_face0.jpg,493
493_face1.jpg,493
489_face0.jpg,489
480_face0.jpg,480
469_face0.jpg,469
458_face0.jpg,458
437_face0.jpg,437
437_face1.jpg,437
437_face2.jpg,437
421_face0.jpg,421
419_face0.jpg,419
414_face0.jpg,414
411_face0.jpg,411
411_face1.jpg,411
411_face2.jpg,411
411_face3.jpg,411
399_face0.jpg,399
394_face0.jpg,394
378_face0.jpg,378
378_face1.jpg,378
354_face0.jpg,354
354_face1.jpg,354
353_face0.jpg,353
351_face0.jpg,351
342_face0.jpg,342
339_face0.jpg,339
339_face1.jpg,339
339_face2.jpg,339
329_face0.jpg,329
325_face0.jpg,325
321_face0.jpg,321
32_face0.jpg,32
317_face0.jpg,317
317_face1.jpg,317
30_face0.jpg,30
30_face1.jpg,30
3_face0.jpg,3
3_face1.jpg,3
3_face2.jpg,3
238_face0.jpg,238
238_face1.jpg,238
23_face0.jpg,23
23_face1.jpg,23
203_face0.jpg,203
203_face1.jpg,203
202_face0.jpg,202
202_face1.jpg,202
202_face2.jpg,202
202_face3.jpg,202
202_face4.jpg,202
202_face5.jpg,202
202_face6.jpg,202
202_face7.jpg,202
202_face8.jpg,202
160_face0.jpg,160
156_face0.jpg,156
14_face0.jpg,14
14_face1.jpg,14
14_face2.jpg,14
132_face0.jpg,132
1250_face0.jpg,1250
1249_face0.jpg,1249
1249_face1.jpg,1249
1248_face0.jpg,1248
1248_face1.jpg,1248
1240_face0.jpg,1240
1237_face0.jpg,1237
1237_face1.jpg,1237
1237_face2.jpg,1237
1135_face0.jpg,1135
1132_face0.jpg,1132
1132_face1.jpg,1132
1113_face0.jpg,1113
1112_face0.jpg,1112
1098_face0.jpg,1098
1098_face1.jpg,1098
1098_face2.jpg,1098
1098_face3.jpg,1098
1098_face4.jpg,1098
1098_face5.jpg,1098
1098_face6.jpg,1098
1090_face0.jpg,1090
1070_face0.jpg,1070
1068_face0.jpg,1068
1058_face0.jpg,1058
1035_face0.jpg,1035
99_face0.jpg,99
986_face0.jpg,986
949_face0.jpg,949
943_face0.jpg,943
943_face1.jpg,943
943_face2.jpg,943
943_face3.jpg,943
943_face4.jpg,943
943_face5.jpg,943
943_face6.jpg,943
943_face7.jpg,943
933_face0.jpg,933
933_face1.jpg,933
933_face2.jpg,933
915_face0.jpg,915
915_face1.jpg,915
914_face0.jpg,914
912_face0.jpg,912
912_face1.jpg,912
908_face0.jpg,908
906_face0.jpg,906
906_face1.jpg,906
897_face0.jpg,897
896_face0.jpg,896
888_face0.jpg,888
878_face0.jpg,878
839_face0.jpg,839
810_face0.jpg,810
809_face0.jpg,809
809_face1.jpg,809
802_face0.jpg,802
802_face1.jpg,802
799_face0.jpg,799
799_face1.jpg,799
763_face0.jpg,763
761_face0.jpg,761
743_face0.jpg,743
735_face0.jpg,735
735_face1.jpg,735
734_face0.jpg,734
734_face1.jpg,734
733_face0.jpg,733
730_face0.jpg,730
726_face0.jpg,726
713_face0.jpg,713
712_face0.jpg,712
712_face1.jpg,712
697_face0.jpg,697
692_face0.jpg,692
690_face0.jpg,690
690_face1.jpg,690
687_face0.jpg,687
679_face0.jpg,679
652_face0.jpg,652
652_face1.jpg,652
635_face0.jpg,635
635_face1.jpg,635
635_face2.jpg,635
635_face3.jpg,635
618_face0.jpg,618
618_face1.jpg,618
618_face2.jpg,618
618_face3.jpg,618
618_face4.jpg,618
618_face5.jpg,618
618_face6.jpg,618
612_face0.jpg,612
598_face0.jpg,598
598_face1.jpg,598
595_face0.jpg,595
584_face0.jpg,584
581_face0.jpg,581
565_face0.jpg,565
548_face0.jpg,548
544_face0.jpg,544
544_face1.jpg,544
544_face2.jpg,544
542_face0.jpg,542
532_face0.jpg,532
527_face0.jpg,527
517_face0.jpg,517
498_face0.jpg,498
496_face0.jpg,496
496_face1.jpg,496
494_face0.jpg,494
489_face0.jpg,489
488_face0.jpg,488
480_face0.jpg,480
479_face0.jpg,479
479_face1.jpg,479
470_face0.jpg,470
458_face0.jpg,458
458_face1.jpg,458
458_face2.jpg,458
458_face3.jpg,458
456_face0.jpg,456
455_face0.jpg,455
454_face0.jpg,454
449_face0.jpg,449
447_face0.jpg,447
406_face0.jpg,406
403_face0.jpg,403
401_face0.jpg,401
400_face0.jpg,400
387_face0.jpg,387
367_face0.jpg,367
361_face0.jpg,361
336_face0.jpg,336
332_face0.jpg,332
332_face1.jpg,332
310_face0.jpg,310
309_face0.jpg,309
303_face0.jpg,303
30_face0.jpg,30
30_face1.jpg,30
288_face0.jpg,288
288_face1.jpg,288
288_face2.jpg,288
28_face0.jpg,28
28_face1.jpg,28
28_face2.jpg,28
271_face0.jpg,271
263_face0.jpg,263
258_face0.jpg,258
240_face0.jpg,240
240_face1.jpg,240
239_face0.jpg,239
239_face1.jpg,239
206_face0.jpg,206
206_face1.jpg,206
206_face2.jpg,206
206_face3.jpg,206
173_face0.jpg,173
143_face0.jpg,143
143_face1.jpg,143
143_face2.jpg,143
136_face0.jpg,136
136_face1.jpg,136
130_face0.jpg,130
130_face1.jpg,130
13_face0.jpg,13
13_face1.jpg,13
1145_face0.jpg,1145
1145_face1.jpg,1145
1142_face0.jpg,1142
1139_face0.jpg,1139
1117_face0.jpg,1117
1113_face0.jpg,1113
1113_face1.jpg,1113
1113_face2.jpg,1113
1113_face3.jpg,1113
1076_face0.jpg,1076
1076_face1.jpg,1076
1049_face0.jpg,1049
1047_face0.jpg,1047
1032_face0.jpg,1032
1032_face1.jpg,1032
1027_face0.jpg,1027
1027_face1.jpg,1027
1027_face2.jpg,1027
1027_face3.jpg,1027
1009_face0.jpg,1009
1002_face0.jpg,1002
923_face0.jpg,923
922_face0.jpg,922
86_face0.jpg,86
825_face0.jpg,825
825_face1.jpg,825
825_face2.jpg,825
825_face3.jpg,825
81_face0.jpg,81
793_face0.jpg,793
793_face1.jpg,793
782_face0.jpg,782
72_face0.jpg,72
704_face0.jpg,704
700_face0.jpg,700
700_face1.jpg,700
700_face2.jpg,700
700_face3.jpg,700
70_face0.jpg,70
70_face1.jpg,70
70_face2.jpg,70
7_face0.jpg,7
697_face0.jpg,697
684_face0.jpg,684
665_face0.jpg,665
636_face0.jpg,636
636_face1.jpg,636
630_face0.jpg,630
627_face0.jpg,627
619_face0.jpg,619
562_face0.jpg,562
562_face1.jpg,562
553_face0.jpg,553
541_face0.jpg,541
532_face0.jpg,532
532_face1.jpg,532
526_face0.jpg,526
525_face0.jpg,525
525_face1.jpg,525
525_face2.jpg,525
525_face3.jpg,525
525_face4.jpg,525
500_face0.jpg,500
497_face0.jpg,497
483_face0.jpg,483
483_face1.jpg,483
483_face2.jpg,483
481_face0.jpg,481
481_face1.jpg,481
456_face0.jpg,456
451_face0.jpg,451
45_face0.jpg,45
440_face0.jpg,440
432_face0.jpg,432
425_face0.jpg,425
412_face0.jpg,412
412_face1.jpg,412
399_face0.jpg,399
398_face0.jpg,398
398_face1.jpg,398
398_face2.jpg,398
390_face0.jpg,390
382_face0.jpg,382
382_face1.jpg,382
380_face0.jpg,380
359_face0.jpg,359
352_face0.jpg,352
35_face0.jpg,35
35_face1.jpg,35
35_face2.jpg,35
346_face0.jpg,346
344_face0.jpg,344
342_face0.jpg,342
34_face0.jpg,34
337_face0.jpg,337
326_face0.jpg,326
325_face0.jpg,325
323_face0.jpg,323
322_face0.jpg,322
319_face0.jpg,319
317_face0.jpg,317
316_face0.jpg,316
310_face0.jpg,310
309_face0.jpg,309
308_face0.jpg,308
306_face0.jpg,306
306_face1.jpg,306
306_face2.jpg,306
299_face0.jpg,299
298_face0.jpg,298
268_face0.jpg,268
267_face0.jpg,267
256_face0.jpg,256
255_face0.jpg,255
255_face1.jpg,255
254_face0.jpg,254
235_face0.jpg,235
235_face1.jpg,235
234_face0.jpg,234
220_face0.jpg,220
216_face0.jpg,216
201_face0.jpg,201
195_face0.jpg,195
195_face1.jpg,195
191_face0.jpg,191
191_face1.jpg,191
173_face0.jpg,173
172_face0.jpg,172
170_face0.jpg,170
163_face0.jpg,163
144_face0.jpg,144
144_face1.jpg,144
144_face2.jpg,144
134_face0.jpg,134
125_face0.jpg,125
117_face0.jpg,117
117_face1.jpg,117
114_face0.jpg,114
114_face1.jpg,114
113_face0.jpg,113
108_face0.jpg,108
108_face1.jpg,108
108_face2.jpg,108
987_face0.jpg,987
987_face1.jpg,987
971_face0.jpg,971
944_face0.jpg,944
836_face0.jpg,836
836_face1.jpg,836
836_face2.jpg,836
806_face0.jpg,806
803_face0.jpg,803
760_face0.jpg,760
756_face0.jpg,756
756_face1.jpg,756
740_face0.jpg,740
691_face0.jpg,691
691_face1.jpg,691
691_face2.jpg,691
667_face0.jpg,667
560_face0.jpg,560
559_face0.jpg,559
549_face0.jpg,549
540_face0.jpg,540
529_face0.jpg,529
529_face1.jpg,529
505_face0.jpg,505
505_face1.jpg,505
500_face0.jpg,500
450_face0.jpg,450
450_face1.jpg,450
450_face2.jpg,450
450_face3.jpg,450
450_face4.jpg,450
450_face5.jpg,450
436_face0.jpg,436
436_face1.jpg,436
429_face0.jpg,429
429_face1.jpg,429
422_face0.jpg,422
405_face0.jpg,405
367_face0.jpg,367
367_face1.jpg,367
367_face2.jpg,367
348_face0.jpg,348
348_face1.jpg,348
348_face2.jpg,348
28_face0.jpg,28
28_face1.jpg,28
28_face2.jpg,28
278_face0.jpg,278
278_face1.jpg,278
274_face0.jpg,274
241_face0.jpg,241
161_face0.jpg,161
161_face1.jpg,161
161_face2.jpg,161
161_face3.jpg,161
155_face0.jpg,155
155_face1.jpg,155
15_face0.jpg,15
149_face0.jpg,149
149_face1.jpg,149
149_face2.jpg,149
138_face0.jpg,138
1111_face0.jpg,1111
1103_face0.jpg,1103
1076_face0.jpg,1076
1075_face0.jpg,1075
1075_face1.jpg,1075
1073_face0.jpg,1073
1066_face0.jpg,1066
1045_face0.jpg,1045
1040_face0.jpg,1040
1039_face0.jpg,1039
1007_face0.jpg,1007
1005_face0.jpg,1005
927_face0.jpg,927
918_face0.jpg,918
89_face0.jpg,89
807_face0.jpg,807
780_face0.jpg,780
765_face0.jpg,765
762_face0.jpg,762
752_face0.jpg,752
728_face0.jpg,728
726_face0.jpg,726
712_face0.jpg,712
712_face1.jpg,712
712_face2.jpg,712
712_face3.jpg,712
706_face0.jpg,706
703_face0.jpg,703
692_face0.jpg,692
687_face0.jpg,687
687_face1.jpg,687
687_face2.jpg,687
664_face0.jpg,664
664_face1.jpg,664
617_face0.jpg,617
617_face1.jpg,617
608_face0.jpg,608
593_face0.jpg,593
580_face0.jpg,580
574_face0.jpg,574
557_face0.jpg,557
548_face0.jpg,548
520_face0.jpg,520
517_face0.jpg,517
517_face1.jpg,517
511_face0.jpg,511
511_face1.jpg,511
506_face0.jpg,506
506_face1.jpg,506
499_face0.jpg,499
416_face0.jpg,416
409_face0.jpg,409
320_face0.jpg,320
305_face0.jpg,305
289_face0.jpg,289
289_face1.jpg,289
289_face2.jpg,289
289_face3.jpg,289
278_face0.jpg,278
278_face1.jpg,278
267_face0.jpg,267
216_face0.jpg,216
169_face0.jpg,169
1296_face0.jpg,1296
1278_face0.jpg,1278
124_face0.jpg,124
124_face1.jpg,124
124_face2.jpg,124
1224_face0.jpg,1224
12_face0.jpg,12
1157_face0.jpg,1157
1154_face0.jpg,1154
1028_face0.jpg,1028
1001_face0.jpg,1001
89_face0.jpg,89
840_face0.jpg,840
837_face0.jpg,837
836_face0.jpg,836
815_face0.jpg,815
812_face0.jpg,812
812_face1.jpg,812
812_face2.jpg,812
8_face0.jpg,8
776_face0.jpg,776
776_face1.jpg,776
77_face0.jpg,77
72_face0.jpg,72
718_face0.jpg,718
718_face1.jpg,718
707_face0.jpg,707
705_face0.jpg,705
705_face1.jpg,705
704_face0.jpg,704
704_face1.jpg,704
701_face0.jpg,701
700_face0.jpg,700
689_face0.jpg,689
683_face0.jpg,683
682_face0.jpg,682
682_face1.jpg,682
682_face2.jpg,682
682_face3.jpg,682
680_face0.jpg,680
68_face0.jpg,68
676_face0.jpg,676
676_face1.jpg,676
676_face2.jpg,676
676_face3.jpg,676
675_face0.jpg,675
675_face1.jpg,675
675_face2.jpg,675
675_face3.jpg,675
672_face0.jpg,672
672_face1.jpg,672
642_face0.jpg,642
639_face0.jpg,639
633_face0.jpg,633
633_face1.jpg,633
616_face0.jpg,616
616_face1.jpg,616
616_face2.jpg,616
616_face3.jpg,616
616_face4.jpg,616
596_face0.jpg,596
596_face1.jpg,596
596_face2.jpg,596
578_face0.jpg,578
577_face0.jpg,577
577_face1.jpg,577
571_face0.jpg,571
571_face1.jpg,571
570_face0.jpg,570
567_face0.jpg,567
567_face1.jpg,567
557_face0.jpg,557
557_face1.jpg,557
533_face0.jpg,533
533_face1.jpg,533
528_face0.jpg,528
526_face0.jpg,526
523_face0.jpg,523
512_face0.jpg,512
512_face1.jpg,512
510_face0.jpg,510
510_face1.jpg,510
495_face0.jpg,495
495_face1.jpg,495
472_face0.jpg,472
472_face1.jpg,472
472_face2.jpg,472
47_face0.jpg,47
464_face0.jpg,464
464_face1.jpg,464
428_face0.jpg,428
412_face0.jpg,412
410_face0.jpg,410
401_face0.jpg,401
397_face0.jpg,397
367_face0.jpg,367
359_face0.jpg,359
355_face0.jpg,355
355_face1.jpg,355
352_face0.jpg,352
352_face1.jpg,352
349_face0.jpg,349
347_face0.jpg,347
335_face0.jpg,335
335_face1.jpg,335
335_face2.jpg,335
332_face0.jpg,332
329_face0.jpg,329
326_face0.jpg,326
325_face0.jpg,325
320_face0.jpg,320
320_face1.jpg,320
320_face2.jpg,320
320_face3.jpg,320
318_face0.jpg,318
316_face0.jpg,316
316_face1.jpg,316
316_face2.jpg,316
316_face3.jpg,316
307_face0.jpg,307
307_face1.jpg,307
305_face0.jpg,305
305_face1.jpg,305
302_face0.jpg,302
302_face1.jpg,302
299_face0.jpg,299
299_face1.jpg,299
299_face2.jpg,299
296_face0.jpg,296
293_face0.jpg,293
293_face1.jpg,293
289_face0.jpg,289
282_face0.jpg,282
282_face1.jpg,282
269_face0.jpg,269
269_face1.jpg,269
261_face0.jpg,261
261_face1.jpg,261
259_face0.jpg,259
259_face1.jpg,259
255_face0.jpg,255
218_face0.jpg,218
216_face0.jpg,216
201_face0.jpg,201
201_face1.jpg,201
201_face2.jpg,201
201_face3.jpg,201
198_face0.jpg,198
198_face1.jpg,198
198_face2.jpg,198
198_face3.jpg,198
184_face0.jpg,184
164_face0.jpg,164
164_face1.jpg,164
164_face2.jpg,164
164_face3.jpg,164
164_face4.jpg,164
164_face5.jpg,164
159_face0.jpg,159
159_face1.jpg,159
158_face0.jpg,158
158_face1.jpg,158
154_face0.jpg,154
154_face1.jpg,154
150_face0.jpg,150
150_face1.jpg,150
150_face2.jpg,150
149_face0.jpg,149
149_face1.jpg,149
12_face0.jpg,12
11_face0.jpg,11
106_face0.jpg,106
10_face0.jpg,10
1_face0.jpg,1
989_face0.jpg,989
928_face0.jpg,928
928_face1.jpg,928
928_face2.jpg,928
909_face0.jpg,909
909_face1.jpg,909
909_face2.jpg,909
903_face0.jpg,903
894_face0.jpg,894
892_face0.jpg,892
873_face0.jpg,873
855_face0.jpg,855
845_face0.jpg,845
825_face0.jpg,825
815_face0.jpg,815
815_face1.jpg,815
802_face0.jpg,802
802_face1.jpg,802
787_face0.jpg,787
754_face0.jpg,754
753_face0.jpg,753
753_face1.jpg,753
742_face0.jpg,742
742_face1.jpg,742
742_face2.jpg,742
740_face0.jpg,740
738_face0.jpg,738
736_face0.jpg,736
720_face0.jpg,720
720_face1.jpg,720
718_face0.jpg,718
718_face1.jpg,718
711_face0.jpg,711
711_face1.jpg,711
70_face0.jpg,70
70_face1.jpg,70
70_face2.jpg,70
70_face3.jpg,70
70_face4.jpg,70
70_face5.jpg,70
70_face6.jpg,70
695_face0.jpg,695
683_face0.jpg,683
683_face1.jpg,683
677_face0.jpg,677
677_face1.jpg,677
677_face2.jpg,677
677_face3.jpg,677
671_face0.jpg,671
671_face1.jpg,671
663_face0.jpg,663
645_face0.jpg,645
645_face1.jpg,645
637_face0.jpg,637
633_face0.jpg,633
620_face0.jpg,620
606_face0.jpg,606
597_face0.jpg,597
597_face1.jpg,597
597_face2.jpg,597
593_face0.jpg,593
593_face1.jpg,593
592_face0.jpg,592
590_face0.jpg,590
584_face0.jpg,584
583_face0.jpg,583
583_face1.jpg,583
582_face0.jpg,582
581_face0.jpg,581
576_face0.jpg,576
564_face0.jpg,564
561_face0.jpg,561
559_face0.jpg,559
549_face0.jpg,549
549_face1.jpg,549
537_face0.jpg,537
537_face1.jpg,537
536_face0.jpg,536
525_face0.jpg,525
500_face0.jpg,500
495_face0.jpg,495
495_face1.jpg,495
495_face2.jpg,495
494_face0.jpg,494
494_face1.jpg,494
494_face2.jpg,494
478_face0.jpg,478
476_face0.jpg,476
476_face1.jpg,476
474_face0.jpg,474
467_face0.jpg,467
466_face0.jpg,466
464_face0.jpg,464
464_face1.jpg,464
460_face0.jpg,460
439_face0.jpg,439
439_face1.jpg,439
422_face0.jpg,422
417_face0.jpg,417
401_face0.jpg,401
401_face1.jpg,401
395_face0.jpg,395
395_face1.jpg,395
382_face0.jpg,382
367_face0.jpg,367
365_face0.jpg,365
364_face0.jpg,364
364_face1.jpg,364
364_face2.jpg,364
364_face3.jpg,364
364_face4.jpg,364
362_face0.jpg,362
362_face1.jpg,362
362_face2.jpg,362
362_face3.jpg,362
362_face4.jpg,362
362_face5.jpg,362
362_face6.jpg,362
362_face7.jpg,362
348_face0.jpg,348
321_face0.jpg,321
317_face0.jpg,317
286_face0.jpg,286
286_face1.jpg,286
286_face2.jpg,286
268_face0.jpg,268
268_face1.jpg,268
268_face2.jpg,268
268_face3.jpg,268
187_face0.jpg,187
187_face1.jpg,187
182_face0.jpg,182
182_face1.jpg,182
160_face0.jpg,160
156_face0.jpg,156
151_face0.jpg,151
151_face1.jpg,151
140_face0.jpg,140
135_face0.jpg,135
135_face1.jpg,135
1031_face0.jpg,1031
1031_face1.jpg,1031
1031_face2.jpg,1031
1031_face3.jpg,1031
1015_face0.jpg,1015
1015_face1.jpg,1015
1015_face2.jpg,1015
995_face0.jpg,995
949_face0.jpg,949
926_face0.jpg,926
895_face0.jpg,895
885_face0.jpg,885
884_face0.jpg,884
876_face0.jpg,876
867_face0.jpg,867
859_face0.jpg,859
857_face0.jpg,857
848_face0.jpg,848
848_face1.jpg,848
848_face2.jpg,848
842_face0.jpg,842
842_face1.jpg,842
842_face2.jpg,842
827_face0.jpg,827
808_face0.jpg,808
808_face1.jpg,808
804_face0.jpg,804
793_face0.jpg,793
793_face1.jpg,793
785_face0.jpg,785
783_face0.jpg,783
783_face1.jpg,783
773_face0.jpg,773
773_face1.jpg,773
773_face2.jpg,773
773_face3.jpg,773
754_face0.jpg,754
740_face0.jpg,740
739_face0.jpg,739
717_face0.jpg,717
715_face0.jpg,715
715_face1.jpg,715
715_face2.jpg,715
712_face0.jpg,712
710_face0.jpg,710
710_face1.jpg,710
710_face2.jpg,710
710_face3.jpg,710
671_face0.jpg,671
664_face0.jpg,664
662_face0.jpg,662
648_face0.jpg,648
643_face0.jpg,643
641_face0.jpg,641
641_face1.jpg,641
619_face0.jpg,619
615_face0.jpg,615
615_face1.jpg,615
591_face0.jpg,591
590_face0.jpg,590
586_face0.jpg,586
586_face1.jpg,586
586_face2.jpg,586
586_face3.jpg,586
584_face0.jpg,584
584_face1.jpg,584
582_face0.jpg,582
578_face0.jpg,578
577_face0.jpg,577
575_face0.jpg,575
575_face1.jpg,575
569_face0.jpg,569
569_face1.jpg,569
569_face2.jpg,569
563_face0.jpg,563
563_face1.jpg,563
556_face0.jpg,556
553_face0.jpg,553
539_face0.jpg,539
536_face0.jpg,536
533_face0.jpg,533
531_face0.jpg,531
529_face0.jpg,529
529_face1.jpg,529
525_face0.jpg,525
523_face0.jpg,523
514_face0.jpg,514
514_face1.jpg,514
497_face0.jpg,497
497_face1.jpg,497
488_face0.jpg,488
488_face1.jpg,488
486_face0.jpg,486
480_face0.jpg,480
478_face0.jpg,478
478_face1.jpg,478
478_face2.jpg,478
478_face3.jpg,478
478_face4.jpg,478
466_face0.jpg,466
455_face0.jpg,455
454_face0.jpg,454
45_face0.jpg,45
45_face1.jpg,45
449_face0.jpg,449
448_face0.jpg,448
439_face0.jpg,439
438_face0.jpg,438
432_face0.jpg,432
432_face1.jpg,432
418_face0.jpg,418
418_face1.jpg,418
411_face0.jpg,411
408_face0.jpg,408
399_face0.jpg,399
399_face1.jpg,399
390_face0.jpg,390
388_face0.jpg,388
386_face0.jpg,386
386_face1.jpg,386
385_face0.jpg,385
385_face1.jpg,385
385_face2.jpg,385
383_face0.jpg,383
383_face1.jpg,383
381_face0.jpg,381
381_face1.jpg,381
380_face0.jpg,380
380_face1.jpg,380
380_face2.jpg,380
369_face0.jpg,369
365_face0.jpg,365
361_face0.jpg,361
356_face0.jpg,356
355_face0.jpg,355
339_face0.jpg,339
333_face0.jpg,333
267_face0.jpg,267
26_face0.jpg,26
25_face0.jpg,25
240_face0.jpg,240
184_face0.jpg,184
18_face0.jpg,18
175_face0.jpg,175
150_face0.jpg,150
14_face0.jpg,14
14_face1.jpg,14
137_face0.jpg,137
134_face0.jpg,134
121_face0.jpg,121
121_face1.jpg,121
1049_face0.jpg,1049
104_face0.jpg,104
1025_face0.jpg,1025
1022_face0.jpg,1022
1017_face0.jpg,1017
1009_face0.jpg,1009
1008_face0.jpg,1008
1005_face0.jpg,1005
1002_face0.jpg,1002
1002_face1.jpg,1002
10_face0.jpg,10
995_face0.jpg,995
993_face0.jpg,993
993_face1.jpg,993
992_face0.jpg,992
992_face1.jpg,992
975_face0.jpg,975
975_face1.jpg,975
952_face0.jpg,952
951_face0.jpg,951
948_face0.jpg,948
948_face1.jpg,948
931_face0.jpg,931
931_face1.jpg,931
925_face0.jpg,925
914_face0.jpg,914
913_face0.jpg,913
901_face0.jpg,901
901_face1.jpg,901
901_face2.jpg,901
892_face0.jpg,892
892_face1.jpg,892
885_face0.jpg,885
885_face1.jpg,885
880_face0.jpg,880
880_face1.jpg,880
872_face0.jpg,872
872_face1.jpg,872
866_face0.jpg,866
863_face0.jpg,863
860_face0.jpg,860
860_face1.jpg,860
860_face2.jpg,860
853_face0.jpg,853
852_face0.jpg,852
849_face0.jpg,849
840_face0.jpg,840
840_face1.jpg,840
840_face2.jpg,840
840_face3.jpg,840
831_face0.jpg,831
823_face0.jpg,823
805_face0.jpg,805
800_face0.jpg,800
800_face1.jpg,800
798_face0.jpg,798
793_face0.jpg,793
788_face0.jpg,788
784_face0.jpg,784
783_face0.jpg,783
770_face0.jpg,770
770_face1.jpg,770
766_face0.jpg,766
766_face1.jpg,766
764_face0.jpg,764
763_face0.jpg,763
761_face0.jpg,761
757_face0.jpg,757
757_face1.jpg,757
757_face2.jpg,757
755_face0.jpg,755
755_face1.jpg,755
752_face0.jpg,752
739_face0.jpg,739
734_face0.jpg,734
727_face0.jpg,727
707_face0.jpg,707
707_face1.jpg,707
693_face0.jpg,693
680_face0.jpg,680
674_face0.jpg,674
674_face1.jpg,674
668_face0.jpg,668
666_face0.jpg,666
665_face0.jpg,665
660_face0.jpg,660
660_face1.jpg,660
658_face0.jpg,658
653_face0.jpg,653
653_face1.jpg,653
649_face0.jpg,649
644_face0.jpg,644
633_face0.jpg,633
630_face0.jpg,630
619_face0.jpg,619
619_face1.jpg,619
612_face0.jpg,612
610_face0.jpg,610
610_face1.jpg,610
610_face2.jpg,610
610_face3.jpg,610
610_face4.jpg,610
610_face5.jpg,610
592_face0.jpg,592
585_face0.jpg,585
580_face0.jpg,580
579_face0.jpg,579
577_face0.jpg,577
567_face0.jpg,567
561_face0.jpg,561
561_face1.jpg,561
561_face2.jpg,561
561_face3.jpg,561
561_face4.jpg,561
558_face0.jpg,558
558_face1.jpg,558
558_face2.jpg,558
551_face0.jpg,551
534_face0.jpg,534
534_face1.jpg,534
528_face0.jpg,528
528_face1.jpg,528
524_face0.jpg,524
524_face1.jpg,524
519_face0.jpg,519
519_face1.jpg,519
515_face0.jpg,515
515_face1.jpg,515
500_face0.jpg,500
498_face0.jpg,498
496_face0.jpg,496
486_face0.jpg,486
486_face1.jpg,486
486_face2.jpg,486
486_face3.jpg,486
486_face4.jpg,486
476_face0.jpg,476
476_face1.jpg,476
476_face2.jpg,476
469_face0.jpg,469
465_face0.jpg,465
465_face1.jpg,465
465_face2.jpg,465
465_face3.jpg,465
457_face0.jpg,457
457_face1.jpg,457
454_face0.jpg,454
454_face1.jpg,454
439_face0.jpg,439
439_face1.jpg,439
438_face0.jpg,438
411_face0.jpg,411
410_face0.jpg,410
410_face1.jpg,410
410_face2.jpg,410
410_face3.jpg,410
406_face0.jpg,406
396_face0.jpg,396
396_face1.jpg,396
394_face0.jpg,394
390_face0.jpg,390
382_face0.jpg,382
382_face1.jpg,382
382_face2.jpg,382
382_face3.jpg,382
382_face4.jpg,382
382_face5.jpg,382
382_face6.jpg,382
382_face7.jpg,382
380_face0.jpg,380
375_face0.jpg,375
373_face0.jpg,373
373_face1.jpg,373
359_face0.jpg,359
348_face0.jpg,348
348_face1.jpg,348
348_face2.jpg,348
345_face0.jpg,345
344_face0.jpg,344
344_face1.jpg,344
344_face2.jpg,344
341_face0.jpg,341
341_face1.jpg,341
341_face2.jpg,341
327_face0.jpg,327
327_face1.jpg,327
327_face2.jpg,327
309_face0.jpg,309
309_face1.jpg,309
307_face0.jpg,307
307_face1.jpg,307
299_face0.jpg,299
297_face0.jpg,297
297_face1.jpg,297
296_face0.jpg,296
295_face0.jpg,295
292_face0.jpg,292
274_face0.jpg,274
274_face1.jpg,274
273_face0.jpg,273
273_face1.jpg,273
272_face0.jpg,272
272_face1.jpg,272
272_face2.jpg,272
269_face0.jpg,269
269_face1.jpg,269
267_face0.jpg,267
267_face1.jpg,267
267_face2.jpg,267
266_face0.jpg,266
266_face1.jpg,266
266_face2.jpg,266
262_face0.jpg,262
252_face0.jpg,252
252_face1.jpg,252
251_face0.jpg,251
247_face0.jpg,247
244_face0.jpg,244
24_face0.jpg,24
238_face0.jpg,238
238_face1.jpg,238
238_face2.jpg,238
236_face0.jpg,236
236_face1.jpg,236
234_face0.jpg,234
234_face1.jpg,234
209_face0.jpg,209
209_face1.jpg,209
202_face0.jpg,202
196_face0.jpg,196
196_face1.jpg,196
190_face0.jpg,190
184_face0.jpg,184
184_face1.jpg,184
184_face2.jpg,184
184_face3.jpg,184
181_face0.jpg,181
181_face1.jpg,181
169_face0.jpg,169
166_face0.jpg,166
166_face1.jpg,166
16_face0.jpg,16
16_face1.jpg,16
159_face0.jpg,159
159_face1.jpg,159
159_face2.jpg,159
159_face3.jpg,159
13_face0.jpg,13
124_face0.jpg,124
124_face1.jpg,124
1205_face0.jpg,1205
1202_face0.jpg,1202
1202_face1.jpg,1202
1194_face0.jpg,1194
1176_face0.jpg,1176
1160_face0.jpg,1160
1160_face1.jpg,1160
1154_face0.jpg,1154
1154_face1.jpg,1154
115_face0.jpg,115
115_face1.jpg,115
1147_face0.jpg,1147
1136_face0.jpg,1136
1136_face1.jpg,1136
1128_face0.jpg,1128
1128_face1.jpg,1128
1123_face0.jpg,1123
109_face0.jpg,109
109_face1.jpg,109
1086_face0.jpg,1086
1086_face1.jpg,1086
1042_face0.jpg,1042
1033_face0.jpg,1033
1031_face0.jpg,1031
1016_face0.jpg,1016
1011_face0.jpg,1011
1009_face0.jpg,1009
1009_face1.jpg,1009
959_face0.jpg,959
959_face1.jpg,959
953_face0.jpg,953
947_face0.jpg,947
934_face0.jpg,934
900_face0.jpg,900
900_face1.jpg,900
897_face0.jpg,897
865_face0.jpg,865
861_face0.jpg,861
859_face0.jpg,859
859_face1.jpg,859
858_face0.jpg,858
858_face1.jpg,858
858_face2.jpg,858
850_face0.jpg,850
800_face0.jpg,800
799_face0.jpg,799
799_face1.jpg,799
798_face0.jpg,798
798_face1.jpg,798
795_face0.jpg,795
772_face0.jpg,772
751_face0.jpg,751
739_face0.jpg,739
736_face0.jpg,736
723_face0.jpg,723
722_face0.jpg,722
717_face0.jpg,717
707_face0.jpg,707
701_face0.jpg,701
701_face1.jpg,701
698_face0.jpg,698
680_face0.jpg,680
680_face1.jpg,680
680_face2.jpg,680
675_face0.jpg,675
665_face0.jpg,665
661_face0.jpg,661
661_face1.jpg,661
655_face0.jpg,655
643_face0.jpg,643
641_face0.jpg,641
641_face1.jpg,641
640_face0.jpg,640
64_face0.jpg,64
630_face0.jpg,630
629_face0.jpg,629
627_face0.jpg,627
626_face0.jpg,626
623_face0.jpg,623
621_face0.jpg,621
617_face0.jpg,617
614_face0.jpg,614
604_face0.jpg,604
57_face0.jpg,57
561_face0.jpg,561
558_face0.jpg,558
558_face1.jpg,558
558_face2.jpg,558
550_face0.jpg,550
547_face0.jpg,547
547_face1.jpg,547
544_face0.jpg,544
544_face1.jpg,544
542_face0.jpg,542
536_face0.jpg,536
536_face1.jpg,536
530_face0.jpg,530
526_face0.jpg,526
523_face0.jpg,523
521_face0.jpg,521
511_face0.jpg,511
481_face0.jpg,481
480_face0.jpg,480
474_face0.jpg,474
473_face0.jpg,473
473_face1.jpg,473
464_face0.jpg,464
461_face0.jpg,461
460_face0.jpg,460
460_face1.jpg,460
46_face0.jpg,46
446_face0.jpg,446
425_face0.jpg,425
416_face0.jpg,416
416_face1.jpg,416
416_face2.jpg,416
408_face0.jpg,408
408_face1.jpg,408
401_face0.jpg,401
401_face1.jpg,401
400_face0.jpg,400
40_face0.jpg,40
399_face0.jpg,399
383_face0.jpg,383
379_face0.jpg,379
378_face0.jpg,378
378_face1.jpg,378
367_face0.jpg,367
367_face1.jpg,367
364_face0.jpg,364
363_face0.jpg,363
363_face1.jpg,363
358_face0.jpg,358
358_face1.jpg,358
356_face0.jpg,356
346_face0.jpg,346
343_face0.jpg,343
332_face0.jpg,332
332_face1.jpg,332
331_face0.jpg,331
331_face1.jpg,331
331_face2.jpg,331
331_face3.jpg,331
330_face0.jpg,330
330_face1.jpg,330
323_face0.jpg,323
323_face1.jpg,323
313_face0.jpg,313
305_face0.jpg,305
303_face0.jpg,303
303_face1.jpg,303
302_face0.jpg,302
281_face0.jpg,281
280_face0.jpg,280
280_face1.jpg,280
276_face0.jpg,276
274_face0.jpg,274
272_face0.jpg,272
262_face0.jpg,262
262_face1.jpg,262
262_face2.jpg,262
251_face0.jpg,251
248_face0.jpg,248
248_face1.jpg,248
244_face0.jpg,244
244_face1.jpg,244
227_face0.jpg,227
227_face1.jpg,227
220_face0.jpg,220
210_face0.jpg,210
210_face1.jpg,210
208_face0.jpg,208
202_face0.jpg,202
174_face0.jpg,174
170_face0.jpg,170
161_face0.jpg,161
142_face0.jpg,142
132_face0.jpg,132
132_face1.jpg,132
991_face0.jpg,991
991_face1.jpg,991
991_face2.jpg,991
961_face0.jpg,961
893_face0.jpg,893
893_face1.jpg,893
885_face0.jpg,885
882_face0.jpg,882
831_face0.jpg,831
817_face0.jpg,817
779_face0.jpg,779
771_face0.jpg,771
771_face1.jpg,771
771_face2.jpg,771
771_face3.jpg,771
747_face0.jpg,747
735_face0.jpg,735
735_face1.jpg,735
728_face0.jpg,728
728_face1.jpg,728
728_face2.jpg,728
728_face3.jpg,728
710_face0.jpg,710
710_face1.jpg,710
710_face2.jpg,710
710_face3.jpg,710
710_face4.jpg,710
699_face0.jpg,699
699_face1.jpg,699
650_face0.jpg,650
650_face1.jpg,650
643_face0.jpg,643
643_face1.jpg,643
643_face2.jpg,643
625_face0.jpg,625
624_face0.jpg,624
623_face0.jpg,623
613_face0.jpg,613
613_face1.jpg,613
613_face2.jpg,613
488_face0.jpg,488
406_face0.jpg,406
404_face0.jpg,404
404_face1.jpg,404
404_face2.jpg,404
399_face0.jpg,399
385_face0.jpg,385
385_face1.jpg,385
385_face2.jpg,385
385_face3.jpg,385
380_face0.jpg,380
328_face0.jpg,328
328_face1.jpg,328
328_face2.jpg,328
295_face0.jpg,295
258_face0.jpg,258
258_face1.jpg,258
1365_face0.jpg,1365
1361_face0.jpg,1361
1353_face0.jpg,1353
1353_face1.jpg,1353
1352_face0.jpg,1352
1352_face1.jpg,1352
1352_face2.jpg,1352
1352_face3.jpg,1352
1344_face0.jpg,1344
1260_face0.jpg,1260
1259_face0.jpg,1259
1159_face0.jpg,1159
1159_face1.jpg,1159
1154_face0.jpg,1154
1138_face0.jpg,1138
1136_face0.jpg,1136
1135_face0.jpg,1135
1132_face0.jpg,1132
1125_face0.jpg,1125
1125_face1.jpg,1125
1114_face0.jpg,1114
1094_face0.jpg,1094
1094_face1.jpg,1094
1094_face2.jpg,1094
1036_face0.jpg,1036
1036_face1.jpg,1036
1036_face2.jpg,1036
1036_face3.jpg,1036
1036_face4.jpg,1036
1036_face5.jpg,1036
1036_face6.jpg,1036
1009_face0.jpg,1009
1009_face1.jpg,1009
1009_face2.jpg,1009
1009_face3.jpg,1009
1009_face4.jpg,1009
1009_face5.jpg,1009
2366_face0.jpg,2366
2366_face1.jpg,2366
2366_face2.jpg,2366
2366_face3.jpg,2366
2272_face0.jpg,2272
2194_face0.jpg,2194
2151_face0.jpg,2151
2151_face1.jpg,2151
2151_face2.jpg,2151
2145_face0.jpg,2145
2145_face1.jpg,2145
2123_face0.jpg,2123
2123_face1.jpg,2123
2123_face2.jpg,2123
2123_face3.jpg,2123
2103_face0.jpg,2103
2103_face1.jpg,2103
2047_face0.jpg,2047
2043_face0.jpg,2043
2038_face0.jpg,2038
2033_face0.jpg,2033
2033_face1.jpg,2033
2027_face0.jpg,2027
2002_face0.jpg,2002
1987_face0.jpg,1987
1987_face1.jpg,1987
1983_face0.jpg,1983
1983_face1.jpg,1983
1943_face0.jpg,1943
1943_face1.jpg,1943
1925_face0.jpg,1925
1822_face0.jpg,1822
1812_face0.jpg,1812
1803_face0.jpg,1803
1803_face1.jpg,1803
1803_face2.jpg,1803
1803_face3.jpg,1803
1803_face4.jpg,1803
180_face0.jpg,180
178_face0.jpg,178
1775_face0.jpg,1775
171_face0.jpg,171
1695_face0.jpg,1695
1695_face1.jpg,1695
1695_face2.jpg,1695
1695_face3.jpg,1695
1686_face0.jpg,1686
1686_face1.jpg,1686
1681_face0.jpg,1681
1681_face1.jpg,1681
167_face0.jpg,167
167_face1.jpg,167
1614_face0.jpg,1614
1614_face1.jpg,1614
1597_face0.jpg,1597
159_face0.jpg,159
159_face1.jpg,159
1583_face0.jpg,1583
1556_face0.jpg,1556
154_face0.jpg,154
153_face0.jpg,153
1518_face0.jpg,1518
151_face0.jpg,151
1484_face0.jpg,1484
147_face0.jpg,147
147_face1.jpg,147
1448_face0.jpg,1448
1437_face0.jpg,1437
1419_face0.jpg,1419
1419_face1.jpg,1419
1404_face0.jpg,1404
1395_face0.jpg,1395
129_face0.jpg,129
129_face1.jpg,129
989_face0.jpg,989
989_face1.jpg,989
972_face0.jpg,972
972_face1.jpg,972
972_face2.jpg,972
972_face3.jpg,972
972_face4.jpg,972
972_face5.jpg,972
966_face0.jpg,966
966_face1.jpg,966
966_face2.jpg,966
960_face0.jpg,960
960_face1.jpg,960
960_face2.jpg,960
94_face0.jpg,94
925_face0.jpg,925
925_face1.jpg,925
907_face0.jpg,907
885_face0.jpg,885
885_face1.jpg,885
883_face0.jpg,883
875_face0.jpg,875
869_face0.jpg,869
859_face0.jpg,859
859_face1.jpg,859
85_face0.jpg,85
836_face0.jpg,836
833_face0.jpg,833
822_face0.jpg,822
822_face1.jpg,822
822_face2.jpg,822
814_face0.jpg,814
792_face0.jpg,792
792_face1.jpg,792
792_face2.jpg,792
790_face0.jpg,790
790_face1.jpg,790
790_face2.jpg,790
789_face0.jpg,789
787_face0.jpg,787
787_face1.jpg,787
787_face2.jpg,787
776_face0.jpg,776
776_face1.jpg,776
776_face2.jpg,776
774_face0.jpg,774
772_face0.jpg,772
770_face0.jpg,770
767_face0.jpg,767
764_face0.jpg,764
763_face0.jpg,763
760_face0.jpg,760
76_face0.jpg,76
754_face0.jpg,754
750_face0.jpg,750
743_face0.jpg,743
74_face0.jpg,74
74_face1.jpg,74
74_face2.jpg,74
737_face0.jpg,737
737_face1.jpg,737
680_face0.jpg,680
680_face1.jpg,680
680_face2.jpg,680
68_face0.jpg,68
678_face0.jpg,678
678_face1.jpg,678
678_face2.jpg,678
648_face0.jpg,648
634_face0.jpg,634
634_face1.jpg,634
634_face2.jpg,634
621_face0.jpg,621
6_face0.jpg,6
6_face1.jpg,6
6_face2.jpg,6
599_face0.jpg,599
596_face0.jpg,596
553_face0.jpg,553
551_face0.jpg,551
550_face0.jpg,550
546_face0.jpg,546
54_face0.jpg,54
54_face1.jpg,54
537_face0.jpg,537
531_face0.jpg,531
531_face1.jpg,531
492_face0.jpg,492
492_face1.jpg,492
492_face2.jpg,492
492_face3.jpg,492
492_face4.jpg,492
492_face5.jpg,492
492_face6.jpg,492
492_face7.jpg,492
492_face8.jpg,492
492_face9.jpg,492
492_face10.jpg,492
492_face11.jpg,492
490_face0.jpg,490
490_face1.jpg,490
479_face0.jpg,479
479_face1.jpg,479
469_face0.jpg,469
466_face0.jpg,466
466_face1.jpg,466
463_face0.jpg,463
463_face1.jpg,463
457_face0.jpg,457
456_face0.jpg,456
456_face1.jpg,456
456_face2.jpg,456
453_face0.jpg,453
452_face0.jpg,452
446_face0.jpg,446
443_face0.jpg,443
437_face0.jpg,437
435_face0.jpg,435
384_face0.jpg,384
354_face0.jpg,354
346_face0.jpg,346
346_face1.jpg,346
333_face0.jpg,333
333_face1.jpg,333
291_face0.jpg,291
291_face1.jpg,291
28_face0.jpg,28
248_face0.jpg,248
24_face0.jpg,24
23_face0.jpg,23
220_face0.jpg,220
212_face0.jpg,212
212_face1.jpg,212
199_face0.jpg,199
195_face0.jpg,195
1228_face0.jpg,1228
1228_face1.jpg,1228
1169_face0.jpg,1169
1166_face0.jpg,1166
1157_face0.jpg,1157
1148_face0.jpg,1148
1144_face0.jpg,1144
1142_face0.jpg,1142
1136_face0.jpg,1136
1135_face0.jpg,1135
1131_face0.jpg,1131
106_face0.jpg,106
106_face1.jpg,106
106_face2.jpg,106
1042_face0.jpg,1042
1033_face0.jpg,1033
1025_face0.jpg,1025
1012_face0.jpg,1012
1012_face1.jpg,1012
1012_face2.jpg,1012
973_face0.jpg,973
973_face1.jpg,973
97_face0.jpg,97
97_face1.jpg,97
97_face2.jpg,97
952_face0.jpg,952
952_face1.jpg,952
952_face2.jpg,952
935_face0.jpg,935
918_face0.jpg,918
918_face1.jpg,918
918_face2.jpg,918
918_face3.jpg,918
918_face4.jpg,918
918_face5.jpg,918
906_face0.jpg,906
897_face0.jpg,897
859_face0.jpg,859
850_face0.jpg,850
850_face1.jpg,850
850_face2.jpg,850
850_face3.jpg,850
838_face0.jpg,838
838_face1.jpg,838
838_face2.jpg,838
763_face0.jpg,763
735_face0.jpg,735
735_face1.jpg,735
725_face0.jpg,725
725_face1.jpg,725
705_face0.jpg,705
682_face0.jpg,682
682_face1.jpg,682
682_face2.jpg,682
655_face0.jpg,655
650_face0.jpg,650
650_face1.jpg,650
616_face0.jpg,616
609_face0.jpg,609
604_face0.jpg,604
580_face0.jpg,580
565_face0.jpg,565
565_face1.jpg,565
564_face0.jpg,564
564_face1.jpg,564
562_face0.jpg,562
562_face1.jpg,562
562_face2.jpg,562
552_face0.jpg,552
552_face1.jpg,552
535_face0.jpg,535
522_face0.jpg,522
520_face0.jpg,520
508_face0.jpg,508
508_face1.jpg,508
508_face2.jpg,508
494_face0.jpg,494
483_face0.jpg,483
483_face1.jpg,483
479_face0.jpg,479
479_face1.jpg,479
479_face2.jpg,479
441_face0.jpg,441
434_face0.jpg,434
434_face1.jpg,434
429_face0.jpg,429
429_face1.jpg,429
428_face0.jpg,428
428_face1.jpg,428
427_face0.jpg,427
427_face1.jpg,427
42_face0.jpg,42
407_face0.jpg,407
386_face0.jpg,386
378_face0.jpg,378
378_face1.jpg,378
378_face2.jpg,378
376_face0.jpg,376
363_face0.jpg,363
358_face0.jpg,358
345_face0.jpg,345
342_face0.jpg,342
322_face0.jpg,322
322_face1.jpg,322
319_face0.jpg,319
319_face1.jpg,319
315_face0.jpg,315
315_face1.jpg,315
311_face0.jpg,311
301_face0.jpg,301
291_face0.jpg,291
291_face1.jpg,291
29_face0.jpg,29
29_face1.jpg,29
286_face0.jpg,286
286_face1.jpg,286
28_face0.jpg,28
28_face1.jpg,28
28_face2.jpg,28
276_face0.jpg,276
276_face1.jpg,276
268_face0.jpg,268
259_face0.jpg,259
241_face0.jpg,241
241_face1.jpg,241
238_face0.jpg,238
211_face0.jpg,211
211_face1.jpg,211
211_face2.jpg,211
211_face3.jpg,211
21_face0.jpg,21
207_face0.jpg,207
207_face1.jpg,207
207_face2.jpg,207
174_face0.jpg,174
137_face0.jpg,137
1243_face0.jpg,1243
1227_face0.jpg,1227
1201_face0.jpg,1201
1201_face1.jpg,1201
1201_face2.jpg,1201
1190_face0.jpg,1190
1179_face0.jpg,1179
1177_face0.jpg,1177
1164_face0.jpg,1164
1161_face0.jpg,1161
1151_face0.jpg,1151
1148_face0.jpg,1148
1148_face1.jpg,1148
1129_face0.jpg,1129
1128_face0.jpg,1128
1025_face0.jpg,1025
982_face0.jpg,982
982_face1.jpg,982
982_face2.jpg,982
982_face3.jpg,982
982_face4.jpg,982
976_face0.jpg,976
967_face0.jpg,967
948_face0.jpg,948
847_face0.jpg,847
847_face1.jpg,847
840_face0.jpg,840
840_face1.jpg,840
826_face0.jpg,826
819_face0.jpg,819
792_face0.jpg,792
779_face0.jpg,779
771_face0.jpg,771
748_face0.jpg,748
74_face0.jpg,74
74_face1.jpg,74
74_face2.jpg,74
74_face3.jpg,74
74_face4.jpg,74
74_face5.jpg,74
74_face6.jpg,74
730_face0.jpg,730
698_face0.jpg,698
668_face0.jpg,668
668_face1.jpg,668
664_face0.jpg,664
664_face1.jpg,664
645_face0.jpg,645
621_face0.jpg,621
621_face1.jpg,621
603_face0.jpg,603
589_face0.jpg,589
588_face0.jpg,588
554_face0.jpg,554
554_face1.jpg,554
495_face0.jpg,495
491_face0.jpg,491
491_face1.jpg,491
491_face2.jpg,491
491_face3.jpg,491
455_face0.jpg,455
453_face0.jpg,453
441_face0.jpg,441
441_face1.jpg,441
441_face2.jpg,441
441_face3.jpg,441
417_face0.jpg,417
417_face1.jpg,417
417_face2.jpg,417
399_face0.jpg,399
397_face0.jpg,397
394_face0.jpg,394
364_face0.jpg,364
364_face1.jpg,364
364_face2.jpg,364
359_face0.jpg,359
356_face0.jpg,356
34_face0.jpg,34
338_face0.jpg,338
338_face1.jpg,338
31_face0.jpg,31
306_face0.jpg,306
303_face0.jpg,303
175_face0.jpg,175
175_face1.jpg,175
156_face0.jpg,156
139_face0.jpg,139
114_face0.jpg,114
114_face1.jpg,114
1132_face0.jpg,1132
1129_face0.jpg,1129
1124_face0.jpg,1124
1075_face0.jpg,1075
1035_face0.jpg,1035
1035_face1.jpg,1035
1035_face2.jpg,1035
1035_face3.jpg,1035
1035_face4.jpg,1035
103_face0.jpg,103
1029_face0.jpg,1029
1019_face0.jpg,1019
1019_face1.jpg,1019
1019_face2.jpg,1019
969_face0.jpg,969
957_face0.jpg,957
951_face0.jpg,951
918_face0.jpg,918
915_face0.jpg,915
915_face1.jpg,915
914_face0.jpg,914
904_face0.jpg,904
887_face0.jpg,887
850_face0.jpg,850
841_face0.jpg,841
829_face0.jpg,829
818_face0.jpg,818
818_face1.jpg,818
818_face2.jpg,818
789_face0.jpg,789
789_face1.jpg,789
789_face2.jpg,789
789_face3.jpg,789
789_face4.jpg,789
788_face0.jpg,788
788_face1.jpg,788
788_face2.jpg,788
788_face3.jpg,788
788_face4.jpg,788
788_face5.jpg,788
763_face0.jpg,763
763_face1.jpg,763
763_face2.jpg,763
727_face0.jpg,727
715_face0.jpg,715
715_face1.jpg,715
7_face0.jpg,7
684_face0.jpg,684
675_face0.jpg,675
669_face0.jpg,669
669_face1.jpg,669
641_face0.jpg,641
640_face0.jpg,640
640_face1.jpg,640
614_face0.jpg,614
614_face1.jpg,614
592_face0.jpg,592
569_face0.jpg,569
547_face0.jpg,547
542_face0.jpg,542
542_face1.jpg,542
534_face0.jpg,534
527_face0.jpg,527
524_face0.jpg,524
524_face1.jpg,524
524_face2.jpg,524
504_face0.jpg,504
470_face0.jpg,470
470_face1.jpg,470
470_face2.jpg,470
470_face3.jpg,470
464_face0.jpg,464
460_face0.jpg,460
460_face1.jpg,460
458_face0.jpg,458
458_face1.jpg,458
458_face2.jpg,458
458_face3.jpg,458
451_face0.jpg,451
447_face0.jpg,447
442_face0.jpg,442
442_face1.jpg,442
440_face0.jpg,440
440_face1.jpg,440
440_face2.jpg,440
434_face0.jpg,434
433_face0.jpg,433
432_face0.jpg,432
422_face0.jpg,422
422_face1.jpg,422
404_face0.jpg,404
404_face1.jpg,404
397_face0.jpg,397
373_face0.jpg,373
372_face0.jpg,372
371_face0.jpg,371
371_face1.jpg,371
371_face2.jpg,371
363_face0.jpg,363
363_face1.jpg,363
363_face2.jpg,363
363_face3.jpg,363
363_face4.jpg,363
363_face5.jpg,363
363_face6.jpg,363
363_face7.jpg,363
363_face8.jpg,363
363_face9.jpg,363
363_face10.jpg,363
362_face0.jpg,362
362_face1.jpg,362
362_face2.jpg,362
353_face0.jpg,353
345_face0.jpg,345
345_face1.jpg,345
322_face0.jpg,322
321_face0.jpg,321
283_face0.jpg,283
283_face1.jpg,283
251_face0.jpg,251
251_face1.jpg,251
250_face0.jpg,250
250_face1.jpg,250
225_face0.jpg,225
225_face1.jpg,225
212_face0.jpg,212
212_face1.jpg,212
21_face0.jpg,21
193_face0.jpg,193
192_face0.jpg,192
19_face0.jpg,19
176_face0.jpg,176
176_face1.jpg,176
17_face0.jpg,17
149_face0.jpg,149
141_face0.jpg,141
138_face0.jpg,138
1122_face0.jpg,1122
1098_face0.jpg,1098
1086_face0.jpg,1086
1085_face0.jpg,1085
1071_face0.jpg,1071
1071_face1.jpg,1071
1071_face2.jpg,1071
1071_face3.jpg,1071
1071_face4.jpg,1071
1071_face5.jpg,1071
1071_face6.jpg,1071
1070_face0.jpg,1070
1068_face0.jpg,1068
1068_face1.jpg,1068
1068_face2.jpg,1068
1068_face3.jpg,1068
1068_face4.jpg,1068
1068_face5.jpg,1068
1068_face6.jpg,1068
1062_face0.jpg,1062
1061_face0.jpg,1061
1020_face0.jpg,1020
102_face0.jpg,102
1001_face0.jpg,1001
1001_face1.jpg,1001
98_face0.jpg,98
906_face0.jpg,906
904_face0.jpg,904
87_face0.jpg,87
867_face0.jpg,867
867_face1.jpg,867
866_face0.jpg,866
859_face0.jpg,859
820_face0.jpg,820
820_face1.jpg,820
819_face0.jpg,819
781_face0.jpg,781
781_face1.jpg,781
78_face0.jpg,78
764_face0.jpg,764
764_face1.jpg,764
764_face2.jpg,764
764_face3.jpg,764
734_face0.jpg,734
734_face1.jpg,734
734_face2.jpg,734
733_face0.jpg,733
732_face0.jpg,732
732_face1.jpg,732
732_face2.jpg,732
723_face0.jpg,723
723_face1.jpg,723
720_face0.jpg,720
712_face0.jpg,712
710_face0.jpg,710
710_face1.jpg,710
674_face0.jpg,674
674_face1.jpg,674
627_face0.jpg,627
627_face1.jpg,627
6_face0.jpg,6
560_face0.jpg,560
560_face1.jpg,560
55_face0.jpg,55
549_face0.jpg,549
545_face0.jpg,545
545_face1.jpg,545
545_face2.jpg,545
545_face3.jpg,545
537_face0.jpg,537
529_face0.jpg,529
529_face1.jpg,529
522_face0.jpg,522
522_face1.jpg,522
513_face0.jpg,513
509_face0.jpg,509
507_face0.jpg,507
502_face0.jpg,502
501_face0.jpg,501
501_face1.jpg,501
500_face0.jpg,500
491_face0.jpg,491
491_face1.jpg,491
491_face2.jpg,491
491_face3.jpg,491
491_face4.jpg,491
453_face0.jpg,453
452_face0.jpg,452
452_face1.jpg,452
451_face0.jpg,451
442_face0.jpg,442
442_face1.jpg,442
442_face2.jpg,442
441_face0.jpg,441
441_face1.jpg,441
441_face2.jpg,441
441_face3.jpg,441
441_face4.jpg,441
433_face0.jpg,433
418_face0.jpg,418
414_face0.jpg,414
414_face1.jpg,414
401_face0.jpg,401
36_face0.jpg,36
356_face0.jpg,356
334_face0.jpg,334
334_face1.jpg,334
334_face2.jpg,334
304_face0.jpg,304
304_face1.jpg,304
304_face2.jpg,304
304_face3.jpg,304
295_face0.jpg,295
294_face0.jpg,294
292_face0.jpg,292
292_face1.jpg,292
292_face2.jpg,292
292_face3.jpg,292
278_face0.jpg,278
278_face1.jpg,278
278_face2.jpg,278
278_face3.jpg,278
278_face4.jpg,278
263_face0.jpg,263
257_face0.jpg,257
257_face1.jpg,257
257_face2.jpg,257
255_face0.jpg,255
255_face1.jpg,255
22_face0.jpg,22
216_face0.jpg,216
210_face0.jpg,210
210_face1.jpg,210
210_face2.jpg,210
208_face0.jpg,208
208_face1.jpg,208
173_face0.jpg,173
145_face0.jpg,145
141_face0.jpg,141
141_face1.jpg,141
12_face0.jpg,12
104_face0.jpg,104
101_face0.jpg,101
101_face1.jpg,101
999_face0.jpg,999
993_face0.jpg,993
990_face0.jpg,990
965_face0.jpg,965
963_face0.jpg,963
962_face0.jpg,962
942_face0.jpg,942
942_face1.jpg,942
933_face0.jpg,933
856_face0.jpg,856
800_face0.jpg,800
742_face0.jpg,742
742_face1.jpg,742
703_face0.jpg,703
703_face1.jpg,703
690_face0.jpg,690
676_face0.jpg,676
670_face0.jpg,670
665_face0.jpg,665
665_face1.jpg,665
665_face2.jpg,665
657_face0.jpg,657
657_face1.jpg,657
654_face0.jpg,654
654_face1.jpg,654
651_face0.jpg,651
651_face1.jpg,651
651_face2.jpg,651
651_face3.jpg,651
651_face4.jpg,651
638_face0.jpg,638
638_face1.jpg,638
638_face2.jpg,638
618_face0.jpg,618
618_face1.jpg,618
592_face0.jpg,592
584_face0.jpg,584
581_face0.jpg,581
581_face1.jpg,581
579_face0.jpg,579
579_face1.jpg,579
579_face2.jpg,579
572_face0.jpg,572
558_face0.jpg,558
550_face0.jpg,550
548_face0.jpg,548
548_face1.jpg,548
548_face2.jpg,548
537_face0.jpg,537
537_face1.jpg,537
537_face2.jpg,537
526_face0.jpg,526
507_face0.jpg,507
503_face0.jpg,503
496_face0.jpg,496
496_face1.jpg,496
489_face0.jpg,489
476_face0.jpg,476
476_face1.jpg,476
468_face0.jpg,468
468_face1.jpg,468
462_face0.jpg,462
462_face1.jpg,462
449_face0.jpg,449
427_face0.jpg,427
427_face1.jpg,427
427_face2.jpg,427
417_face0.jpg,417
398_face0.jpg,398
394_face0.jpg,394
393_face0.jpg,393
387_face0.jpg,387
370_face0.jpg,370
370_face1.jpg,370
370_face2.jpg,370
369_face0.jpg,369
36_face0.jpg,36
356_face0.jpg,356
350_face0.jpg,350
331_face0.jpg,331
331_face1.jpg,331
33_face0.jpg,33
328_face0.jpg,328
328_face1.jpg,328
328_face2.jpg,328
328_face3.jpg,328
324_face0.jpg,324
314_face0.jpg,314
305_face0.jpg,305
292_face0.jpg,292
288_face0.jpg,288
286_face0.jpg,286
282_face0.jpg,282
28_face0.jpg,28
28_face1.jpg,28
28_face2.jpg,28
28_face3.jpg,28
267_face0.jpg,267
267_face1.jpg,267
236_face0.jpg,236
236_face1.jpg,236
231_face0.jpg,231
231_face1.jpg,231
222_face0.jpg,222
221_face0.jpg,221
220_face0.jpg,220
204_face0.jpg,204
203_face0.jpg,203
203_face1.jpg,203
198_face0.jpg,198
198_face1.jpg,198
198_face2.jpg,198
198_face3.jpg,198
198_face4.jpg,198
1599_face0.jpg,1599
1599_face1.jpg,1599
1599_face2.jpg,1599
1599_face3.jpg,1599
1564_face0.jpg,1564
1564_face1.jpg,1564
1497_face0.jpg,1497
1497_face1.jpg,1497
1497_face2.jpg,1497
1497_face3.jpg,1497
1497_face4.jpg,1497
1489_face0.jpg,1489
1489_face1.jpg,1489
1489_face2.jpg,1489
1489_face3.jpg,1489
1463_face0.jpg,1463
1463_face1.jpg,1463
1455_face0.jpg,1455
1352_face0.jpg,1352
1352_face1.jpg,1352
1329_face0.jpg,1329
1322_face0.jpg,1322
1280_face0.jpg,1280
1280_face1.jpg,1280
1238_face0.jpg,1238
1238_face1.jpg,1238
1238_face2.jpg,1238
1238_face3.jpg,1238
1238_face4.jpg,1238
1234_face0.jpg,1234
1234_face1.jpg,1234
1234_face2.jpg,1234
1234_face3.jpg,1234
1151_face0.jpg,1151
1151_face1.jpg,1151
1011_face0.jpg,1011
1011_face1.jpg,1011
1011_face2.jpg,1011
1011_face3.jpg,1011
1011_face4.jpg,1011
1002_face0.jpg,1002
1000_face0.jpg,1000
964_face0.jpg,964
964_face1.jpg,964
953_face0.jpg,953
950_face0.jpg,950
938_face0.jpg,938
864_face0.jpg,864
864_face1.jpg,864
855_face0.jpg,855
853_face0.jpg,853
853_face1.jpg,853
848_face0.jpg,848
811_face0.jpg,811
752_face0.jpg,752
738_face0.jpg,738
675_face0.jpg,675
591_face0.jpg,591
585_face0.jpg,585
57_face0.jpg,57
547_face0.jpg,547
547_face1.jpg,547
547_face2.jpg,547
54_face0.jpg,54
51_face0.jpg,51
51_face1.jpg,51
51_face2.jpg,51
490_face0.jpg,490
486_face0.jpg,486
471_face0.jpg,471
430_face0.jpg,430
430_face1.jpg,430
43_face0.jpg,43
43_face1.jpg,43
43_face2.jpg,43
405_face0.jpg,405
405_face1.jpg,405
362_face0.jpg,362
355_face0.jpg,355
352_face0.jpg,352
348_face0.jpg,348
335_face0.jpg,335
335_face1.jpg,335
328_face0.jpg,328
327_face0.jpg,327
327_face1.jpg,327
324_face0.jpg,324
322_face0.jpg,322
321_face0.jpg,321
301_face0.jpg,301
3_face0.jpg,3
3_face1.jpg,3
297_face0.jpg,297
297_face1.jpg,297
295_face0.jpg,295
295_face1.jpg,295
295_face2.jpg,295
26_face0.jpg,26
257_face0.jpg,257
257_face1.jpg,257
252_face0.jpg,252
252_face1.jpg,252
186_face0.jpg,186
186_face1.jpg,186
181_face0.jpg,181
181_face1.jpg,181
1277_face0.jpg,1277
1277_face1.jpg,1277
1257_face0.jpg,1257
1201_face0.jpg,1201
1188_face0.jpg,1188
1178_face0.jpg,1178
1178_face1.jpg,1178
1167_face0.jpg,1167
1165_face0.jpg,1165
1165_face1.jpg,1165
1125_face0.jpg,1125
1109_face0.jpg,1109
1104_face0.jpg,1104
1104_face1.jpg,1104
1104_face2.jpg,1104
1104_face3.jpg,1104
1084_face0.jpg,1084
1052_face0.jpg,1052
1052_face1.jpg,1052
1052_face2.jpg,1052
1052_face3.jpg,1052
1052_face4.jpg,1052
1026_face0.jpg,1026
1026_face1.jpg,1026
1026_face2.jpg,1026
1026_face3.jpg,1026
1026_face4.jpg,1026
1023_face0.jpg,1023
1023_face1.jpg,1023
1023_face2.jpg,1023
1023_face3.jpg,1023
1023_face4.jpg,1023
978_face0.jpg,978
973_face0.jpg,973
957_face0.jpg,957
946_face0.jpg,946
943_face0.jpg,943
943_face1.jpg,943
939_face0.jpg,939
934_face0.jpg,934
934_face1.jpg,934
930_face0.jpg,930
925_face0.jpg,925
885_face0.jpg,885
884_face0.jpg,884
884_face1.jpg,884
884_face2.jpg,884
88_face0.jpg,88
867_face0.jpg,867
867_face1.jpg,867
864_face0.jpg,864
860_face0.jpg,860
858_face0.jpg,858
844_face0.jpg,844
844_face1.jpg,844
821_face0.jpg,821
794_face0.jpg,794
794_face1.jpg,794
792_face0.jpg,792
789_face0.jpg,789
734_face0.jpg,734
732_face0.jpg,732
732_face1.jpg,732
732_face2.jpg,732
706_face0.jpg,706
706_face1.jpg,706
700_face0.jpg,700
700_face1.jpg,700
697_face0.jpg,697
697_face1.jpg,697
696_face0.jpg,696
690_face0.jpg,690
690_face1.jpg,690
690_face2.jpg,690
671_face0.jpg,671
671_face1.jpg,671
667_face0.jpg,667
667_face1.jpg,667
659_face0.jpg,659
659_face1.jpg,659
657_face0.jpg,657
657_face1.jpg,657
657_face2.jpg,657
657_face3.jpg,657
655_face0.jpg,655
648_face0.jpg,648
620_face0.jpg,620
620_face1.jpg,620
62_face0.jpg,62
612_face0.jpg,612
612_face1.jpg,612
610_face0.jpg,610
610_face1.jpg,610
610_face2.jpg,610
610_face3.jpg,610
608_face0.jpg,608
601_face0.jpg,601
555_face0.jpg,555
555_face1.jpg,555
541_face0.jpg,541
541_face1.jpg,541
536_face0.jpg,536
536_face1.jpg,536
535_face0.jpg,535
509_face0.jpg,509
494_face0.jpg,494
494_face1.jpg,494
487_face0.jpg,487
480_face0.jpg,480
480_face1.jpg,480
474_face0.jpg,474
467_face0.jpg,467
467_face1.jpg,467
467_face2.jpg,467
464_face0.jpg,464
464_face1.jpg,464
451_face0.jpg,451
449_face0.jpg,449
449_face1.jpg,449
439_face0.jpg,439
435_face0.jpg,435
435_face1.jpg,435
434_face0.jpg,434
434_face1.jpg,434
434_face2.jpg,434
433_face0.jpg,433
433_face1.jpg,433
427_face0.jpg,427
420_face0.jpg,420
420_face1.jpg,420
420_face2.jpg,420
417_face0.jpg,417
417_face1.jpg,417
411_face0.jpg,411
411_face1.jpg,411
411_face2.jpg,411
402_face0.jpg,402
391_face0.jpg,391
390_face0.jpg,390
390_face1.jpg,390
381_face0.jpg,381
381_face1.jpg,381
377_face0.jpg,377
368_face0.jpg,368
356_face0.jpg,356
346_face0.jpg,346
334_face0.jpg,334
334_face1.jpg,334
332_face0.jpg,332
332_face1.jpg,332
318_face0.jpg,318
303_face0.jpg,303
288_face0.jpg,288
271_face0.jpg,271
24_face0.jpg,24
17_face0.jpg,17
17_face1.jpg,17
133_face0.jpg,133
12_face0.jpg,12
116_face0.jpg,116
1018_face0.jpg,1018
1007_face0.jpg,1007
99_face0.jpg,99
99_face1.jpg,99
99_face2.jpg,99
966_face0.jpg,966
95_face0.jpg,95
940_face0.jpg,940
940_face1.jpg,940
940_face2.jpg,940
940_face3.jpg,940
940_face4.jpg,940
940_face5.jpg,940
936_face0.jpg,936
936_face1.jpg,936
936_face2.jpg,936
936_face3.jpg,936
936_face4.jpg,936
933_face0.jpg,933
933_face1.jpg,933
933_face2.jpg,933
933_face3.jpg,933
933_face4.jpg,933
915_face0.jpg,915
902_face0.jpg,902
902_face1.jpg,902
899_face0.jpg,899
899_face1.jpg,899
894_face0.jpg,894
894_face1.jpg,894
894_face2.jpg,894
83_face0.jpg,83
777_face0.jpg,777
777_face1.jpg,777
754_face0.jpg,754
754_face1.jpg,754
751_face0.jpg,751
743_face0.jpg,743
704_face0.jpg,704
704_face1.jpg,704
702_face0.jpg,702
702_face1.jpg,702
70_face0.jpg,70
70_face1.jpg,70
696_face0.jpg,696
696_face1.jpg,696
696_face2.jpg,696
682_face0.jpg,682
679_face0.jpg,679
673_face0.jpg,673
665_face0.jpg,665
665_face1.jpg,665
650_face0.jpg,650
650_face1.jpg,650
650_face2.jpg,650
650_face3.jpg,650
65_face0.jpg,65
65_face1.jpg,65
65_face2.jpg,65
640_face0.jpg,640
64_face0.jpg,64
639_face0.jpg,639
639_face1.jpg,639
639_face2.jpg,639
630_face0.jpg,630
627_face0.jpg,627
625_face0.jpg,625
622_face0.jpg,622
622_face1.jpg,622
622_face2.jpg,622
621_face0.jpg,621
619_face0.jpg,619
614_face0.jpg,614
593_face0.jpg,593
593_face1.jpg,593
59_face0.jpg,59
579_face0.jpg,579
579_face1.jpg,579
579_face2.jpg,579
579_face3.jpg,579
579_face4.jpg,579
576_face0.jpg,576
574_face0.jpg,574
574_face1.jpg,574
574_face2.jpg,574
574_face3.jpg,574
574_face4.jpg,574
570_face0.jpg,570
56_face0.jpg,56
544_face0.jpg,544
527_face0.jpg,527
521_face0.jpg,521
520_face0.jpg,520
520_face1.jpg,520
519_face0.jpg,519
497_face0.jpg,497
497_face1.jpg,497
497_face2.jpg,497
497_face3.jpg,497
491_face0.jpg,491
482_face0.jpg,482
470_face0.jpg,470
469_face0.jpg,469
463_face0.jpg,463
463_face1.jpg,463
463_face2.jpg,463
450_face0.jpg,450
445_face0.jpg,445
441_face0.jpg,441
435_face0.jpg,435
435_face1.jpg,435
433_face0.jpg,433
431_face0.jpg,431
429_face0.jpg,429
429_face1.jpg,429
428_face0.jpg,428
428_face1.jpg,428
40_face0.jpg,40
40_face1.jpg,40
382_face0.jpg,382
37_face0.jpg,37
362_face0.jpg,362
353_face0.jpg,353
353_face1.jpg,353
353_face2.jpg,353
353_face3.jpg,353
338_face0.jpg,338
333_face0.jpg,333
33_face0.jpg,33
33_face1.jpg,33
312_face0.jpg,312
312_face1.jpg,312
31_face0.jpg,31
30_face0.jpg,30
30_face1.jpg,30
294_face0.jpg,294
294_face1.jpg,294
294_face2.jpg,294
200_face0.jpg,200
197_face0.jpg,197
197_face1.jpg,197
197_face2.jpg,197
184_face0.jpg,184
16_face0.jpg,16
150_face0.jpg,150
150_face1.jpg,150
107_face0.jpg,107
1055_face0.jpg,1055
1040_face0.jpg,1040
1040_face1.jpg,1040
1038_face0.jpg,1038
1022_face0.jpg,1022
884_face0.jpg,884
884_face1.jpg,884
884_face2.jpg,884
884_face3.jpg,884
864_face0.jpg,864
859_face0.jpg,859
841_face0.jpg,841
830_face0.jpg,830
829_face0.jpg,829
827_face0.jpg,827
795_face0.jpg,795
782_face0.jpg,782
776_face0.jpg,776
767_face0.jpg,767
765_face0.jpg,765
763_face0.jpg,763
762_face0.jpg,762
762_face1.jpg,762
756_face0.jpg,756
752_face0.jpg,752
717_face0.jpg,717
717_face1.jpg,717
716_face0.jpg,716
714_face0.jpg,714
714_face1.jpg,714
687_face0.jpg,687
670_face0.jpg,670
661_face0.jpg,661
640_face0.jpg,640
640_face1.jpg,640
639_face0.jpg,639
638_face0.jpg,638
637_face0.jpg,637
637_face1.jpg,637
637_face2.jpg,637
628_face0.jpg,628
628_face1.jpg,628
628_face2.jpg,628
628_face3.jpg,628
628_face4.jpg,628
628_face5.jpg,628
628_face6.jpg,628
628_face7.jpg,628
623_face0.jpg,623
622_face0.jpg,622
622_face1.jpg,622
612_face0.jpg,612
606_face0.jpg,606
605_face0.jpg,605
604_face0.jpg,604
601_face0.jpg,601
601_face1.jpg,601
601_face2.jpg,601
601_face3.jpg,601
600_face0.jpg,600
599_face0.jpg,599
599_face1.jpg,599
598_face0.jpg,598
598_face1.jpg,598
590_face0.jpg,590
589_face0.jpg,589
587_face0.jpg,587
585_face0.jpg,585
584_face0.jpg,584
582_face0.jpg,582
578_face0.jpg,578
576_face0.jpg,576
556_face0.jpg,556
550_face0.jpg,550
543_face0.jpg,543
543_face1.jpg,543
543_face2.jpg,543
533_face0.jpg,533
533_face1.jpg,533
524_face0.jpg,524
524_face1.jpg,524
524_face2.jpg,524
512_face0.jpg,512
509_face0.jpg,509
509_face1.jpg,509
505_face0.jpg,505
503_face0.jpg,503
503_face1.jpg,503
496_face0.jpg,496
49_face0.jpg,49
489_face0.jpg,489
489_face1.jpg,489
489_face2.jpg,489
489_face3.jpg,489
489_face4.jpg,489
489_face5.jpg,489
48_face0.jpg,48
475_face0.jpg,475
475_face1.jpg,475
425_face0.jpg,425
425_face1.jpg,425
404_face0.jpg,404
390_face0.jpg,390
390_face1.jpg,390
372_face0.jpg,372
366_face0.jpg,366
346_face0.jpg,346
346_face1.jpg,346
341_face0.jpg,341
335_face0.jpg,335
335_face1.jpg,335
335_face2.jpg,335
335_face3.jpg,335
275_face0.jpg,275
267_face0.jpg,267
267_face1.jpg,267
253_face0.jpg,253
244_face0.jpg,244
241_face0.jpg,241
240_face0.jpg,240
239_face0.jpg,239
236_face0.jpg,236
236_face1.jpg,236
230_face0.jpg,230
223_face0.jpg,223
222_face0.jpg,222
222_face1.jpg,222
201_face0.jpg,201
201_face1.jpg,201
200_face0.jpg,200
196_face0.jpg,196
196_face1.jpg,196
17_face0.jpg,17
1371_face0.jpg,1371
1360_face0.jpg,1360
1320_face0.jpg,1320
1265_face0.jpg,1265
1265_face1.jpg,1265
1252_face0.jpg,1252
1252_face1.jpg,1252
1219_face0.jpg,1219
1213_face0.jpg,1213
1213_face1.jpg,1213
1192_face0.jpg,1192
1183_face0.jpg,1183
1183_face1.jpg,1183
1130_face0.jpg,1130
1123_face0.jpg,1123
103_face0.jpg,103
1026_face0.jpg,1026
1026_face1.jpg,1026
1015_face0.jpg,1015
1015_face1.jpg,1015
10_face0.jpg,10
959_face0.jpg,959
951_face0.jpg,951
937_face0.jpg,937
933_face0.jpg,933
925_face0.jpg,925
925_face1.jpg,925
925_face2.jpg,925
925_face3.jpg,925
924_face0.jpg,924
911_face0.jpg,911
891_face0.jpg,891
891_face1.jpg,891
890_face0.jpg,890
890_face1.jpg,890
888_face0.jpg,888
882_face0.jpg,882
882_face1.jpg,882
882_face2.jpg,882
866_face0.jpg,866
866_face1.jpg,866
866_face2.jpg,866
837_face0.jpg,837
830_face0.jpg,830
830_face1.jpg,830
816_face0.jpg,816
805_face0.jpg,805
801_face0.jpg,801
801_face1.jpg,801
769_face0.jpg,769
762_face0.jpg,762
746_face0.jpg,746
746_face1.jpg,746
745_face0.jpg,745
742_face0.jpg,742
742_face1.jpg,742
739_face0.jpg,739
739_face1.jpg,739
737_face0.jpg,737
732_face0.jpg,732
728_face0.jpg,728
728_face1.jpg,728
727_face0.jpg,727
725_face0.jpg,725
724_face0.jpg,724
724_face1.jpg,724
719_face0.jpg,719
698_face0.jpg,698
697_face0.jpg,697
676_face0.jpg,676
660_face0.jpg,660
660_face1.jpg,660
660_face2.jpg,660
660_face3.jpg,660
660_face4.jpg,660
660_face5.jpg,660
657_face0.jpg,657
657_face1.jpg,657
652_face0.jpg,652
652_face1.jpg,652
649_face0.jpg,649
648_face0.jpg,648
642_face0.jpg,642
630_face0.jpg,630
630_face1.jpg,630
630_face2.jpg,630
630_face3.jpg,630
630_face4.jpg,630
630_face5.jpg,630
592_face0.jpg,592
587_face0.jpg,587
585_face0.jpg,585
585_face1.jpg,585
58_face0.jpg,58
569_face0.jpg,569
560_face0.jpg,560
560_face1.jpg,560
560_face2.jpg,560
560_face3.jpg,560
560_face4.jpg,560
560_face5.jpg,560
560_face6.jpg,560
557_face0.jpg,557
552_face0.jpg,552
550_face0.jpg,550
548_face0.jpg,548
548_face1.jpg,548
538_face0.jpg,538
538_face1.jpg,538
533_face0.jpg,533
530_face0.jpg,530
525_face0.jpg,525
525_face1.jpg,525
517_face0.jpg,517
512_face0.jpg,512
512_face1.jpg,512
512_face2.jpg,512
512_face3.jpg,512
511_face0.jpg,511
511_face1.jpg,511
5_face0.jpg,5
495_face0.jpg,495
493_face0.jpg,493
479_face0.jpg,479
470_face0.jpg,470
470_face1.jpg,470
470_face2.jpg,470
470_face3.jpg,470
470_face4.jpg,470
470_face5.jpg,470
464_face0.jpg,464
464_face1.jpg,464
464_face2.jpg,464
464_face3.jpg,464
462_face0.jpg,462
46_face0.jpg,46
46_face1.jpg,46
46_face2.jpg,46
458_face0.jpg,458
451_face0.jpg,451
447_face0.jpg,447
445_face0.jpg,445
432_face0.jpg,432
432_face1.jpg,432
428_face0.jpg,428
428_face1.jpg,428
428_face2.jpg,428
428_face3.jpg,428
427_face0.jpg,427
415_face0.jpg,415
41_face0.jpg,41
41_face1.jpg,41
41_face2.jpg,41
406_face0.jpg,406
386_face0.jpg,386
372_face0.jpg,372
372_face1.jpg,372
370_face0.jpg,370
37_face0.jpg,37
37_face1.jpg,37
351_face0.jpg,351
347_face0.jpg,347
34_face0.jpg,34
34_face1.jpg,34
333_face0.jpg,333
33_face0.jpg,33
33_face1.jpg,33
33_face2.jpg,33
325_face0.jpg,325
321_face0.jpg,321
321_face1.jpg,321
291_face0.jpg,291
251_face0.jpg,251
237_face0.jpg,237
224_face0.jpg,224
224_face1.jpg,224
224_face2.jpg,224
220_face0.jpg,220
218_face0.jpg,218
218_face1.jpg,218
218_face2.jpg,218
206_face0.jpg,206
199_face0.jpg,199
193_face0.jpg,193
193_face1.jpg,193
174_face0.jpg,174
171_face0.jpg,171
171_face1.jpg,171
171_face2.jpg,171
155_face0.jpg,155
149_face0.jpg,149
147_face0.jpg,147
137_face0.jpg,137
133_face0.jpg,133
133_face1.jpg,133
133_face2.jpg,133
133_face3.jpg,133
13_face0.jpg,13
122_face0.jpg,122
122_face1.jpg,122
121_face0.jpg,121
121_face1.jpg,121
121_face2.jpg,121
121_face3.jpg,121
117_face0.jpg,117
114_face0.jpg,114
1115_face0.jpg,1115
1114_face0.jpg,1114
1101_face0.jpg,1101
1072_face0.jpg,1072
1055_face0.jpg,1055
105_face0.jpg,105
1035_face0.jpg,1035
1035_face1.jpg,1035
1035_face2.jpg,1035
1035_face3.jpg,1035
1028_face0.jpg,1028
1022_face0.jpg,1022
983_face0.jpg,983
972_face0.jpg,972
967_face0.jpg,967
935_face0.jpg,935
922_face0.jpg,922
884_face0.jpg,884
884_face1.jpg,884
884_face2.jpg,884
846_face0.jpg,846
840_face0.jpg,840
837_face0.jpg,837
822_face0.jpg,822
818_face0.jpg,818
817_face0.jpg,817
815_face0.jpg,815
814_face0.jpg,814
791_face0.jpg,791
782_face0.jpg,782
779_face0.jpg,779
773_face0.jpg,773
768_face0.jpg,768
740_face0.jpg,740
731_face0.jpg,731
731_face1.jpg,731
728_face0.jpg,728
726_face0.jpg,726
726_face1.jpg,726
726_face2.jpg,726
717_face0.jpg,717
708_face0.jpg,708
690_face0.jpg,690
689_face0.jpg,689
689_face1.jpg,689
689_face2.jpg,689
689_face3.jpg,689
689_face4.jpg,689
680_face0.jpg,680
680_face1.jpg,680
664_face0.jpg,664
654_face0.jpg,654
634_face0.jpg,634
634_face1.jpg,634
633_face0.jpg,633
630_face0.jpg,630
627_face0.jpg,627
624_face0.jpg,624
601_face0.jpg,601
594_face0.jpg,594
584_face0.jpg,584
576_face0.jpg,576
570_face0.jpg,570
570_face1.jpg,570
570_face2.jpg,570
570_face3.jpg,570
568_face0.jpg,568
568_face1.jpg,568
568_face2.jpg,568
567_face0.jpg,567
560_face0.jpg,560
560_face1.jpg,560
560_face2.jpg,560
560_face3.jpg,560
552_face0.jpg,552
539_face0.jpg,539
539_face1.jpg,539
537_face0.jpg,537
535_face0.jpg,535
527_face0.jpg,527
527_face1.jpg,527
527_face2.jpg,527
525_face0.jpg,525
520_face0.jpg,520
520_face1.jpg,520
520_face2.jpg,520
508_face0.jpg,508
500_face0.jpg,500
491_face0.jpg,491
491_face1.jpg,491
490_face0.jpg,490
490_face1.jpg,490
481_face0.jpg,481
474_face0.jpg,474
470_face0.jpg,470
459_face0.jpg,459
434_face0.jpg,434
434_face1.jpg,434
434_face2.jpg,434
434_face3.jpg,434
434_face4.jpg,434
434_face5.jpg,434
434_face6.jpg,434
433_face0.jpg,433
433_face1.jpg,433
433_face2.jpg,433
432_face0.jpg,432
432_face1.jpg,432
432_face2.jpg,432
431_face0.jpg,431
431_face1.jpg,431
431_face2.jpg,431
431_face3.jpg,431
431_face4.jpg,431
417_face0.jpg,417
417_face1.jpg,417
417_face2.jpg,417
417_face3.jpg,417
400_face0.jpg,400
400_face1.jpg,400
390_face0.jpg,390
390_face1.jpg,390
390_face2.jpg,390
390_face3.jpg,390
390_face4.jpg,390
387_face0.jpg,387
387_face1.jpg,387
385_face0.jpg,385
368_face0.jpg,368
358_face0.jpg,358
351_face0.jpg,351
347_face0.jpg,347
306_face0.jpg,306
303_face0.jpg,303
294_face0.jpg,294
290_face0.jpg,290
290_face1.jpg,290
288_face0.jpg,288
284_face0.jpg,284
241_face0.jpg,241
240_face0.jpg,240
236_face0.jpg,236
219_face0.jpg,219
209_face0.jpg,209
209_face1.jpg,209
209_face2.jpg,209
209_face3.jpg,209
200_face0.jpg,200
195_face0.jpg,195
185_face0.jpg,185
183_face0.jpg,183
1169_face0.jpg,1169
1149_face0.jpg,1149
1122_face0.jpg,1122
1088_face0.jpg,1088
1087_face0.jpg,1087
1087_face1.jpg,1087
7_face0.jpg,7
10_face0.jpg,10
82_face0.jpg,82
698_face0.jpg,698
588_face0.jpg,588
547_face0.jpg,547
534_face0.jpg,534
534_face1.jpg,534
534_face2.jpg,534
534_face3.jpg,534
534_face4.jpg,534
534_face5.jpg,534
532_face0.jpg,532
532_face1.jpg,532
532_face2.jpg,532
532_face3.jpg,532
532_face4.jpg,532
496_face0.jpg,496
490_face0.jpg,490
475_face0.jpg,475
458_face0.jpg,458
457_face0.jpg,457
369_face0.jpg,369
369_face1.jpg,369
369_face2.jpg,369
346_face0.jpg,346
346_face1.jpg,346
346_face2.jpg,346
336_face0.jpg,336
336_face1.jpg,336
331_face0.jpg,331
331_face1.jpg,331
327_face0.jpg,327
326_face0.jpg,326
230_face0.jpg,230
230_face1.jpg,230
230_face2.jpg,230
230_face3.jpg,230
226_face0.jpg,226
226_face1.jpg,226
226_face2.jpg,226
226_face3.jpg,226
176_face0.jpg,176
158_face0.jpg,158
151_face0.jpg,151
136_face0.jpg,136
7_face0.jpg,7
52_face0.jpg,52
899_face0.jpg,899
896_face0.jpg,896
893_face0.jpg,893
893_face1.jpg,893
881_face0.jpg,881
881_face1.jpg,881
881_face2.jpg,881
881_face3.jpg,881
881_face4.jpg,881
874_face0.jpg,874
874_face1.jpg,874
872_face0.jpg,872
872_face1.jpg,872
872_face2.jpg,872
850_face0.jpg,850
84_face0.jpg,84
786_face0.jpg,786
776_face0.jpg,776
745_face0.jpg,745
745_face1.jpg,745
735_face0.jpg,735
73_face0.jpg,73
697_face0.jpg,697
696_face0.jpg,696
648_face0.jpg,648
648_face1.jpg,648
638_face0.jpg,638
635_face0.jpg,635
633_face0.jpg,633
624_face0.jpg,624
624_face1.jpg,624
624_face2.jpg,624
601_face0.jpg,601
594_face0.jpg,594
580_face0.jpg,580
58_face0.jpg,58
58_face1.jpg,58
58_face2.jpg,58
578_face0.jpg,578
570_face0.jpg,570
565_face0.jpg,565
559_face0.jpg,559
558_face0.jpg,558
556_face0.jpg,556
550_face0.jpg,550
544_face0.jpg,544
543_face0.jpg,543
539_face0.jpg,539
537_face0.jpg,537
537_face1.jpg,537
530_face0.jpg,530
530_face1.jpg,530
52_face0.jpg,52
474_face0.jpg,474
471_face0.jpg,471
465_face0.jpg,465
459_face0.jpg,459
459_face1.jpg,459
457_face0.jpg,457
439_face0.jpg,439
439_face1.jpg,439
439_face2.jpg,439
439_face3.jpg,439
439_face4.jpg,439
426_face0.jpg,426
426_face1.jpg,426
425_face0.jpg,425
425_face1.jpg,425
399_face0.jpg,399
394_face0.jpg,394
380_face0.jpg,380
374_face0.jpg,374
374_face1.jpg,374
371_face0.jpg,371
371_face1.jpg,371
371_face2.jpg,371
371_face3.jpg,371
369_face0.jpg,369
369_face1.jpg,369
369_face2.jpg,369
369_face3.jpg,369
361_face0.jpg,361
361_face1.jpg,361
361_face2.jpg,361
361_face3.jpg,361
358_face0.jpg,358
358_face1.jpg,358
358_face2.jpg,358
273_face0.jpg,273
240_face0.jpg,240
240_face1.jpg,240
240_face2.jpg,240
240_face3.jpg,240
240_face4.jpg,240
240_face5.jpg,240
205_face0.jpg,205
205_face1.jpg,205
205_face2.jpg,205
205_face3.jpg,205
981_face0.jpg,981
962_face0.jpg,962
961_face0.jpg,961
932_face0.jpg,932
932_face1.jpg,932
932_face2.jpg,932
932_face3.jpg,932
932_face4.jpg,932
931_face0.jpg,931
913_face0.jpg,913
877_face0.jpg,877
852_face0.jpg,852
852_face1.jpg,852
849_face0.jpg,849
829_face0.jpg,829
825_face0.jpg,825
80_face0.jpg,80
80_face1.jpg,80
707_face0.jpg,707
707_face1.jpg,707
706_face0.jpg,706
706_face1.jpg,706
642_face0.jpg,642
624_face0.jpg,624
622_face0.jpg,622
622_face1.jpg,622
622_face2.jpg,622
622_face3.jpg,622
622_face4.jpg,622
532_face0.jpg,532
412_face0.jpg,412
409_face0.jpg,409
409_face1.jpg,409
409_face2.jpg,409
409_face3.jpg,409
409_face4.jpg,409
407_face0.jpg,407
407_face1.jpg,407
407_face2.jpg,407
407_face3.jpg,407
407_face4.jpg,407
396_face0.jpg,396
396_face1.jpg,396
389_face0.jpg,389
386_face0.jpg,386
386_face1.jpg,386
386_face2.jpg,386
376_face0.jpg,376
376_face1.jpg,376
332_face0.jpg,332
332_face1.jpg,332
327_face0.jpg,327
314_face0.jpg,314
297_face0.jpg,297
269_face0.jpg,269
252_face0.jpg,252
218_face0.jpg,218
218_face1.jpg,218
218_face2.jpg,218
143_face0.jpg,143
109_face0.jpg,109
97_face0.jpg,97
97_face1.jpg,97
97_face2.jpg,97
710_face0.jpg,710
710_face1.jpg,710
665_face0.jpg,665
662_face0.jpg,662
662_face1.jpg,662
662_face2.jpg,662
662_face3.jpg,662
628_face0.jpg,628
594_face0.jpg,594
594_face1.jpg,594
563_face0.jpg,563
560_face0.jpg,560
545_face0.jpg,545
531_face0.jpg,531
531_face1.jpg,531
530_face0.jpg,530
530_face1.jpg,530
529_face0.jpg,529
515_face0.jpg,515
510_face0.jpg,510
510_face1.jpg,510
506_face0.jpg,506
491_face0.jpg,491
484_face0.jpg,484
479_face0.jpg,479
476_face0.jpg,476
46_face0.jpg,46
452_face0.jpg,452
447_face0.jpg,447
435_face0.jpg,435
427_face0.jpg,427
427_face1.jpg,427
427_face2.jpg,427
336_face0.jpg,336
336_face1.jpg,336
336_face2.jpg,336
333_face0.jpg,333
333_face1.jpg,333
310_face0.jpg,310
278_face0.jpg,278
278_face1.jpg,278
278_face2.jpg,278
278_face3.jpg,278
278_face4.jpg,278
278_face5.jpg,278
277_face0.jpg,277
277_face1.jpg,277
725_face0.jpg,725
725_face1.jpg,725
725_face2.jpg,725
725_face3.jpg,725
720_face0.jpg,720
714_face0.jpg,714
682_face0.jpg,682
681_face0.jpg,681
653_face0.jpg,653
653_face1.jpg,653
653_face2.jpg,653
653_face3.jpg,653
648_face0.jpg,648
648_face1.jpg,648
648_face2.jpg,648
634_face0.jpg,634
582_face0.jpg,582
563_face0.jpg,563
563_face1.jpg,563
562_face0.jpg,562
559_face0.jpg,559
545_face0.jpg,545
545_face1.jpg,545
537_face0.jpg,537
526_face0.jpg,526
526_face1.jpg,526
500_face0.jpg,500
457_face0.jpg,457
457_face1.jpg,457
457_face2.jpg,457
454_face0.jpg,454
454_face1.jpg,454
435_face0.jpg,435
42_face0.jpg,42
405_face0.jpg,405
405_face1.jpg,405
405_face2.jpg,405
405_face3.jpg,405
405_face4.jpg,405
405_face5.jpg,405
391_face0.jpg,391
318_face0.jpg,318
316_face0.jpg,316
304_face0.jpg,304
304_face1.jpg,304
228_face0.jpg,228
224_face0.jpg,224
218_face0.jpg,218
157_face0.jpg,157
107_face0.jpg,107
107_face1.jpg,107
100_face0.jpg,100
41_face0.jpg,41
41_face1.jpg,41
17_face0.jpg,17
13_face0.jpg,13
13_face1.jpg,13
88_face0.jpg,88
76_face0.jpg,76
69_face0.jpg,69
543_face0.jpg,543
543_face1.jpg,543
512_face0.jpg,512
471_face0.jpg,471
451_face0.jpg,451
423_face0.jpg,423
423_face1.jpg,423
388_face0.jpg,388
388_face1.jpg,388
341_face0.jpg,341
313_face0.jpg,313
313_face1.jpg,313
311_face0.jpg,311
282_face0.jpg,282
282_face1.jpg,282
277_face0.jpg,277
272_face0.jpg,272
247_face0.jpg,247
22_face0.jpg,22
22_face1.jpg,22
22_face2.jpg,22
177_face0.jpg,177
169_face0.jpg,169
839_face0.jpg,839
839_face1.jpg,839
797_face0.jpg,797
77_face0.jpg,77
76_face0.jpg,76
735_face0.jpg,735
735_face1.jpg,735
735_face2.jpg,735
710_face0.jpg,710
710_face1.jpg,710
710_face2.jpg,710
710_face3.jpg,710
708_face0.jpg,708
708_face1.jpg,708
708_face2.jpg,708
705_face0.jpg,705
705_face1.jpg,705
705_face2.jpg,705
696_face0.jpg,696
696_face1.jpg,696
696_face2.jpg,696
69_face0.jpg,69
69_face1.jpg,69
69_face2.jpg,69
687_face0.jpg,687
68_face0.jpg,68
673_face0.jpg,673
673_face1.jpg,673
673_face2.jpg,673
670_face0.jpg,670
670_face1.jpg,670
65_face0.jpg,65
648_face0.jpg,648
648_face1.jpg,648
618_face0.jpg,618
618_face1.jpg,618
618_face2.jpg,618
618_face3.jpg,618
591_face0.jpg,591
590_face0.jpg,590
590_face1.jpg,590
579_face0.jpg,579
577_face0.jpg,577
572_face0.jpg,572
553_face0.jpg,553
541_face0.jpg,541
534_face0.jpg,534
534_face1.jpg,534
525_face0.jpg,525
525_face1.jpg,525
525_face2.jpg,525
525_face3.jpg,525
525_face4.jpg,525
511_face0.jpg,511
511_face1.jpg,511
501_face0.jpg,501
501_face1.jpg,501
50_face0.jpg,50
467_face0.jpg,467
466_face0.jpg,466
460_face0.jpg,460
444_face0.jpg,444
444_face1.jpg,444
436_face0.jpg,436
436_face1.jpg,436
436_face2.jpg,436
415_face0.jpg,415
403_face0.jpg,403
385_face0.jpg,385
374_face0.jpg,374
374_face1.jpg,374
363_face0.jpg,363
363_face1.jpg,363
355_face0.jpg,355
355_face1.jpg,355
352_face0.jpg,352
352_face1.jpg,352
347_face0.jpg,347
347_face1.jpg,347
307_face0.jpg,307
303_face0.jpg,303
297_face0.jpg,297
292_face0.jpg,292
290_face0.jpg,290
258_face0.jpg,258
97_face0.jpg,97
97_face1.jpg,97
94_face0.jpg,94
91_face0.jpg,91
91_face1.jpg,91
848_face0.jpg,848
848_face1.jpg,848
83_face0.jpg,83
83_face1.jpg,83
822_face0.jpg,822
78_face0.jpg,78
747_face0.jpg,747
741_face0.jpg,741
740_face0.jpg,740
737_face0.jpg,737
70_face0.jpg,70
70_face1.jpg,70
70_face2.jpg,70
70_face3.jpg,70
673_face0.jpg,673
673_face1.jpg,673
668_face0.jpg,668
668_face1.jpg,668
668_face2.jpg,668
66_face0.jpg,66
66_face1.jpg,66
653_face0.jpg,653
578_face0.jpg,578
578_face1.jpg,578
578_face2.jpg,578
533_face0.jpg,533
52_face0.jpg,52
52_face1.jpg,52
489_face0.jpg,489
489_face1.jpg,489
489_face2.jpg,489
489_face3.jpg,489
484_face0.jpg,484
467_face0.jpg,467
464_face0.jpg,464
464_face1.jpg,464
463_face0.jpg,463
461_face0.jpg,461
453_face0.jpg,453
451_face0.jpg,451
451_face1.jpg,451
451_face2.jpg,451
369_face0.jpg,369
365_face0.jpg,365
365_face1.jpg,365
28_face0.jpg,28
28_face1.jpg,28
257_face0.jpg,257
257_face1.jpg,257
257_face2.jpg,257
257_face3.jpg,257
257_face4.jpg,257
198_face0.jpg,198
188_face0.jpg,188
13_face0.jpg,13
115_face0.jpg,115
11_face0.jpg,11
11_face1.jpg,11
11_face2.jpg,11
858_face0.jpg,858
846_face0.jpg,846
720_face0.jpg,720
699_face0.jpg,699
699_face1.jpg,699
687_face0.jpg,687
662_face0.jpg,662
662_face1.jpg,662
662_face2.jpg,662
646_face0.jpg,646
599_face0.jpg,599
598_face0.jpg,598
598_face1.jpg,598
571_face0.jpg,571
568_face0.jpg,568
568_face1.jpg,568
563_face0.jpg,563
561_face0.jpg,561
561_face1.jpg,561
559_face0.jpg,559
544_face0.jpg,544
525_face0.jpg,525
524_face0.jpg,524
524_face1.jpg,524
524_face2.jpg,524
460_face0.jpg,460
460_face1.jpg,460
436_face0.jpg,436
436_face1.jpg,436
436_face2.jpg,436
436_face3.jpg,436
426_face0.jpg,426
423_face0.jpg,423
376_face0.jpg,376
361_face0.jpg,361
361_face1.jpg,361
342_face0.jpg,342
341_face0.jpg,341
341_face1.jpg,341
316_face0.jpg,316
310_face0.jpg,310
310_face1.jpg,310
307_face0.jpg,307
307_face1.jpg,307
23_face0.jpg,23
23_face1.jpg,23
23_face2.jpg,23
208_face0.jpg,208
164_face0.jpg,164
164_face1.jpg,164
164_face2.jpg,164
706_face0.jpg,706
625_face0.jpg,625
625_face1.jpg,625
620_face0.jpg,620
580_face0.jpg,580
577_face0.jpg,577
577_face1.jpg,577
577_face2.jpg,577
577_face3.jpg,577
573_face0.jpg,573
553_face0.jpg,553
542_face0.jpg,542
541_face0.jpg,541
498_face0.jpg,498
498_face1.jpg,498
485_face0.jpg,485
470_face0.jpg,470
470_face1.jpg,470
461_face0.jpg,461
461_face1.jpg,461
461_face2.jpg,461
453_face0.jpg,453
446_face0.jpg,446
440_face0.jpg,440
425_face0.jpg,425
425_face1.jpg,425
425_face2.jpg,425
420_face0.jpg,420
417_face0.jpg,417
403_face0.jpg,403
398_face0.jpg,398
395_face0.jpg,395
364_face0.jpg,364
364_face1.jpg,364
364_face2.jpg,364
364_face3.jpg,364
364_face4.jpg,364
321_face0.jpg,321
305_face0.jpg,305
305_face1.jpg,305
305_face2.jpg,305
305_face3.jpg,305
305_face4.jpg,305
304_face0.jpg,304
304_face1.jpg,304
304_face2.jpg,304
304_face3.jpg,304
304_face4.jpg,304
302_face0.jpg,302
302_face1.jpg,302
302_face2.jpg,302
302_face3.jpg,302
302_face4.jpg,302
283_face0.jpg,283
28_face0.jpg,28
277_face0.jpg,277
273_face0.jpg,273
209_face0.jpg,209
206_face0.jpg,206
188_face0.jpg,188
185_face0.jpg,185
183_face0.jpg,183
143_face0.jpg,143
143_face1.jpg,143
139_face0.jpg,139
139_face1.jpg,139
944_face0.jpg,944
940_face0.jpg,940
914_face0.jpg,914
914_face1.jpg,914
877_face0.jpg,877
877_face1.jpg,877
874_face0.jpg,874
874_face1.jpg,874
874_face2.jpg,874
857_face0.jpg,857
856_face0.jpg,856
855_face0.jpg,855
795_face0.jpg,795
793_face0.jpg,793
793_face1.jpg,793
793_face2.jpg,793
785_face0.jpg,785
755_face0.jpg,755
748_face0.jpg,748
748_face1.jpg,748
748_face2.jpg,748
748_face3.jpg,748
748_face4.jpg,748
742_face0.jpg,742
742_face1.jpg,742
742_face2.jpg,742
742_face3.jpg,742
742_face4.jpg,742
741_face0.jpg,741
741_face1.jpg,741
741_face2.jpg,741
741_face3.jpg,741
741_face4.jpg,741
741_face5.jpg,741
740_face0.jpg,740
739_face0.jpg,739
723_face0.jpg,723
706_face0.jpg,706
676_face0.jpg,676
676_face1.jpg,676
673_face0.jpg,673
672_face0.jpg,672
607_face0.jpg,607
596_face0.jpg,596
596_face1.jpg,596
592_face0.jpg,592
590_face0.jpg,590
590_face1.jpg,590
590_face2.jpg,590
590_face3.jpg,590
577_face0.jpg,577
576_face0.jpg,576
576_face1.jpg,576
557_face0.jpg,557
548_face0.jpg,548
548_face1.jpg,548
548_face2.jpg,548
548_face3.jpg,548
548_face4.jpg,548
547_face0.jpg,547
525_face0.jpg,525
51_face0.jpg,51
50_face0.jpg,50
499_face0.jpg,499
480_face0.jpg,480
480_face1.jpg,480
480_face2.jpg,480
480_face3.jpg,480
480_face4.jpg,480
48_face0.jpg,48
479_face0.jpg,479
479_face1.jpg,479
479_face2.jpg,479
477_face0.jpg,477
477_face1.jpg,477
452_face0.jpg,452
439_face0.jpg,439
439_face1.jpg,439
439_face2.jpg,439
436_face0.jpg,436
432_face0.jpg,432
419_face0.jpg,419
414_face0.jpg,414
414_face1.jpg,414
407_face0.jpg,407
407_face1.jpg,407
406_face0.jpg,406
405_face0.jpg,405
400_face0.jpg,400
399_face0.jpg,399
392_face0.jpg,392
392_face1.jpg,392
381_face0.jpg,381
381_face1.jpg,381
381_face2.jpg,381
381_face3.jpg,381
381_face4.jpg,381
369_face0.jpg,369
358_face0.jpg,358
339_face0.jpg,339
334_face0.jpg,334
327_face0.jpg,327
327_face1.jpg,327
312_face0.jpg,312
247_face0.jpg,247
23_face0.jpg,23
23_face1.jpg,23
198_face0.jpg,198
197_face0.jpg,197
152_face0.jpg,152
148_face0.jpg,148
148_face1.jpg,148
145_face0.jpg,145
144_face0.jpg,144
139_face0.jpg,139
122_face0.jpg,122
981_face0.jpg,981
959_face0.jpg,959
959_face1.jpg,959
959_face2.jpg,959
946_face0.jpg,946
946_face1.jpg,946
946_face2.jpg,946
946_face3.jpg,946
943_face0.jpg,943
943_face1.jpg,943
943_face2.jpg,943
943_face3.jpg,943
928_face0.jpg,928
928_face1.jpg,928
928_face2.jpg,928
928_face3.jpg,928
913_face0.jpg,913
908_face0.jpg,908
898_face0.jpg,898
898_face1.jpg,898
898_face2.jpg,898
896_face0.jpg,896
890_face0.jpg,890
853_face0.jpg,853
806_face0.jpg,806
747_face0.jpg,747
739_face0.jpg,739
738_face0.jpg,738
737_face0.jpg,737
703_face0.jpg,703
692_face0.jpg,692
692_face1.jpg,692
692_face2.jpg,692
692_face3.jpg,692
690_face0.jpg,690
689_face0.jpg,689
689_face1.jpg,689
689_face2.jpg,689
689_face3.jpg,689
678_face0.jpg,678
67_face0.jpg,67
668_face0.jpg,668
648_face0.jpg,648
648_face1.jpg,648
640_face0.jpg,640
636_face0.jpg,636
634_face0.jpg,634
633_face0.jpg,633
60_face0.jpg,60
597_face0.jpg,597
597_face1.jpg,597
582_face0.jpg,582
564_face0.jpg,564
556_face0.jpg,556
556_face1.jpg,556
55_face0.jpg,55
54_face0.jpg,54
54_face1.jpg,54
508_face0.jpg,508
508_face1.jpg,508
508_face2.jpg,508
5_face0.jpg,5
5_face1.jpg,5
49_face0.jpg,49
49_face1.jpg,49
489_face0.jpg,489
482_face0.jpg,482
482_face1.jpg,482
479_face0.jpg,479
479_face1.jpg,479
479_face2.jpg,479
475_face0.jpg,475
463_face0.jpg,463
463_face1.jpg,463
463_face2.jpg,463
441_face0.jpg,441
441_face1.jpg,441
439_face0.jpg,439
431_face0.jpg,431
418_face0.jpg,418
410_face0.jpg,410
410_face1.jpg,410
408_face0.jpg,408
408_face1.jpg,408
390_face0.jpg,390
383_face0.jpg,383
380_face0.jpg,380
38_face0.jpg,38
38_face1.jpg,38
38_face2.jpg,38
38_face3.jpg,38
377_face0.jpg,377
374_face0.jpg,374
374_face1.jpg,374
370_face0.jpg,370
369_face0.jpg,369
369_face1.jpg,369
369_face2.jpg,369
360_face0.jpg,360
357_face0.jpg,357
347_face0.jpg,347
345_face0.jpg,345
345_face1.jpg,345
324_face0.jpg,324
324_face1.jpg,324
323_face0.jpg,323
323_face1.jpg,323
280_face0.jpg,280
279_face0.jpg,279
278_face0.jpg,278
27_face0.jpg,27
269_face0.jpg,269
269_face1.jpg,269
267_face0.jpg,267
266_face0.jpg,266
264_face0.jpg,264
264_face1.jpg,264
264_face2.jpg,264
252_face0.jpg,252
250_face0.jpg,250
24_face0.jpg,24
219_face0.jpg,219
212_face0.jpg,212
212_face1.jpg,212
152_face0.jpg,152
152_face1.jpg,152
152_face2.jpg,152
152_face3.jpg,152
148_face0.jpg,148
148_face1.jpg,148
138_face0.jpg,138
138_face1.jpg,138
138_face2.jpg,138
135_face0.jpg,135
131_face0.jpg,131
123_face0.jpg,123
123_face1.jpg,123
120_face0.jpg,120
117_face0.jpg,117
107_face0.jpg,107
96_face0.jpg,96
932_face0.jpg,932
932_face1.jpg,932
921_face0.jpg,921
920_face0.jpg,920
919_face0.jpg,919
910_face0.jpg,910
910_face1.jpg,910
910_face2.jpg,910
910_face3.jpg,910
910_face4.jpg,910
910_face5.jpg,910
910_face6.jpg,910
910_face7.jpg,910
910_face8.jpg,910
910_face9.jpg,910
910_face10.jpg,910
9_face0.jpg,9
9_face1.jpg,9
88_face0.jpg,88
88_face1.jpg,88
88_face2.jpg,88
88_face3.jpg,88
88_face4.jpg,88
88_face5.jpg,88
88_face6.jpg,88
853_face0.jpg,853
853_face1.jpg,853
853_face2.jpg,853
853_face3.jpg,853
853_face4.jpg,853
845_face0.jpg,845
828_face0.jpg,828
824_face0.jpg,824
819_face0.jpg,819
816_face0.jpg,816
816_face1.jpg,816
805_face0.jpg,805
769_face0.jpg,769
769_face1.jpg,769
767_face0.jpg,767
739_face0.jpg,739
737_face0.jpg,737
737_face1.jpg,737
737_face2.jpg,737
737_face3.jpg,737
710_face0.jpg,710
710_face1.jpg,710
665_face0.jpg,665
659_face0.jpg,659
653_face0.jpg,653
646_face0.jpg,646
646_face1.jpg,646
61_face0.jpg,61
604_face0.jpg,604
604_face1.jpg,604
604_face2.jpg,604
604_face3.jpg,604
6_face0.jpg,6
6_face1.jpg,6
582_face0.jpg,582
575_face0.jpg,575
567_face0.jpg,567
567_face1.jpg,567
563_face0.jpg,563
562_face0.jpg,562
562_face1.jpg,562
552_face0.jpg,552
551_face0.jpg,551
547_face0.jpg,547
547_face1.jpg,547
543_face0.jpg,543
543_face1.jpg,543
53_face0.jpg,53
498_face0.jpg,498
497_face0.jpg,497
495_face0.jpg,495
487_face0.jpg,487
487_face1.jpg,487
483_face0.jpg,483
480_face0.jpg,480
473_face0.jpg,473
463_face0.jpg,463
454_face0.jpg,454
451_face0.jpg,451
446_face0.jpg,446
443_face0.jpg,443
437_face0.jpg,437
433_face0.jpg,433
424_face0.jpg,424
422_face0.jpg,422
421_face0.jpg,421
414_face0.jpg,414
414_face1.jpg,414
410_face0.jpg,410
410_face1.jpg,410
410_face2.jpg,410
407_face0.jpg,407
392_face0.jpg,392
389_face0.jpg,389
383_face0.jpg,383
377_face0.jpg,377
377_face1.jpg,377
374_face0.jpg,374
374_face1.jpg,374
374_face2.jpg,374
374_face3.jpg,374
37_face0.jpg,37
37_face1.jpg,37
37_face2.jpg,37
366_face0.jpg,366
345_face0.jpg,345
33_face0.jpg,33
33_face1.jpg,33
33_face2.jpg,33
327_face0.jpg,327
326_face0.jpg,326
326_face1.jpg,326
297_face0.jpg,297
294_face0.jpg,294
292_face0.jpg,292
288_face0.jpg,288
288_face1.jpg,288
288_face2.jpg,288
256_face0.jpg,256
25_face0.jpg,25
25_face1.jpg,25
25_face2.jpg,25
25_face3.jpg,25
25_face4.jpg,25
249_face0.jpg,249
185_face0.jpg,185
17_face0.jpg,17
120_face0.jpg,120
120_face1.jpg,120
120_face2.jpg,120
120_face3.jpg,120
106_face0.jpg,106
927_face0.jpg,927
922_face0.jpg,922
920_face0.jpg,920
920_face1.jpg,920
920_face2.jpg,920
901_face0.jpg,901
901_face1.jpg,901
892_face0.jpg,892
892_face1.jpg,892
886_face0.jpg,886
886_face1.jpg,886
886_face2.jpg,886
84_face0.jpg,84
823_face0.jpg,823
823_face1.jpg,823
823_face2.jpg,823
794_face0.jpg,794
790_face0.jpg,790
790_face1.jpg,790
790_face2.jpg,790
790_face3.jpg,790
765_face0.jpg,765
765_face1.jpg,765
757_face0.jpg,757
749_face0.jpg,749
749_face1.jpg,749
749_face2.jpg,749
743_face0.jpg,743
743_face1.jpg,743
742_face0.jpg,742
742_face1.jpg,742
738_face0.jpg,738
738_face1.jpg,738
718_face0.jpg,718
705_face0.jpg,705
705_face1.jpg,705
702_face0.jpg,702
696_face0.jpg,696
68_face0.jpg,68
68_face1.jpg,68
671_face0.jpg,671
671_face1.jpg,671
660_face0.jpg,660
660_face1.jpg,660
651_face0.jpg,651
475_face0.jpg,475
475_face1.jpg,475
474_face0.jpg,474
473_face0.jpg,473
473_face1.jpg,473
458_face0.jpg,458
458_face1.jpg,458
457_face0.jpg,457
457_face1.jpg,457
445_face0.jpg,445
441_face0.jpg,441
439_face0.jpg,439
437_face0.jpg,437
427_face0.jpg,427
424_face0.jpg,424
424_face1.jpg,424
410_face0.jpg,410
410_face1.jpg,410
404_face0.jpg,404
404_face1.jpg,404
398_face0.jpg,398
398_face1.jpg,398
392_face0.jpg,392
392_face1.jpg,392
39_face0.jpg,39
39_face1.jpg,39
388_face0.jpg,388
377_face0.jpg,377
377_face1.jpg,377
377_face2.jpg,377
373_face0.jpg,373
369_face0.jpg,369
361_face0.jpg,361
360_face0.jpg,360
351_face0.jpg,351
